transaction_id,customer_id,transaction_date,product,category,quantity,unit_price,total_amount,payment_method
1001,1,2025-01-20,Laptop,Electronics,1,55000.00,55000.00,UPI
1002,2,2025-01-25,Headphones,Electronics,2,2500.00,5000.00,Card
1003,3,2025-02-10,Smartphone,Electronics,1,30000.00,30000.00,UPI
1004,1,2025-02-15,Keyboard,Accessories,1,1800.00,1800.00,Card
1005,4,2025-02-25,Monitor,Electronics,1,12000.00,12000.00,UPI
1006,5,2025-03-05,Shoes,Fashion,2,2500.00,5000.00,Cash
1007,6,2025-03-18,Backpack,Fashion,1,2200.00,2200.00,UPI
1008,7,2025-03-28,Smartwatch,Electronics,1,7000.00,7000.00,Card
1009,2,2025-04-05,Mouse,Accessories,2,900.00,1800.00,UPI
1010,8,2025-04-15,Tablet,Electronics,1,22000.00,22000.00,Card
1011,9,2025-04-25,T-Shirt,Fashion,3,800.00,2400.00,UPI
1012,10,2025-05-10,Laptop,Electronics,1,60000.00,60000.00,Card
1013,3,2025-05-20,Shoes,Fashion,1,3500.00,3500.00,UPI
1014,11,2025-06-02,Monitor,Electronics,1,15000.00,15000.00,UPI
1015,12,2025-06-15,Headphones,Electronics,1,3000.00,3000.00,Card
1016,1,2025-06-25,Smartphone,Electronics,1,28000.00,28000.00,UPI
1017,13,2025-07-05,Keyboard,Accessories,2,1500.00,3000.00,Card
1018,14,2025-07-18,Dress,Fashion,2,1800.00,3600.00,UPI
1019,15,2025-08-01,Laptop,Electronics,1,52000.00,52000.00,Card
1020,7,2025-08-15,Mouse,Accessories,1,1000.00,1000.00,UPI
1021,16,2025-09-01,Smartwatch,Electronics,1,6500.00,6500.00,UPI
1022,17,2025-09-12,T-Shirt,Fashion,2,900.00,1800.00,Cash
1023,18,2025-09-25,Tablet,Electronics,1,20000.00,20000.00,Card
1024,19,2025-10-05,Shoes,Fashion,1,4000.00,4000.00,UPI
1025,20,2025-10-20,Backpack,Fashion,2,2000.00,4000.00,UPI
1026,4,2025-11-02,Headphones,Electronics,1,2800.00,2800.00,Card
1027,5,2025-11-15,Smartphone,Electronics,1,32000.00,32000.00,UPI
1028,9,2025-11-25,Keyboard,Accessories,1,2000.00,2000.00,Card
1029,13,2025-12-05,Monitor,Electronics,1,14000.00,14000.00,UPI
1030,1,2025-12-20,Headphones,Electronics,1,3500.00,3500.00,Card
1031,1,2025-01-23,Smartphone,Electronics,2,30000.00,60000.00,Card
1032,2,2025-02-10,Headphones,Electronics,3,2500.00,7500.00,Cash
1033,3,2025-03-16,Monitor,Electronics,1,12000.00,12000.00,"Net Banking"
1034,4,2025-04-11,Keyboard,Accessories,2,1800.00,3600.00,UPI
1035,5,2025-05-06,Mouse,Accessories,3,900.00,2700.00,Card
1036,6,2025-05-29,Smartwatch,Electronics,1,7000.00,7000.00,Cash
1037,7,2025-06-24,Tablet,Electronics,2,22000.00,44000.00,"Net Banking"
1038,8,2025-07-21,Laptop,Electronics,3,55000.00,165000.00,UPI
1039,9,2025-08-15,Smartphone,Electronics,1,30000.00,30000.00,Card
1040,10,2025-09-10,Headphones,Electronics,2,2500.00,5000.00,Cash
1041,11,2025-10-05,Monitor,Electronics,3,12000.00,36000.00,"Net Banking"
1042,12,2025-11-04,Keyboard,Accessories,1,1800.00,1800.00,UPI
1043,13,2025-12-04,Mouse,Accessories,2,900.00,1800.00,Card
1044,14,2026-01-03,Smartwatch,Electronics,3,7000.00,21000.00,Cash
1045,15,2026-02-02,Tablet,Electronics,1,22000.00,22000.00,"Net Banking"
1046,16,2026-03-06,Laptop,Electronics,2,55000.00,110000.00,UPI
1047,17,2026-04-03,Smartphone,Electronics,3,30000.00,90000.00,Card
1048,18,2026-05-04,Headphones,Electronics,1,2500.00,2500.00,Cash
1049,19,2026-06-05,Monitor,Electronics,2,12000.00,24000.00,"Net Banking"
1050,20,2026-07-05,Keyboard,Accessories,3,1800.00,5400.00,UPI
1051,21,2024-10-21,Mouse,Accessories,1,900.00,900.00,Card
1052,22,2024-11-04,Smartwatch,Electronics,2,7000.00,14000.00,Cash
1053,23,2024-11-18,Tablet,Electronics,3,22000.00,66000.00,"Net Banking"
1054,24,2024-12-02,Laptop,Electronics,1,55000.00,55000.00,UPI
1055,25,2024-12-16,Smartphone,Electronics,2,30000.00,60000.00,Card
1056,26,2024-12-30,Headphones,Electronics,3,2500.00,7500.00,Cash
1057,27,2025-01-13,Monitor,Electronics,1,12000.00,12000.00,"Net Banking"
1058,28,2025-01-27,Keyboard,Accessories,2,1800.00,3600.00,UPI
1059,29,2025-02-10,Mouse,Accessories,3,900.00,2700.00,Card
1060,30,2025-02-24,Smartwatch,Electronics,1,7000.00,7000.00,Cash
1061,31,2025-03-10,Tablet,Electronics,2,22000.00,44000.00,"Net Banking"
1062,32,2025-03-24,Laptop,Electronics,3,55000.00,165000.00,UPI
1063,33,2025-04-07,Smartphone,Electronics,1,30000.00,30000.00,Card
1064,34,2025-04-21,Headphones,Electronics,2,2500.00,5000.00,Cash
1065,35,2025-05-05,Monitor,Electronics,3,12000.00,36000.00,"Net Banking"
1066,36,2025-05-19,Keyboard,Accessories,1,1800.00,1800.00,UPI
1067,37,2025-06-02,Mouse,Accessories,2,900.00,1800.00,Card
1068,38,2025-06-16,Smartwatch,Electronics,3,7000.00,21000.00,Cash
1069,39,2025-06-30,Tablet,Electronics,1,22000.00,22000.00,"Net Banking"
1070,40,2025-07-14,Laptop,Electronics,2,55000.00,110000.00,UPI
1071,41,2025-07-28,Smartphone,Electronics,3,30000.00,90000.00,Card
1072,42,2024-02-18,Headphones,Electronics,1,2500.00,2500.00,Cash
1073,43,2024-03-03,Monitor,Electronics,2,12000.00,24000.00,"Net Banking"
1074,44,2024-03-17,Keyboard,Accessories,3,1800.00,5400.00,UPI
1075,45,2024-03-31,Mouse,Accessories,1,900.00,900.00,Card
1076,46,2024-04-14,Smartwatch,Electronics,2,7000.00,14000.00,Cash
1077,47,2024-04-28,Tablet,Electronics,3,22000.00,66000.00,"Net Banking"
1078,48,2024-05-12,Laptop,Electronics,1,55000.00,55000.00,UPI
1079,49,2024-05-26,Smartphone,Electronics,2,30000.00,60000.00,Card
1080,50,2024-06-09,Headphones,Electronics,3,2500.00,7500.00,Cash
1081,51,2024-06-23,Monitor,Electronics,1,12000.00,12000.00,"Net Banking"
1082,52,2024-07-07,Keyboard,Accessories,2,1800.00,3600.00,UPI
1083,53,2024-07-21,Mouse,Accessories,3,900.00,2700.00,Card
1084,54,2024-08-04,Smartwatch,Electronics,1,7000.00,7000.00,Cash
1085,55,2024-08-18,Tablet,Electronics,2,22000.00,44000.00,"Net Banking"
1086,56,2024-09-01,Laptop,Electronics,3,55000.00,165000.00,UPI
1087,57,2024-09-15,Smartphone,Electronics,1,30000.00,30000.00,Card
1088,58,2024-09-29,Headphones,Electronics,2,2500.00,5000.00,Cash
1089,59,2024-10-13,Monitor,Electronics,3,12000.00,36000.00,"Net Banking"
1090,60,2024-10-27,Keyboard,Accessories,1,1800.00,1800.00,UPI
1091,61,2024-11-10,Mouse,Accessories,2,900.00,1800.00,Card
1092,62,2024-11-24,Smartwatch,Electronics,3,7000.00,21000.00,Cash
1093,63,2024-12-08,Tablet,Electronics,1,22000.00,22000.00,"Net Banking"
1094,64,2024-12-22,Laptop,Electronics,2,55000.00,110000.00,UPI
1095,65,2025-01-05,Smartphone,Electronics,3,30000.00,90000.00,Card
1096,66,2025-01-19,Headphones,Electronics,1,2500.00,2500.00,Cash
1097,67,2025-02-02,Monitor,Electronics,2,12000.00,24000.00,"Net Banking"
1098,68,2025-02-16,Keyboard,Accessories,3,1800.00,5400.00,UPI
1099,69,2025-03-02,Mouse,Accessories,1,900.00,900.00,Card
1100,70,2025-03-16,Smartwatch,Electronics,2,7000.00,14000.00,Cash
1101,71,2025-03-30,Tablet,Electronics,3,22000.00,66000.00,"Net Banking"
1102,72,2025-04-13,Laptop,Electronics,1,55000.00,55000.00,UPI
1103,73,2025-04-27,Smartphone,Electronics,2,30000.00,60000.00,Card
1104,74,2025-05-11,Headphones,Electronics,3,2500.00,7500.00,Cash
1105,75,2025-05-25,Monitor,Electronics,1,12000.00,12000.00,"Net Banking"
1106,76,2025-06-08,Keyboard,Accessories,2,1800.00,3600.00,UPI
1107,77,2025-06-22,Mouse,Accessories,3,900.00,2700.00,Card
1108,78,2025-07-06,Smartwatch,Electronics,1,7000.00,7000.00,Cash
1109,79,2025-07-20,Tablet,Electronics,2,22000.00,44000.00,"Net Banking"
1110,80,2025-08-03,Laptop,Electronics,3,55000.00,165000.00,UPI
1111,81,2025-08-17,Smartphone,Electronics,1,30000.00,30000.00,Card
1112,82,2025-08-31,Headphones,Electronics,2,2500.00,5000.00,Cash
1113,83,2025-09-14,Monitor,Electronics,3,12000.00,36000.00,"Net Banking"
1114,84,2024-04-06,Keyboard,Accessories,1,1800.00,1800.00,UPI
1115,85,2024-04-20,Mouse,Accessories,2,900.00,1800.00,Card
1116,86,2024-05-04,Smartwatch,Electronics,3,7000.00,21000.00,Cash
1117,87,2024-05-18,Tablet,Electronics,1,22000.00,22000.00,"Net Banking"
1118,88,2024-06-01,Laptop,Electronics,2,55000.00,110000.00,UPI
1119,89,2024-06-15,Smartphone,Electronics,3,30000.00,90000.00,Card
1120,90,2024-06-29,Headphones,Electronics,1,2500.00,2500.00,Cash
1121,91,2024-07-13,Monitor,Electronics,2,12000.00,24000.00,"Net Banking"
1122,92,2024-07-27,Keyboard,Accessories,3,1800.00,5400.00,UPI
1123,93,2024-08-10,Mouse,Accessories,1,900.00,900.00,Card
1124,94,2024-08-24,Smartwatch,Electronics,2,7000.00,14000.00,Cash
1125,95,2024-09-07,Tablet,Electronics,3,22000.00,66000.00,"Net Banking"
1126,96,2024-09-21,Laptop,Electronics,1,55000.00,55000.00,UPI
1127,97,2024-10-05,Smartphone,Electronics,2,30000.00,60000.00,Card
1128,98,2024-10-19,Headphones,Electronics,3,2500.00,7500.00,Cash
1129,99,2024-11-02,Monitor,Electronics,1,12000.00,12000.00,"Net Banking"
1130,100,2024-11-16,Keyboard,Accessories,2,1800.00,3600.00,UPI
1131,101,2024-11-30,Mouse,Accessories,3,900.00,2700.00,Card
1132,102,2024-12-14,Smartwatch,Electronics,1,7000.00,7000.00,Cash
1133,103,2024-12-28,Tablet,Electronics,2,22000.00,44000.00,"Net Banking"
1134,104,2025-01-11,Laptop,Electronics,3,55000.00,165000.00,UPI
1135,105,2025-01-25,Smartphone,Electronics,1,30000.00,30000.00,Card
1136,106,2025-02-08,Headphones,Electronics,2,2500.00,5000.00,Cash
1137,107,2025-02-22,Monitor,Electronics,3,12000.00,36000.00,"Net Banking"
1138,108,2025-03-08,Keyboard,Accessories,1,1800.00,1800.00,UPI
1139,109,2025-03-22,Mouse,Accessories,2,900.00,1800.00,Card
1140,110,2025-04-05,Smartwatch,Electronics,3,7000.00,21000.00,Cash
1141,111,2025-04-19,Tablet,Electronics,1,22000.00,22000.00,"Net Banking"
1142,112,2025-05-03,Laptop,Electronics,2,55000.00,110000.00,UPI
1143,113,2025-05-17,Smartphone,Electronics,3,30000.00,90000.00,Card
1144,114,2025-05-31,Headphones,Electronics,1,2500.00,2500.00,Cash
1145,115,2025-06-14,Monitor,Electronics,2,12000.00,24000.00,"Net Banking"
1146,116,2025-06-28,Keyboard,Accessories,3,1800.00,5400.00,UPI
1147,117,2025-07-12,Mouse,Accessories,1,900.00,900.00,Card
1148,118,2025-07-26,Smartwatch,Electronics,2,7000.00,14000.00,Cash
1149,119,2025-08-09,Tablet,Electronics,3,22000.00,66000.00,"Net Banking"
1150,120,2025-08-23,Laptop,Electronics,1,55000.00,55000.00,UPI
1151,121,2025-09-06,Smartphone,Electronics,2,30000.00,60000.00,Card
1152,122,2025-09-20,Headphones,Electronics,3,2500.00,7500.00,Cash
1153,123,2025-10-04,Monitor,Electronics,1,12000.00,12000.00,"Net Banking"
1154,124,2025-10-18,Keyboard,Accessories,2,1800.00,3600.00,UPI
1155,125,2024-05-10,Mouse,Accessories,3,900.00,2700.00,Card
1156,126,2024-05-24,Smartwatch,Electronics,1,7000.00,7000.00,Cash
1157,127,2024-06-07,Tablet,Electronics,2,22000.00,44000.00,"Net Banking"
1158,128,2024-06-21,Laptop,Electronics,3,55000.00,165000.00,UPI
1159,129,2024-07-05,Smartphone,Electronics,1,30000.00,30000.00,Card
1160,130,2024-07-19,Headphones,Electronics,2,2500.00,5000.00,Cash
1161,131,2024-08-02,Monitor,Electronics,3,12000.00,36000.00,"Net Banking"
1162,132,2024-08-16,Keyboard,Accessories,1,1800.00,1800.00,UPI
1163,133,2024-08-30,Mouse,Accessories,2,900.00,1800.00,Card
1164,134,2024-09-13,Smartwatch,Electronics,3,7000.00,21000.00,Cash
1165,135,2024-09-27,Tablet,Electronics,1,22000.00,22000.00,"Net Banking"
1166,136,2024-10-11,Laptop,Electronics,2,55000.00,110000.00,UPI
1167,137,2024-10-25,Smartphone,Electronics,3,30000.00,90000.00,Card
1168,138,2024-11-08,Headphones,Electronics,1,2500.00,2500.00,Cash
1169,139,2024-11-22,Monitor,Electronics,2,12000.00,24000.00,"Net Banking"
1170,140,2024-12-06,Keyboard,Accessories,3,1800.00,5400.00,UPI
1171,141,2024-12-20,Mouse,Accessories,1,900.00,900.00,Card
1172,142,2025-01-03,Smartwatch,Electronics,2,7000.00,14000.00,Cash
1173,143,2025-01-17,Tablet,Electronics,3,22000.00,66000.00,"Net Banking"
1174,144,2025-01-31,Laptop,Electronics,1,55000.00,55000.00,UPI
1175,145,2025-02-14,Smartphone,Electronics,2,30000.00,60000.00,Card
1176,146,2025-02-28,Headphones,Electronics,3,2500.00,7500.00,Cash
1177,147,2025-03-14,Monitor,Electronics,1,12000.00,12000.00,"Net Banking"
1178,148,2025-03-28,Keyboard,Accessories,2,1800.00,3600.00,UPI
1179,149,2025-04-11,Mouse,Accessories,3,900.00,2700.00,Card
1180,150,2025-04-25,Smartwatch,Electronics,1,7000.00,7000.00,Cash
1181,151,2025-05-09,Tablet,Electronics,2,22000.00,44000.00,"Net Banking"
1182,152,2025-05-23,Laptop,Electronics,3,55000.00,165000.00,UPI
1183,153,2025-06-06,Smartphone,Electronics,1,30000.00,30000.00,Card
1184,154,2025-06-20,Headphones,Electronics,2,2500.00,5000.00,Cash
1185,155,2025-07-04,Monitor,Electronics,3,12000.00,36000.00,"Net Banking"
1186,156,2025-07-18,Keyboard,Accessories,1,1800.00,1800.00,UPI
1187,157,2025-08-01,Mouse,Accessories,2,900.00,1800.00,Card
1188,158,2025-08-15,Smartwatch,Electronics,3,7000.00,21000.00,Cash
1189,159,2025-08-29,Tablet,Electronics,1,22000.00,22000.00,"Net Banking"
1190,160,2025-09-12,Laptop,Electronics,2,55000.00,110000.00,UPI
1191,161,2025-09-26,Smartphone,Electronics,3,30000.00,90000.00,Card
1192,162,2025-10-10,Headphones,Electronics,1,2500.00,2500.00,Cash
1193,163,2025-10-24,Monitor,Electronics,2,12000.00,24000.00,"Net Banking"
1194,164,2025-11-07,Keyboard,Accessories,3,1800.00,5400.00,UPI
1195,165,2025-11-21,Mouse,Accessories,1,900.00,900.00,Card
1196,166,2025-12-05,Smartwatch,Electronics,2,7000.00,14000.00,Cash
1197,167,2024-06-27,Tablet,Electronics,3,22000.00,66000.00,"Net Banking"
1198,168,2024-07-11,Laptop,Electronics,1,55000.00,55000.00,UPI
1199,169,2024-07-25,Smartphone,Electronics,2,30000.00,60000.00,Card
1200,170,2024-08-08,Headphones,Electronics,3,2500.00,7500.00,Cash
1201,171,2024-08-22,Monitor,Electronics,1,12000.00,12000.00,"Net Banking"
1202,172,2024-09-05,Keyboard,Accessories,2,1800.00,3600.00,UPI
1203,173,2024-09-19,Mouse,Accessories,3,900.00,2700.00,Card
1204,174,2024-10-03,Smartwatch,Electronics,1,7000.00,7000.00,Cash
1205,175,2024-10-17,Tablet,Electronics,2,22000.00,44000.00,"Net Banking"
1206,176,2024-10-31,Laptop,Electronics,3,55000.00,165000.00,UPI
1207,177,2024-11-14,Smartphone,Electronics,1,30000.00,30000.00,Card
1208,178,2024-11-28,Headphones,Electronics,2,2500.00,5000.00,Cash
1209,179,2024-12-12,Monitor,Electronics,3,12000.00,36000.00,"Net Banking"
1210,180,2024-12-26,Keyboard,Accessories,1,1800.00,1800.00,UPI
1211,181,2025-01-09,Mouse,Accessories,2,900.00,1800.00,Card
1212,182,2025-01-23,Smartwatch,Electronics,3,7000.00,21000.00,Cash
1213,183,2025-02-06,Tablet,Electronics,1,22000.00,22000.00,"Net Banking"
1214,184,2025-02-20,Laptop,Electronics,2,55000.00,110000.00,UPI
1215,185,2025-03-06,Smartphone,Electronics,3,30000.00,90000.00,Card
1216,186,2025-03-20,Headphones,Electronics,1,2500.00,2500.00,Cash
1217,187,2025-04-03,Monitor,Electronics,2,12000.00,24000.00,"Net Banking"
1218,188,2025-04-17,Keyboard,Accessories,3,1800.00,5400.00,UPI
1219,189,2025-05-01,Mouse,Accessories,1,900.00,900.00,Card
1220,190,2025-05-15,Smartwatch,Electronics,2,7000.00,14000.00,Cash
1221,191,2025-05-29,Tablet,Electronics,3,22000.00,66000.00,"Net Banking"
1222,192,2025-06-12,Laptop,Electronics,1,55000.00,55000.00,UPI
1223,193,2025-06-26,Smartphone,Electronics,2,30000.00,60000.00,Card
1224,194,2025-07-10,Headphones,Electronics,3,2500.00,7500.00,Cash
1225,195,2025-07-24,Monitor,Electronics,1,12000.00,12000.00,"Net Banking"
1226,196,2025-08-07,Keyboard,Accessories,2,1800.00,3600.00,UPI
1227,197,2025-08-21,Mouse,Accessories,3,900.00,2700.00,Card
1228,198,2025-09-04,Smartwatch,Electronics,1,7000.00,7000.00,Cash
1229,199,2025-09-18,Tablet,Electronics,2,22000.00,44000.00,"Net Banking"
1230,200,2025-10-02,Laptop,Electronics,3,55000.00,165000.00,UPI
1231,201,2025-10-16,Smartphone,Electronics,1,30000.00,30000.00,Card
1232,202,2025-10-30,Headphones,Electronics,2,2500.00,5000.00,Cash
1233,203,2025-11-13,Monitor,Electronics,3,12000.00,36000.00,"Net Banking"
1234,204,2025-11-27,Keyboard,Accessories,1,1800.00,1800.00,UPI
1235,205,2025-12-11,Mouse,Accessories,2,900.00,1800.00,Card
1236,206,2025-12-25,Smartwatch,Electronics,3,7000.00,21000.00,Cash
1237,207,2026-01-08,Tablet,Electronics,1,22000.00,22000.00,"Net Banking"
1238,208,2024-07-31,Laptop,Electronics,2,55000.00,110000.00,UPI
1239,209,2024-08-14,Smartphone,Electronics,3,30000.00,90000.00,Card
1240,210,2024-08-28,Headphones,Electronics,1,2500.00,2500.00,Cash
1241,211,2024-09-11,Monitor,Electronics,2,12000.00,24000.00,"Net Banking"
1242,212,2024-09-25,Keyboard,Accessories,3,1800.00,5400.00,UPI
1243,213,2024-10-09,Mouse,Accessories,1,900.00,900.00,Card
1244,214,2024-10-23,Smartwatch,Electronics,2,7000.00,14000.00,Cash
1245,215,2024-11-06,Tablet,Electronics,3,22000.00,66000.00,"Net Banking"
1246,216,2024-11-20,Laptop,Electronics,1,55000.00,55000.00,UPI
1247,217,2024-12-04,Smartphone,Electronics,2,30000.00,60000.00,Card
1248,218,2024-12-18,Headphones,Electronics,3,2500.00,7500.00,Cash
1249,219,2025-01-01,Monitor,Electronics,1,12000.00,12000.00,"Net Banking"
1250,220,2025-01-15,Keyboard,Accessories,2,1800.00,3600.00,UPI
1251,221,2025-01-29,Mouse,Accessories,3,900.00,2700.00,Card
1252,222,2025-02-12,Smartwatch,Electronics,1,7000.00,7000.00,Cash
1253,223,2025-02-26,Tablet,Electronics,2,22000.00,44000.00,"Net Banking"
1254,224,2025-03-12,Laptop,Electronics,3,55000.00,165000.00,UPI
1255,225,2025-03-26,Smartphone,Electronics,1,30000.00,30000.00,Card
1256,226,2025-04-09,Headphones,Electronics,2,2500.00,5000.00,Cash
1257,227,2025-04-23,Monitor,Electronics,3,12000.00,36000.00,"Net Banking"
1258,228,2025-05-07,Keyboard,Accessories,1,1800.00,1800.00,UPI
1259,229,2025-05-21,Mouse,Accessories,2,900.00,1800.00,Card
1260,230,2025-06-04,Smartwatch,Electronics,3,7000.00,21000.00,Cash
1261,231,2025-06-18,Tablet,Electronics,1,22000.00,22000.00,"Net Banking"
1262,232,2025-07-02,Laptop,Electronics,2,55000.00,110000.00,UPI
1263,233,2025-07-16,Smartphone,Electronics,3,30000.00,90000.00,Card
1264,234,2025-07-30,Headphones,Electronics,1,2500.00,2500.00,Cash
1265,235,2025-08-13,Monitor,Electronics,2,12000.00,24000.00,"Net Banking"
1266,236,2025-08-27,Keyboard,Accessories,3,1800.00,5400.00,UPI
1267,237,2025-09-10,Mouse,Accessories,1,900.00,900.00,Card
1268,238,2025-09-24,Smartwatch,Electronics,2,7000.00,14000.00,Cash
1269,239,2025-10-08,Tablet,Electronics,3,22000.00,66000.00,"Net Banking"
1270,240,2025-10-22,Laptop,Electronics,1,55000.00,55000.00,UPI
1271,241,2025-11-05,Smartphone,Electronics,2,30000.00,60000.00,Card
1272,242,2025-11-19,Headphones,Electronics,3,2500.00,7500.00,Cash
1273,243,2025-12-03,Monitor,Electronics,1,12000.00,12000.00,"Net Banking"
1274,244,2025-12-17,Keyboard,Accessories,2,1800.00,3600.00,UPI
1275,245,2025-12-31,Mouse,Accessories,3,900.00,2700.00,Card
1276,246,2026-01-14,Smartwatch,Electronics,1,7000.00,7000.00,Cash
1277,247,2026-01-28,Tablet,Electronics,2,22000.00,44000.00,"Net Banking"
1278,248,2026-02-11,Laptop,Electronics,3,55000.00,165000.00,UPI
1279,249,2026-02-25,Smartphone,Electronics,1,30000.00,30000.00,Card
1280,250,2024-09-17,Headphones,Electronics,2,2500.00,5000.00,Cash
1281,251,2024-10-01,Monitor,Electronics,3,12000.00,36000.00,"Net Banking"
1282,252,2024-10-15,Keyboard,Accessories,1,1800.00,1800.00,UPI
1283,253,2024-10-29,Mouse,Accessories,2,900.00,1800.00,Card
1284,254,2024-11-12,Smartwatch,Electronics,3,7000.00,21000.00,Cash
1285,255,2024-11-26,Tablet,Electronics,1,22000.00,22000.00,"Net Banking"
1286,256,2024-12-10,Laptop,Electronics,2,55000.00,110000.00,UPI
1287,257,2024-12-24,Smartphone,Electronics,3,30000.00,90000.00,Card
1288,258,2025-01-07,Headphones,Electronics,1,2500.00,2500.00,Cash
1289,259,2025-01-21,Monitor,Electronics,2,12000.00,24000.00,"Net Banking"
1290,260,2025-02-04,Keyboard,Accessories,3,1800.00,5400.00,UPI
1291,261,2025-02-18,Mouse,Accessories,1,900.00,900.00,Card
1292,262,2025-03-04,Smartwatch,Electronics,2,7000.00,14000.00,Cash
1293,263,2025-03-18,Tablet,Electronics,3,22000.00,66000.00,"Net Banking"
1294,264,2025-04-01,Laptop,Electronics,1,55000.00,55000.00,UPI
1295,265,2025-04-15,Smartphone,Electronics,2,30000.00,60000.00,Card
1296,266,2025-04-29,Headphones,Electronics,3,2500.00,7500.00,Cash
1297,267,2025-05-13,Monitor,Electronics,1,12000.00,12000.00,"Net Banking"
1298,268,2025-05-27,Keyboard,Accessories,2,1800.00,3600.00,UPI
1299,269,2025-06-10,Mouse,Accessories,3,900.00,2700.00,Card
1300,270,2025-06-24,Smartwatch,Electronics,1,7000.00,7000.00,Cash
1301,271,2025-07-08,Tablet,Electronics,2,22000.00,44000.00,"Net Banking"
1302,272,2025-07-22,Laptop,Electronics,3,55000.00,165000.00,UPI
1303,273,2025-08-05,Smartphone,Electronics,1,30000.00,30000.00,Card
1304,274,2025-08-19,Headphones,Electronics,2,2500.00,5000.00,Cash
1305,275,2025-09-02,Monitor,Electronics,3,12000.00,36000.00,"Net Banking"
1306,276,2025-09-16,Keyboard,Accessories,1,1800.00,1800.00,UPI
1307,277,2025-09-30,Mouse,Accessories,2,900.00,1800.00,Card
1308,278,2025-10-14,Smartwatch,Electronics,3,7000.00,21000.00,Cash
1309,279,2025-10-28,Tablet,Electronics,1,22000.00,22000.00,"Net Banking"
1310,280,2025-11-11,Laptop,Electronics,2,55000.00,110000.00,UPI
1311,281,2025-11-25,Smartphone,Electronics,3,30000.00,90000.00,Card
1312,282,2025-12-09,Headphones,Electronics,1,2500.00,2500.00,Cash
1313,283,2025-12-23,Monitor,Electronics,2,12000.00,24000.00,"Net Banking"
1314,284,2026-01-06,Keyboard,Accessories,3,1800.00,5400.00,UPI
1315,285,2026-01-20,Mouse,Accessories,1,900.00,900.00,Card
1316,286,2026-02-03,Smartwatch,Electronics,2,7000.00,14000.00,Cash
1317,287,2026-02-17,Tablet,Electronics,3,22000.00,66000.00,"Net Banking"
1318,288,2026-03-03,Laptop,Electronics,1,55000.00,55000.00,UPI
1319,289,2026-03-17,Smartphone,Electronics,2,30000.00,60000.00,Card
1320,290,2026-03-31,Headphones,Electronics,3,2500.00,7500.00,Cash
1321,291,2024-10-21,Monitor,Electronics,1,12000.00,12000.00,"Net Banking"
1322,292,2024-11-04,Keyboard,Accessories,2,1800.00,3600.00,UPI
1323,293,2024-11-18,Mouse,Accessories,3,900.00,2700.00,Card
1324,294,2024-12-02,Smartwatch,Electronics,1,7000.00,7000.00,Cash
1325,295,2024-12-16,Tablet,Electronics,2,22000.00,44000.00,"Net Banking"
1326,296,2024-12-30,Laptop,Electronics,3,55000.00,165000.00,UPI
1327,297,2025-01-13,Smartphone,Electronics,1,30000.00,30000.00,Card
1328,298,2025-01-27,Headphones,Electronics,2,2500.00,5000.00,Cash
1329,299,2025-02-10,Monitor,Electronics,3,12000.00,36000.00,"Net Banking"
1330,300,2025-02-24,Keyboard,Accessories,1,1800.00,1800.00,UPI
1331,301,2025-03-10,Mouse,Accessories,2,900.00,1800.00,Card
1332,302,2025-03-24,Smartwatch,Electronics,3,7000.00,21000.00,Cash
1333,303,2025-04-07,Tablet,Electronics,1,22000.00,22000.00,"Net Banking"
1334,304,2025-04-21,Laptop,Electronics,2,55000.00,110000.00,UPI
1335,305,2025-05-05,Smartphone,Electronics,3,30000.00,90000.00,Card
1336,306,2025-05-19,Headphones,Electronics,1,2500.00,2500.00,Cash
1337,307,2025-06-02,Monitor,Electronics,2,12000.00,24000.00,"Net Banking"
1338,308,2025-06-16,Keyboard,Accessories,3,1800.00,5400.00,UPI
1339,309,2025-06-30,Mouse,Accessories,1,900.00,900.00,Card
1340,310,2025-07-14,Smartwatch,Electronics,2,7000.00,14000.00,Cash
1341,311,2025-07-28,Tablet,Electronics,3,22000.00,66000.00,"Net Banking"
1342,312,2025-08-11,Laptop,Electronics,1,55000.00,55000.00,UPI
1343,313,2025-08-25,Smartphone,Electronics,2,30000.00,60000.00,Card
1344,314,2025-09-08,Headphones,Electronics,3,2500.00,7500.00,Cash
1345,315,2025-09-22,Monitor,Electronics,1,12000.00,12000.00,"Net Banking"
1346,316,2025-10-06,Keyboard,Accessories,2,1800.00,3600.00,UPI
1347,317,2025-10-20,Mouse,Accessories,3,900.00,2700.00,Card
1348,318,2025-11-03,Smartwatch,Electronics,1,7000.00,7000.00,Cash
1349,319,2025-11-17,Tablet,Electronics,2,22000.00,44000.00,"Net Banking"
1350,320,2025-12-01,Laptop,Electronics,3,55000.00,165000.00,UPI
1351,321,2025-12-15,Smartphone,Electronics,1,30000.00,30000.00,Card
1352,322,2025-12-29,Headphones,Electronics,2,2500.00,5000.00,Cash
1353,323,2026-01-12,Monitor,Electronics,3,12000.00,36000.00,"Net Banking"
1354,324,2026-01-26,Keyboard,Accessories,1,1800.00,1800.00,UPI
1355,325,2026-02-09,Mouse,Accessories,2,900.00,1800.00,Card
1356,326,2026-02-23,Smartwatch,Electronics,3,7000.00,21000.00,Cash
1357,327,2026-03-09,Tablet,Electronics,1,22000.00,22000.00,"Net Banking"
1358,328,2026-03-23,Laptop,Electronics,2,55000.00,110000.00,UPI
1359,329,2026-04-06,Smartphone,Electronics,3,30000.00,90000.00,Card
1360,330,2026-04-20,Headphones,Electronics,1,2500.00,2500.00,Cash
1361,331,2026-05-04,Monitor,Electronics,2,12000.00,24000.00,"Net Banking"
1362,332,2026-05-18,Keyboard,Accessories,3,1800.00,5400.00,UPI
1363,333,2024-12-08,Mouse,Accessories,1,900.00,900.00,Card
1364,334,2024-12-22,Smartwatch,Electronics,2,7000.00,14000.00,Cash
1365,335,2025-01-05,Tablet,Electronics,3,22000.00,66000.00,"Net Banking"
1366,336,2025-01-19,Laptop,Electronics,1,55000.00,55000.00,UPI
1367,337,2025-02-02,Smartphone,Electronics,2,30000.00,60000.00,Card
1368,338,2025-02-16,Headphones,Electronics,3,2500.00,7500.00,Cash
1369,339,2025-03-02,Monitor,Electronics,1,12000.00,12000.00,"Net Banking"
1370,340,2025-03-16,Keyboard,Accessories,2,1800.00,3600.00,UPI
1371,341,2025-03-30,Mouse,Accessories,3,900.00,2700.00,Card
1372,342,2025-04-13,Smartwatch,Electronics,1,7000.00,7000.00,Cash
1373,343,2025-04-27,Tablet,Electronics,2,22000.00,44000.00,"Net Banking"
1374,344,2025-05-11,Laptop,Electronics,3,55000.00,165000.00,UPI
1375,345,2025-05-25,Smartphone,Electronics,1,30000.00,30000.00,Card
1376,346,2025-06-08,Headphones,Electronics,2,2500.00,5000.00,Cash
1377,347,2025-06-22,Monitor,Electronics,3,12000.00,36000.00,"Net Banking"
1378,348,2025-07-06,Keyboard,Accessories,1,1800.00,1800.00,UPI
1379,349,2025-07-20,Mouse,Accessories,2,900.00,1800.00,Card
1380,350,2025-08-03,Smartwatch,Electronics,3,7000.00,21000.00,Cash
1381,351,2025-08-17,Tablet,Electronics,1,22000.00,22000.00,"Net Banking"
1382,352,2025-08-31,Laptop,Electronics,2,55000.00,110000.00,UPI
1383,353,2025-09-14,Smartphone,Electronics,3,30000.00,90000.00,Card
1384,354,2025-09-28,Headphones,Electronics,1,2500.00,2500.00,Cash
1385,355,2025-10-12,Monitor,Electronics,2,12000.00,24000.00,"Net Banking"
1386,356,2025-10-26,Keyboard,Accessories,3,1800.00,5400.00,UPI
1387,357,2025-11-09,Mouse,Accessories,1,900.00,900.00,Card
1388,358,2025-11-23,Smartwatch,Electronics,2,7000.00,14000.00,Cash
1389,359,2025-12-07,Tablet,Electronics,3,22000.00,66000.00,"Net Banking"
1390,360,2025-12-21,Laptop,Electronics,1,55000.00,55000.00,UPI
1391,361,2026-01-04,Smartphone,Electronics,2,30000.00,60000.00,Card
1392,362,2026-01-18,Headphones,Electronics,3,2500.00,7500.00,Cash
1393,363,2026-02-01,Monitor,Electronics,1,12000.00,12000.00,"Net Banking"
1394,364,2026-02-15,Keyboard,Accessories,2,1800.00,3600.00,UPI
1395,365,2025-03-01,Mouse,Accessories,3,900.00,2700.00,Card
1396,366,2025-03-15,Smartwatch,Electronics,1,7000.00,7000.00,Cash
1397,367,2025-03-29,Tablet,Electronics,2,22000.00,44000.00,"Net Banking"
1398,368,2025-04-12,Laptop,Electronics,3,55000.00,165000.00,UPI
1399,369,2025-04-26,Smartphone,Electronics,1,30000.00,30000.00,Card
1400,370,2025-05-10,Headphones,Electronics,2,2500.00,5000.00,Cash
1401,371,2025-05-24,Monitor,Electronics,3,12000.00,36000.00,"Net Banking"
1402,372,2025-06-07,Keyboard,Accessories,1,1800.00,1800.00,UPI
1403,373,2025-06-21,Mouse,Accessories,2,900.00,1800.00,Card
1404,374,2024-01-12,Smartwatch,Electronics,3,7000.00,21000.00,Cash
1405,375,2024-01-26,Tablet,Electronics,1,22000.00,22000.00,"Net Banking"
1406,376,2024-02-09,Laptop,Electronics,2,55000.00,110000.00,UPI
1407,377,2024-02-23,Smartphone,Electronics,3,30000.00,90000.00,Card
1408,378,2024-03-08,Headphones,Electronics,1,2500.00,2500.00,Cash
1409,379,2024-03-22,Monitor,Electronics,2,12000.00,24000.00,"Net Banking"
1410,380,2024-04-05,Keyboard,Accessories,3,1800.00,5400.00,UPI
1411,381,2024-04-19,Mouse,Accessories,1,900.00,900.00,Card
1412,382,2024-05-03,Smartwatch,Electronics,2,7000.00,14000.00,Cash
1413,383,2024-05-17,Tablet,Electronics,3,22000.00,66000.00,"Net Banking"
1414,384,2024-05-31,Laptop,Electronics,1,55000.00,55000.00,UPI
1415,385,2024-06-14,Smartphone,Electronics,2,30000.00,60000.00,Card
1416,386,2024-06-28,Headphones,Electronics,3,2500.00,7500.00,Cash
1417,387,2024-07-12,Monitor,Electronics,1,12000.00,12000.00,"Net Banking"
1418,388,2024-07-26,Keyboard,Accessories,2,1800.00,3600.00,UPI
1419,389,2024-08-09,Mouse,Accessories,3,900.00,2700.00,Card
1420,390,2024-08-23,Smartwatch,Electronics,1,7000.00,7000.00,Cash
1421,391,2024-09-06,Tablet,Electronics,2,22000.00,44000.00,"Net Banking"
1422,392,2024-09-20,Laptop,Electronics,3,55000.00,165000.00,UPI
1423,393,2024-10-04,Smartphone,Electronics,1,30000.00,30000.00,Card
1424,394,2024-10-18,Headphones,Electronics,2,2500.00,5000.00,Cash
1425,395,2024-11-01,Monitor,Electronics,3,12000.00,36000.00,"Net Banking"
1426,396,2024-11-15,Keyboard,Accessories,1,1800.00,1800.00,UPI
1427,397,2024-11-29,Mouse,Accessories,2,900.00,1800.00,Card
1428,398,2024-12-13,Smartwatch,Electronics,3,7000.00,21000.00,Cash
1429,399,2024-12-27,Tablet,Electronics,1,22000.00,22000.00,"Net Banking"
1430,400,2025-01-10,Laptop,Electronics,2,55000.00,110000.00,UPI
1431,401,2025-01-24,Smartphone,Electronics,3,30000.00,90000.00,Card
1432,402,2025-02-07,Headphones,Electronics,1,2500.00,2500.00,Cash
1433,403,2025-02-21,Monitor,Electronics,2,12000.00,24000.00,"Net Banking"
1434,404,2025-03-07,Keyboard,Accessories,3,1800.00,5400.00,UPI
1435,405,2025-03-21,Mouse,Accessories,1,900.00,900.00,Card
1436,406,2025-04-04,Smartwatch,Electronics,2,7000.00,14000.00,Cash
1437,407,2025-04-18,Tablet,Electronics,3,22000.00,66000.00,"Net Banking"
1438,408,2025-05-02,Laptop,Electronics,1,55000.00,55000.00,UPI
1439,409,2025-05-16,Smartphone,Electronics,2,30000.00,60000.00,Card
1440,410,2025-05-30,Headphones,Electronics,3,2500.00,7500.00,Cash
1441,411,2025-06-13,Monitor,Electronics,1,12000.00,12000.00,"Net Banking"
1442,412,2025-06-27,Keyboard,Accessories,2,1800.00,3600.00,UPI
1443,413,2025-07-11,Mouse,Accessories,3,900.00,2700.00,Card
1444,414,2025-07-25,Smartwatch,Electronics,1,7000.00,7000.00,Cash
1445,415,2025-08-08,Tablet,Electronics,2,22000.00,44000.00,"Net Banking"
1446,416,2024-02-29,Laptop,Electronics,3,55000.00,165000.00,UPI
1447,417,2024-03-14,Smartphone,Electronics,1,30000.00,30000.00,Card
1448,418,2024-03-28,Headphones,Electronics,2,2500.00,5000.00,Cash
1449,419,2024-04-11,Monitor,Electronics,3,12000.00,36000.00,"Net Banking"
1450,420,2024-04-25,Keyboard,Accessories,1,1800.00,1800.00,UPI
1451,421,2024-05-09,Mouse,Accessories,2,900.00,1800.00,Card
1452,422,2024-05-23,Smartwatch,Electronics,3,7000.00,21000.00,Cash
1453,423,2024-06-06,Tablet,Electronics,1,22000.00,22000.00,"Net Banking"
1454,424,2024-06-20,Laptop,Electronics,2,55000.00,110000.00,UPI
1455,425,2024-07-04,Smartphone,Electronics,3,30000.00,90000.00,Card
1456,426,2024-07-18,Headphones,Electronics,1,2500.00,2500.00,Cash
1457,427,2024-08-01,Monitor,Electronics,2,12000.00,24000.00,"Net Banking"
1458,428,2024-08-15,Keyboard,Accessories,3,1800.00,5400.00,UPI
1459,429,2024-08-29,Mouse,Accessories,1,900.00,900.00,Card
1460,430,2024-09-12,Smartwatch,Electronics,2,7000.00,14000.00,Cash
1461,431,2024-09-26,Tablet,Electronics,3,22000.00,66000.00,"Net Banking"
1462,432,2024-10-10,Laptop,Electronics,1,55000.00,55000.00,UPI
1463,433,2024-10-24,Smartphone,Electronics,2,30000.00,60000.00,Card
1464,434,2024-11-07,Headphones,Electronics,3,2500.00,7500.00,Cash
1465,435,2024-11-21,Monitor,Electronics,1,12000.00,12000.00,"Net Banking"
1466,436,2024-12-05,Keyboard,Accessories,2,1800.00,3600.00,UPI
1467,437,2024-12-19,Mouse,Accessories,3,900.00,2700.00,Card
1468,438,2025-01-02,Smartwatch,Electronics,1,7000.00,7000.00,Cash
1469,439,2025-01-16,Tablet,Electronics,2,22000.00,44000.00,"Net Banking"
1470,440,2025-01-30,Laptop,Electronics,3,55000.00,165000.00,UPI
1471,441,2025-02-13,Smartphone,Electronics,1,30000.00,30000.00,Card
1472,442,2025-02-27,Headphones,Electronics,2,2500.00,5000.00,Cash
1473,443,2025-03-13,Monitor,Electronics,3,12000.00,36000.00,"Net Banking"
1474,444,2025-03-27,Keyboard,Accessories,1,1800.00,1800.00,UPI
1475,445,2025-04-10,Mouse,Accessories,2,900.00,1800.00,Card
1476,446,2025-04-24,Smartwatch,Electronics,3,7000.00,21000.00,Cash
1477,447,2025-05-08,Tablet,Electronics,1,22000.00,22000.00,"Net Banking"
1478,448,2025-05-22,Laptop,Electronics,2,55000.00,110000.00,UPI
1479,449,2025-06-05,Smartphone,Electronics,3,30000.00,90000.00,Card
1480,450,2025-06-19,Headphones,Electronics,1,2500.00,2500.00,Cash
1481,451,2025-07-03,Monitor,Electronics,2,12000.00,24000.00,"Net Banking"
1482,452,2025-07-17,Keyboard,Accessories,3,1800.00,5400.00,UPI
1483,453,2025-07-31,Mouse,Accessories,1,900.00,900.00,Card
1484,454,2025-08-14,Smartwatch,Electronics,2,7000.00,14000.00,Cash
1485,455,2025-08-28,Tablet,Electronics,3,22000.00,66000.00,"Net Banking"
1486,456,2025-09-11,Laptop,Electronics,1,55000.00,55000.00,UPI
1487,457,2024-04-03,Smartphone,Electronics,2,30000.00,60000.00,Card
1488,458,2024-04-17,Headphones,Electronics,3,2500.00,7500.00,Cash
1489,459,2024-05-01,Monitor,Electronics,1,12000.00,12000.00,"Net Banking"
1490,460,2024-05-15,Keyboard,Accessories,2,1800.00,3600.00,UPI
1491,461,2024-05-29,Mouse,Accessories,3,900.00,2700.00,Card
1492,462,2024-06-12,Smartwatch,Electronics,1,7000.00,7000.00,Cash
1493,463,2024-06-26,Tablet,Electronics,2,22000.00,44000.00,"Net Banking"
1494,464,2024-07-10,Laptop,Electronics,3,55000.00,165000.00,UPI
1495,465,2024-07-24,Smartphone,Electronics,1,30000.00,30000.00,Card
1496,466,2024-08-07,Headphones,Electronics,2,2500.00,5000.00,Cash
1497,467,2024-08-21,Monitor,Electronics,3,12000.00,36000.00,"Net Banking"
1498,468,2024-09-04,Keyboard,Accessories,1,1800.00,1800.00,UPI
1499,469,2024-09-18,Mouse,Accessories,2,900.00,1800.00,Card
1500,470,2024-10-02,Smartwatch,Electronics,3,7000.00,21000.00,Cash
1501,471,2024-10-16,Tablet,Electronics,1,22000.00,22000.00,"Net Banking"
1502,472,2024-10-30,Laptop,Electronics,2,55000.00,110000.00,UPI
1503,473,2024-11-13,Smartphone,Electronics,3,30000.00,90000.00,Card
1504,474,2024-11-27,Headphones,Electronics,1,2500.00,2500.00,Cash
1505,475,2024-12-11,Monitor,Electronics,2,12000.00,24000.00,"Net Banking"
1506,476,2024-12-25,Keyboard,Accessories,3,1800.00,5400.00,UPI
1507,477,2025-01-08,Mouse,Accessories,1,900.00,900.00,Card
1508,478,2025-01-22,Smartwatch,Electronics,2,7000.00,14000.00,Cash
1509,479,2025-02-05,Tablet,Electronics,3,22000.00,66000.00,"Net Banking"
1510,480,2025-02-19,Laptop,Electronics,1,55000.00,55000.00,UPI
1511,481,2025-03-05,Smartphone,Electronics,2,30000.00,60000.00,Card
1512,482,2025-03-19,Headphones,Electronics,3,2500.00,7500.00,Cash
1513,483,2025-04-02,Monitor,Electronics,1,12000.00,12000.00,"Net Banking"
1514,484,2025-04-16,Keyboard,Accessories,2,1800.00,3600.00,UPI
1515,485,2025-04-30,Mouse,Accessories,3,900.00,2700.00,Card
1516,486,2025-05-14,Smartwatch,Electronics,1,7000.00,7000.00,Cash
1517,487,2025-05-28,Tablet,Electronics,2,22000.00,44000.00,"Net Banking"
1518,488,2025-06-11,Laptop,Electronics,3,55000.00,165000.00,UPI
1519,489,2025-06-25,Smartphone,Electronics,1,30000.00,30000.00,Card
1520,490,2025-07-09,Headphones,Electronics,2,2500.00,5000.00,Cash
1521,491,2025-07-23,Monitor,Electronics,3,12000.00,36000.00,"Net Banking"
1522,492,2025-08-06,Keyboard,Accessories,1,1800.00,1800.00,UPI
1523,493,2025-08-20,Mouse,Accessories,2,900.00,1800.00,Card
1524,494,2025-09-03,Smartwatch,Electronics,3,7000.00,21000.00,Cash
1525,495,2025-09-17,Tablet,Electronics,1,22000.00,22000.00,"Net Banking"
1526,496,2025-10-01,Laptop,Electronics,2,55000.00,110000.00,UPI
1527,497,2025-10-15,Smartphone,Electronics,3,30000.00,90000.00,Card
1528,498,2025-10-29,Headphones,Electronics,1,2500.00,2500.00,Cash
1529,499,2024-05-21,Monitor,Electronics,2,12000.00,24000.00,"Net Banking"
1530,500,2024-06-04,Keyboard,Accessories,3,1800.00,5400.00,UPI
1531,1,2025-02-12,Mouse,Accessories,1,900.00,900.00,Card
1532,2,2025-03-02,Smartwatch,Electronics,2,7000.00,14000.00,Cash
1533,3,2025-04-05,Tablet,Electronics,3,22000.00,66000.00,"Net Banking"
1534,4,2025-05-01,Laptop,Electronics,1,55000.00,55000.00,UPI
1535,5,2025-05-26,Smartphone,Electronics,2,30000.00,60000.00,Card
1536,6,2025-06-18,Headphones,Electronics,3,2500.00,7500.00,Cash
1537,7,2025-07-14,Monitor,Electronics,1,12000.00,12000.00,"Net Banking"
1538,8,2025-08-10,Keyboard,Accessories,2,1800.00,3600.00,UPI
1539,9,2025-09-04,Mouse,Accessories,3,900.00,2700.00,Card
1540,10,2025-09-30,Smartwatch,Electronics,1,7000.00,7000.00,Cash
1541,11,2025-10-25,Tablet,Electronics,2,22000.00,44000.00,"Net Banking"
1542,12,2025-11-24,Laptop,Electronics,3,55000.00,165000.00,UPI
1543,13,2025-12-24,Smartphone,Electronics,1,30000.00,30000.00,Card
1544,14,2026-01-23,Headphones,Electronics,2,2500.00,5000.00,Cash
1545,15,2026-02-22,Monitor,Electronics,3,12000.00,36000.00,"Net Banking"
1546,16,2026-03-26,Keyboard,Accessories,1,1800.00,1800.00,UPI
1547,17,2026-04-23,Mouse,Accessories,2,900.00,1800.00,Card
1548,18,2026-05-24,Smartwatch,Electronics,3,7000.00,21000.00,Cash
1549,19,2026-06-25,Tablet,Electronics,1,22000.00,22000.00,"Net Banking"
1550,20,2026-07-25,Laptop,Electronics,2,55000.00,110000.00,UPI
1551,21,2024-11-10,Smartphone,Electronics,3,30000.00,90000.00,Card
1552,22,2024-11-24,Headphones,Electronics,1,2500.00,2500.00,Cash
1553,23,2024-12-08,Monitor,Electronics,2,12000.00,24000.00,"Net Banking"
1554,24,2024-12-22,Keyboard,Accessories,3,1800.00,5400.00,UPI
1555,25,2025-01-05,Mouse,Accessories,1,900.00,900.00,Card
1556,26,2025-01-19,Smartwatch,Electronics,2,7000.00,14000.00,Cash
1557,27,2025-02-02,Tablet,Electronics,3,22000.00,66000.00,"Net Banking"
1558,28,2025-02-16,Laptop,Electronics,1,55000.00,55000.00,UPI
1559,29,2025-03-02,Smartphone,Electronics,2,30000.00,60000.00,Card
1560,30,2025-03-16,Headphones,Electronics,3,2500.00,7500.00,Cash
1561,31,2025-03-30,Monitor,Electronics,1,12000.00,12000.00,"Net Banking"
1562,32,2025-04-13,Keyboard,Accessories,2,1800.00,3600.00,UPI
1563,33,2025-04-27,Mouse,Accessories,3,900.00,2700.00,Card
1564,34,2025-05-11,Smartwatch,Electronics,1,7000.00,7000.00,Cash
1565,35,2025-05-25,Tablet,Electronics,2,22000.00,44000.00,"Net Banking"
1566,36,2025-06-08,Laptop,Electronics,3,55000.00,165000.00,UPI
1567,37,2025-06-22,Smartphone,Electronics,1,30000.00,30000.00,Card
1568,38,2025-07-06,Headphones,Electronics,2,2500.00,5000.00,Cash
1569,39,2025-07-20,Monitor,Electronics,3,12000.00,36000.00,"Net Banking"
1570,40,2024-02-10,Keyboard,Accessories,1,1800.00,1800.00,UPI
1571,41,2024-02-24,Mouse,Accessories,2,900.00,1800.00,Card
1572,42,2024-03-09,Smartwatch,Electronics,3,7000.00,21000.00,Cash
1573,43,2024-03-23,Tablet,Electronics,1,22000.00,22000.00,"Net Banking"
1574,44,2024-04-06,Laptop,Electronics,2,55000.00,110000.00,UPI
1575,45,2024-04-20,Smartphone,Electronics,3,30000.00,90000.00,Card
1576,46,2024-05-04,Headphones,Electronics,1,2500.00,2500.00,Cash
1577,47,2024-05-18,Monitor,Electronics,2,12000.00,24000.00,"Net Banking"
1578,48,2024-06-01,Keyboard,Accessories,3,1800.00,5400.00,UPI
1579,49,2024-06-15,Mouse,Accessories,1,900.00,900.00,Card
1580,50,2024-06-29,Smartwatch,Electronics,2,7000.00,14000.00,Cash
1581,51,2024-07-13,Tablet,Electronics,3,22000.00,66000.00,"Net Banking"
1582,52,2024-07-27,Laptop,Electronics,1,55000.00,55000.00,UPI
1583,53,2024-08-10,Smartphone,Electronics,2,30000.00,60000.00,Card
1584,54,2024-08-24,Headphones,Electronics,3,2500.00,7500.00,Cash
1585,55,2024-09-07,Monitor,Electronics,1,12000.00,12000.00,"Net Banking"
1586,56,2024-09-21,Keyboard,Accessories,2,1800.00,3600.00,UPI
1587,57,2024-10-05,Mouse,Accessories,3,900.00,2700.00,Card
1588,58,2024-10-19,Smartwatch,Electronics,1,7000.00,7000.00,Cash
1589,59,2024-11-02,Tablet,Electronics,2,22000.00,44000.00,"Net Banking"
1590,60,2024-11-16,Laptop,Electronics,3,55000.00,165000.00,UPI
1591,61,2024-11-30,Smartphone,Electronics,1,30000.00,30000.00,Card
1592,62,2024-12-14,Headphones,Electronics,2,2500.00,5000.00,Cash
1593,63,2024-12-28,Monitor,Electronics,3,12000.00,36000.00,"Net Banking"
1594,64,2025-01-11,Keyboard,Accessories,1,1800.00,1800.00,UPI
1595,65,2025-01-25,Mouse,Accessories,2,900.00,1800.00,Card
1596,66,2025-02-08,Smartwatch,Electronics,3,7000.00,21000.00,Cash
1597,67,2025-02-22,Tablet,Electronics,1,22000.00,22000.00,"Net Banking"
1598,68,2025-03-08,Laptop,Electronics,2,55000.00,110000.00,UPI
1599,69,2025-03-22,Smartphone,Electronics,3,30000.00,90000.00,Card
1600,70,2025-04-05,Headphones,Electronics,1,2500.00,2500.00,Cash
1601,71,2025-04-19,Monitor,Electronics,2,12000.00,24000.00,"Net Banking"
1602,72,2025-05-03,Keyboard,Accessories,3,1800.00,5400.00,UPI
1603,73,2025-05-17,Mouse,Accessories,1,900.00,900.00,Card
1604,74,2025-05-31,Smartwatch,Electronics,2,7000.00,14000.00,Cash
1605,75,2025-06-14,Tablet,Electronics,3,22000.00,66000.00,"Net Banking"
1606,76,2025-06-28,Laptop,Electronics,1,55000.00,55000.00,UPI
1607,77,2025-07-12,Smartphone,Electronics,2,30000.00,60000.00,Card
1608,78,2025-07-26,Headphones,Electronics,3,2500.00,7500.00,Cash
1609,79,2025-08-09,Monitor,Electronics,1,12000.00,12000.00,"Net Banking"
1610,80,2025-08-23,Keyboard,Accessories,2,1800.00,3600.00,UPI
1611,81,2025-09-06,Mouse,Accessories,3,900.00,2700.00,Card
1612,82,2024-03-29,Smartwatch,Electronics,1,7000.00,7000.00,Cash
1613,83,2024-04-12,Tablet,Electronics,2,22000.00,44000.00,"Net Banking"
1614,84,2024-04-26,Laptop,Electronics,3,55000.00,165000.00,UPI
1615,85,2024-05-10,Smartphone,Electronics,1,30000.00,30000.00,Card
1616,86,2024-05-24,Headphones,Electronics,2,2500.00,5000.00,Cash
1617,87,2024-06-07,Monitor,Electronics,3,12000.00,36000.00,"Net Banking"
1618,88,2024-06-21,Keyboard,Accessories,1,1800.00,1800.00,UPI
1619,89,2024-07-05,Mouse,Accessories,2,900.00,1800.00,Card
1620,90,2024-07-19,Smartwatch,Electronics,3,7000.00,21000.00,Cash
1621,91,2024-08-02,Tablet,Electronics,1,22000.00,22000.00,"Net Banking"
1622,92,2024-08-16,Laptop,Electronics,2,55000.00,110000.00,UPI
1623,93,2024-08-30,Smartphone,Electronics,3,30000.00,90000.00,Card
1624,94,2024-09-13,Headphones,Electronics,1,2500.00,2500.00,Cash
1625,95,2024-09-27,Monitor,Electronics,2,12000.00,24000.00,"Net Banking"
1626,96,2024-10-11,Keyboard,Accessories,3,1800.00,5400.00,UPI
1627,97,2024-10-25,Mouse,Accessories,1,900.00,900.00,Card
1628,98,2024-11-08,Smartwatch,Electronics,2,7000.00,14000.00,Cash
1629,99,2024-11-22,Tablet,Electronics,3,22000.00,66000.00,"Net Banking"
1630,100,2024-12-06,Laptop,Electronics,1,55000.00,55000.00,UPI
1631,101,2024-12-20,Smartphone,Electronics,2,30000.00,60000.00,Card
1632,102,2025-01-03,Headphones,Electronics,3,2500.00,7500.00,Cash
1633,103,2025-01-17,Monitor,Electronics,1,12000.00,12000.00,"Net Banking"
1634,104,2025-01-31,Keyboard,Accessories,2,1800.00,3600.00,UPI
1635,105,2025-02-14,Mouse,Accessories,3,900.00,2700.00,Card
1636,106,2025-02-28,Smartwatch,Electronics,1,7000.00,7000.00,Cash
1637,107,2025-03-14,Tablet,Electronics,2,22000.00,44000.00,"Net Banking"
1638,108,2025-03-28,Laptop,Electronics,3,55000.00,165000.00,UPI
1639,109,2025-04-11,Smartphone,Electronics,1,30000.00,30000.00,Card
1640,110,2025-04-25,Headphones,Electronics,2,2500.00,5000.00,Cash
1641,111,2025-05-09,Monitor,Electronics,3,12000.00,36000.00,"Net Banking"
1642,112,2025-05-23,Keyboard,Accessories,1,1800.00,1800.00,UPI
1643,113,2025-06-06,Mouse,Accessories,2,900.00,1800.00,Card
1644,114,2025-06-20,Smartwatch,Electronics,3,7000.00,21000.00,Cash
1645,115,2025-07-04,Tablet,Electronics,1,22000.00,22000.00,"Net Banking"
1646,116,2025-07-18,Laptop,Electronics,2,55000.00,110000.00,UPI
1647,117,2025-08-01,Smartphone,Electronics,3,30000.00,90000.00,Card
1648,118,2025-08-15,Headphones,Electronics,1,2500.00,2500.00,Cash
1649,119,2025-08-29,Monitor,Electronics,2,12000.00,24000.00,"Net Banking"
1650,120,2025-09-12,Keyboard,Accessories,3,1800.00,5400.00,UPI
1651,121,2025-09-26,Mouse,Accessories,1,900.00,900.00,Card
1652,122,2025-10-10,Smartwatch,Electronics,2,7000.00,14000.00,Cash
1653,123,2025-10-24,Tablet,Electronics,3,22000.00,66000.00,"Net Banking"
1654,124,2024-05-16,Laptop,Electronics,1,55000.00,55000.00,UPI
1655,125,2024-05-30,Smartphone,Electronics,2,30000.00,60000.00,Card
1656,126,2024-06-13,Headphones,Electronics,3,2500.00,7500.00,Cash
1657,127,2024-06-27,Monitor,Electronics,1,12000.00,12000.00,"Net Banking"
1658,128,2024-07-11,Keyboard,Accessories,2,1800.00,3600.00,UPI
1659,129,2024-07-25,Mouse,Accessories,3,900.00,2700.00,Card
1660,130,2024-08-08,Smartwatch,Electronics,1,7000.00,7000.00,Cash
1661,131,2024-08-22,Tablet,Electronics,2,22000.00,44000.00,"Net Banking"
1662,132,2024-09-05,Laptop,Electronics,3,55000.00,165000.00,UPI
1663,133,2024-09-19,Smartphone,Electronics,1,30000.00,30000.00,Card
1664,134,2024-10-03,Headphones,Electronics,2,2500.00,5000.00,Cash
1665,135,2024-10-17,Monitor,Electronics,3,12000.00,36000.00,"Net Banking"
1666,136,2024-10-31,Keyboard,Accessories,1,1800.00,1800.00,UPI
1667,137,2024-11-14,Mouse,Accessories,2,900.00,1800.00,Card
1668,138,2024-11-28,Smartwatch,Electronics,3,7000.00,21000.00,Cash
1669,139,2024-12-12,Tablet,Electronics,1,22000.00,22000.00,"Net Banking"
1670,140,2024-12-26,Laptop,Electronics,2,55000.00,110000.00,UPI
1671,141,2025-01-09,Smartphone,Electronics,3,30000.00,90000.00,Card
1672,142,2025-01-23,Headphones,Electronics,1,2500.00,2500.00,Cash
1673,143,2025-02-06,Monitor,Electronics,2,12000.00,24000.00,"Net Banking"
1674,144,2025-02-20,Keyboard,Accessories,3,1800.00,5400.00,UPI
1675,145,2025-03-06,Mouse,Accessories,1,900.00,900.00,Card
1676,146,2025-03-20,Smartwatch,Electronics,2,7000.00,14000.00,Cash
1677,147,2025-04-03,Tablet,Electronics,3,22000.00,66000.00,"Net Banking"
1678,148,2025-04-17,Laptop,Electronics,1,55000.00,55000.00,UPI
1679,149,2025-05-01,Smartphone,Electronics,2,30000.00,60000.00,Card
1680,150,2025-05-15,Headphones,Electronics,3,2500.00,7500.00,Cash
1681,151,2025-05-29,Monitor,Electronics,1,12000.00,12000.00,"Net Banking"
1682,152,2025-06-12,Keyboard,Accessories,2,1800.00,3600.00,UPI
1683,153,2025-06-26,Mouse,Accessories,3,900.00,2700.00,Card
1684,154,2025-07-10,Smartwatch,Electronics,1,7000.00,7000.00,Cash
1685,155,2025-07-24,Tablet,Electronics,2,22000.00,44000.00,"Net Banking"
1686,156,2025-08-07,Laptop,Electronics,3,55000.00,165000.00,UPI
1687,157,2025-08-21,Smartphone,Electronics,1,30000.00,30000.00,Card
1688,158,2025-09-04,Headphones,Electronics,2,2500.00,5000.00,Cash
1689,159,2025-09-18,Monitor,Electronics,3,12000.00,36000.00,"Net Banking"
1690,160,2025-10-02,Keyboard,Accessories,1,1800.00,1800.00,UPI
1691,161,2025-10-16,Mouse,Accessories,2,900.00,1800.00,Card
1692,162,2025-10-30,Smartwatch,Electronics,3,7000.00,21000.00,Cash
1693,163,2025-11-13,Tablet,Electronics,1,22000.00,22000.00,"Net Banking"
1694,164,2025-11-27,Laptop,Electronics,2,55000.00,110000.00,UPI
1695,165,2024-06-19,Smartphone,Electronics,3,30000.00,90000.00,Card
1696,166,2024-07-03,Headphones,Electronics,1,2500.00,2500.00,Cash
1697,167,2024-07-17,Monitor,Electronics,2,12000.00,24000.00,"Net Banking"
1698,168,2024-07-31,Keyboard,Accessories,3,1800.00,5400.00,UPI
1699,169,2024-08-14,Mouse,Accessories,1,900.00,900.00,Card
1700,170,2024-08-28,Smartwatch,Electronics,2,7000.00,14000.00,Cash
1701,171,2024-09-11,Tablet,Electronics,3,22000.00,66000.00,"Net Banking"
1702,172,2024-09-25,Laptop,Electronics,1,55000.00,55000.00,UPI
1703,173,2024-10-09,Smartphone,Electronics,2,30000.00,60000.00,Card
1704,174,2024-10-23,Headphones,Electronics,3,2500.00,7500.00,Cash
1705,175,2024-11-06,Monitor,Electronics,1,12000.00,12000.00,"Net Banking"
1706,176,2024-11-20,Keyboard,Accessories,2,1800.00,3600.00,UPI
1707,177,2024-12-04,Mouse,Accessories,3,900.00,2700.00,Card
1708,178,2024-12-18,Smartwatch,Electronics,1,7000.00,7000.00,Cash
1709,179,2025-01-01,Tablet,Electronics,2,22000.00,44000.00,"Net Banking"
1710,180,2025-01-15,Laptop,Electronics,3,55000.00,165000.00,UPI
1711,181,2025-01-29,Smartphone,Electronics,1,30000.00,30000.00,Card
1712,182,2025-02-12,Headphones,Electronics,2,2500.00,5000.00,Cash
1713,183,2025-02-26,Monitor,Electronics,3,12000.00,36000.00,"Net Banking"
1714,184,2025-03-12,Keyboard,Accessories,1,1800.00,1800.00,UPI
1715,185,2025-03-26,Mouse,Accessories,2,900.00,1800.00,Card
1716,186,2025-04-09,Smartwatch,Electronics,3,7000.00,21000.00,Cash
1717,187,2025-04-23,Tablet,Electronics,1,22000.00,22000.00,"Net Banking"
1718,188,2025-05-07,Laptop,Electronics,2,55000.00,110000.00,UPI
1719,189,2025-05-21,Smartphone,Electronics,3,30000.00,90000.00,Card
1720,190,2025-06-04,Headphones,Electronics,1,2500.00,2500.00,Cash
1721,191,2025-06-18,Monitor,Electronics,2,12000.00,24000.00,"Net Banking"
1722,192,2025-07-02,Keyboard,Accessories,3,1800.00,5400.00,UPI
1723,193,2025-07-16,Mouse,Accessories,1,900.00,900.00,Card
1724,194,2025-07-30,Smartwatch,Electronics,2,7000.00,14000.00,Cash
1725,195,2025-08-13,Tablet,Electronics,3,22000.00,66000.00,"Net Banking"
1726,196,2025-08-27,Laptop,Electronics,1,55000.00,55000.00,UPI
1727,197,2025-09-10,Smartphone,Electronics,2,30000.00,60000.00,Card
1728,198,2025-09-24,Headphones,Electronics,3,2500.00,7500.00,Cash
1729,199,2025-10-08,Monitor,Electronics,1,12000.00,12000.00,"Net Banking"
1730,200,2025-10-22,Keyboard,Accessories,2,1800.00,3600.00,UPI
1731,201,2025-11-05,Mouse,Accessories,3,900.00,2700.00,Card
1732,202,2025-11-19,Smartwatch,Electronics,1,7000.00,7000.00,Cash
1733,203,2025-12-03,Tablet,Electronics,2,22000.00,44000.00,"Net Banking"
1734,204,2025-12-17,Laptop,Electronics,3,55000.00,165000.00,UPI
1735,205,2025-12-31,Smartphone,Electronics,1,30000.00,30000.00,Card
1736,206,2026-01-14,Headphones,Electronics,2,2500.00,5000.00,Cash
1737,207,2024-08-06,Monitor,Electronics,3,12000.00,36000.00,"Net Banking"
1738,208,2024-08-20,Keyboard,Accessories,1,1800.00,1800.00,UPI
1739,209,2024-09-03,Mouse,Accessories,2,900.00,1800.00,Card
1740,210,2024-09-17,Smartwatch,Electronics,3,7000.00,21000.00,Cash
1741,211,2024-10-01,Tablet,Electronics,1,22000.00,22000.00,"Net Banking"
1742,212,2024-10-15,Laptop,Electronics,2,55000.00,110000.00,UPI
1743,213,2024-10-29,Smartphone,Electronics,3,30000.00,90000.00,Card
1744,214,2024-11-12,Headphones,Electronics,1,2500.00,2500.00,Cash
1745,215,2024-11-26,Monitor,Electronics,2,12000.00,24000.00,"Net Banking"
1746,216,2024-12-10,Keyboard,Accessories,3,1800.00,5400.00,UPI
1747,217,2024-12-24,Mouse,Accessories,1,900.00,900.00,Card
1748,218,2025-01-07,Smartwatch,Electronics,2,7000.00,14000.00,Cash
1749,219,2025-01-21,Tablet,Electronics,3,22000.00,66000.00,"Net Banking"
1750,220,2025-02-04,Laptop,Electronics,1,55000.00,55000.00,UPI
1751,221,2025-02-18,Smartphone,Electronics,2,30000.00,60000.00,Card
1752,222,2025-03-04,Headphones,Electronics,3,2500.00,7500.00,Cash
1753,223,2025-03-18,Monitor,Electronics,1,12000.00,12000.00,"Net Banking"
1754,224,2025-04-01,Keyboard,Accessories,2,1800.00,3600.00,UPI
1755,225,2025-04-15,Mouse,Accessories,3,900.00,2700.00,Card
1756,226,2025-04-29,Smartwatch,Electronics,1,7000.00,7000.00,Cash
1757,227,2025-05-13,Tablet,Electronics,2,22000.00,44000.00,"Net Banking"
1758,228,2025-05-27,Laptop,Electronics,3,55000.00,165000.00,UPI
1759,229,2025-06-10,Smartphone,Electronics,1,30000.00,30000.00,Card
1760,230,2025-06-24,Headphones,Electronics,2,2500.00,5000.00,Cash
1761,231,2025-07-08,Monitor,Electronics,3,12000.00,36000.00,"Net Banking"
1762,232,2025-07-22,Keyboard,Accessories,1,1800.00,1800.00,UPI
1763,233,2025-08-05,Mouse,Accessories,2,900.00,1800.00,Card
1764,234,2025-08-19,Smartwatch,Electronics,3,7000.00,21000.00,Cash
1765,235,2025-09-02,Tablet,Electronics,1,22000.00,22000.00,"Net Banking"
1766,236,2025-09-16,Laptop,Electronics,2,55000.00,110000.00,UPI
1767,237,2025-09-30,Smartphone,Electronics,3,30000.00,90000.00,Card
1768,238,2025-10-14,Headphones,Electronics,1,2500.00,2500.00,Cash
1769,239,2025-10-28,Monitor,Electronics,2,12000.00,24000.00,"Net Banking"
1770,240,2025-11-11,Keyboard,Accessories,3,1800.00,5400.00,UPI
1771,241,2025-11-25,Mouse,Accessories,1,900.00,900.00,Card
1772,242,2025-12-09,Smartwatch,Electronics,2,7000.00,14000.00,Cash
1773,243,2025-12-23,Tablet,Electronics,3,22000.00,66000.00,"Net Banking"
1774,244,2026-01-06,Laptop,Electronics,1,55000.00,55000.00,UPI
1775,245,2026-01-20,Smartphone,Electronics,2,30000.00,60000.00,Card
1776,246,2026-02-03,Headphones,Electronics,3,2500.00,7500.00,Cash
1777,247,2026-02-17,Monitor,Electronics,1,12000.00,12000.00,"Net Banking"
1778,248,2024-09-09,Keyboard,Accessories,2,1800.00,3600.00,UPI
1779,249,2024-09-23,Mouse,Accessories,3,900.00,2700.00,Card
1780,250,2024-10-07,Smartwatch,Electronics,1,7000.00,7000.00,Cash
1781,251,2024-10-21,Tablet,Electronics,2,22000.00,44000.00,"Net Banking"
1782,252,2024-11-04,Laptop,Electronics,3,55000.00,165000.00,UPI
1783,253,2024-11-18,Smartphone,Electronics,1,30000.00,30000.00,Card
1784,254,2024-12-02,Headphones,Electronics,2,2500.00,5000.00,Cash
1785,255,2024-12-16,Monitor,Electronics,3,12000.00,36000.00,"Net Banking"
1786,256,2024-12-30,Keyboard,Accessories,1,1800.00,1800.00,UPI
1787,257,2025-01-13,Mouse,Accessories,2,900.00,1800.00,Card
1788,258,2025-01-27,Smartwatch,Electronics,3,7000.00,21000.00,Cash
1789,259,2025-02-10,Tablet,Electronics,1,22000.00,22000.00,"Net Banking"
1790,260,2025-02-24,Laptop,Electronics,2,55000.00,110000.00,UPI
1791,261,2025-03-10,Smartphone,Electronics,3,30000.00,90000.00,Card
1792,262,2025-03-24,Headphones,Electronics,1,2500.00,2500.00,Cash
1793,263,2025-04-07,Monitor,Electronics,2,12000.00,24000.00,"Net Banking"
1794,264,2025-04-21,Keyboard,Accessories,3,1800.00,5400.00,UPI
1795,265,2025-05-05,Mouse,Accessories,1,900.00,900.00,Card
1796,266,2025-05-19,Smartwatch,Electronics,2,7000.00,14000.00,Cash
1797,267,2025-06-02,Tablet,Electronics,3,22000.00,66000.00,"Net Banking"
1798,268,2025-06-16,Laptop,Electronics,1,55000.00,55000.00,UPI
1799,269,2025-06-30,Smartphone,Electronics,2,30000.00,60000.00,Card
1800,270,2025-07-14,Headphones,Electronics,3,2500.00,7500.00,Cash
1801,271,2025-07-28,Monitor,Electronics,1,12000.00,12000.00,"Net Banking"
1802,272,2025-08-11,Keyboard,Accessories,2,1800.00,3600.00,UPI
1803,273,2025-08-25,Mouse,Accessories,3,900.00,2700.00,Card
1804,274,2025-09-08,Smartwatch,Electronics,1,7000.00,7000.00,Cash
1805,275,2025-09-22,Tablet,Electronics,2,22000.00,44000.00,"Net Banking"
1806,276,2025-10-06,Laptop,Electronics,3,55000.00,165000.00,UPI
1807,277,2025-10-20,Smartphone,Electronics,1,30000.00,30000.00,Card
1808,278,2025-11-03,Headphones,Electronics,2,2500.00,5000.00,Cash
1809,279,2025-11-17,Monitor,Electronics,3,12000.00,36000.00,"Net Banking"
1810,280,2025-12-01,Keyboard,Accessories,1,1800.00,1800.00,UPI
1811,281,2025-12-15,Mouse,Accessories,2,900.00,1800.00,Card
1812,282,2025-12-29,Smartwatch,Electronics,3,7000.00,21000.00,Cash
1813,283,2026-01-12,Tablet,Electronics,1,22000.00,22000.00,"Net Banking"
1814,284,2026-01-26,Laptop,Electronics,2,55000.00,110000.00,UPI
1815,285,2026-02-09,Smartphone,Electronics,3,30000.00,90000.00,Card
1816,286,2026-02-23,Headphones,Electronics,1,2500.00,2500.00,Cash
1817,287,2026-03-09,Monitor,Electronics,2,12000.00,24000.00,"Net Banking"
1818,288,2026-03-23,Keyboard,Accessories,3,1800.00,5400.00,UPI
1819,289,2026-04-06,Mouse,Accessories,1,900.00,900.00,Card
1820,290,2024-10-27,Smartwatch,Electronics,2,7000.00,14000.00,Cash
1821,291,2024-11-10,Tablet,Electronics,3,22000.00,66000.00,"Net Banking"
1822,292,2024-11-24,Laptop,Electronics,1,55000.00,55000.00,UPI
1823,293,2024-12-08,Smartphone,Electronics,2,30000.00,60000.00,Card
1824,294,2024-12-22,Headphones,Electronics,3,2500.00,7500.00,Cash
1825,295,2025-01-05,Monitor,Electronics,1,12000.00,12000.00,"Net Banking"
1826,296,2025-01-19,Keyboard,Accessories,2,1800.00,3600.00,UPI
1827,297,2025-02-02,Mouse,Accessories,3,900.00,2700.00,Card
1828,298,2025-02-16,Smartwatch,Electronics,1,7000.00,7000.00,Cash
1829,299,2025-03-02,Tablet,Electronics,2,22000.00,44000.00,"Net Banking"
1830,300,2025-03-16,Laptop,Electronics,3,55000.00,165000.00,UPI
1831,301,2025-03-30,Smartphone,Electronics,1,30000.00,30000.00,Card
1832,302,2025-04-13,Headphones,Electronics,2,2500.00,5000.00,Cash
1833,303,2025-04-27,Monitor,Electronics,3,12000.00,36000.00,"Net Banking"
1834,304,2025-05-11,Keyboard,Accessories,1,1800.00,1800.00,UPI
1835,305,2025-05-25,Mouse,Accessories,2,900.00,1800.00,Card
1836,306,2025-06-08,Smartwatch,Electronics,3,7000.00,21000.00,Cash
1837,307,2025-06-22,Tablet,Electronics,1,22000.00,22000.00,"Net Banking"
1838,308,2025-07-06,Laptop,Electronics,2,55000.00,110000.00,UPI
1839,309,2025-07-20,Smartphone,Electronics,3,30000.00,90000.00,Card
1840,310,2025-08-03,Headphones,Electronics,1,2500.00,2500.00,Cash
1841,311,2025-08-17,Monitor,Electronics,2,12000.00,24000.00,"Net Banking"
1842,312,2025-08-31,Keyboard,Accessories,3,1800.00,5400.00,UPI
1843,313,2025-09-14,Mouse,Accessories,1,900.00,900.00,Card
1844,314,2025-09-28,Smartwatch,Electronics,2,7000.00,14000.00,Cash
1845,315,2025-10-12,Tablet,Electronics,3,22000.00,66000.00,"Net Banking"
1846,316,2025-10-26,Laptop,Electronics,1,55000.00,55000.00,UPI
1847,317,2025-11-09,Smartphone,Electronics,2,30000.00,60000.00,Card
1848,318,2025-11-23,Headphones,Electronics,3,2500.00,7500.00,Cash
1849,319,2025-12-07,Monitor,Electronics,1,12000.00,12000.00,"Net Banking"
1850,320,2025-12-21,Keyboard,Accessories,2,1800.00,3600.00,UPI
1851,321,2026-01-04,Mouse,Accessories,3,900.00,2700.00,Card
1852,322,2026-01-18,Smartwatch,Electronics,1,7000.00,7000.00,Cash
1853,323,2026-02-01,Tablet,Electronics,2,22000.00,44000.00,"Net Banking"
1854,324,2026-02-15,Laptop,Electronics,3,55000.00,165000.00,UPI
1855,325,2026-03-01,Smartphone,Electronics,1,30000.00,30000.00,Card
1856,326,2026-03-15,Headphones,Electronics,2,2500.00,5000.00,Cash
1857,327,2026-03-29,Monitor,Electronics,3,12000.00,36000.00,"Net Banking"
1858,328,2026-04-12,Keyboard,Accessories,1,1800.00,1800.00,UPI
1859,329,2026-04-26,Mouse,Accessories,2,900.00,1800.00,Card
1860,330,2026-05-10,Smartwatch,Electronics,3,7000.00,21000.00,Cash
1861,331,2024-11-30,Tablet,Electronics,1,22000.00,22000.00,"Net Banking"
1862,332,2024-12-14,Laptop,Electronics,2,55000.00,110000.00,UPI
1863,333,2024-12-28,Smartphone,Electronics,3,30000.00,90000.00,Card
1864,334,2025-01-11,Headphones,Electronics,1,2500.00,2500.00,Cash
1865,335,2025-01-25,Monitor,Electronics,2,12000.00,24000.00,"Net Banking"
1866,336,2025-02-08,Keyboard,Accessories,3,1800.00,5400.00,UPI
1867,337,2025-02-22,Mouse,Accessories,1,900.00,900.00,Card
1868,338,2025-03-08,Smartwatch,Electronics,2,7000.00,14000.00,Cash
1869,339,2025-03-22,Tablet,Electronics,3,22000.00,66000.00,"Net Banking"
1870,340,2025-04-05,Laptop,Electronics,1,55000.00,55000.00,UPI
1871,341,2025-04-19,Smartphone,Electronics,2,30000.00,60000.00,Card
1872,342,2025-05-03,Headphones,Electronics,3,2500.00,7500.00,Cash
1873,343,2025-05-17,Monitor,Electronics,1,12000.00,12000.00,"Net Banking"
1874,344,2025-05-31,Keyboard,Accessories,2,1800.00,3600.00,UPI
1875,345,2025-06-14,Mouse,Accessories,3,900.00,2700.00,Card
1876,346,2025-06-28,Smartwatch,Electronics,1,7000.00,7000.00,Cash
1877,347,2025-07-12,Tablet,Electronics,2,22000.00,44000.00,"Net Banking"
1878,348,2025-07-26,Laptop,Electronics,3,55000.00,165000.00,UPI
1879,349,2025-08-09,Smartphone,Electronics,1,30000.00,30000.00,Card
1880,350,2025-08-23,Headphones,Electronics,2,2500.00,5000.00,Cash
1881,351,2025-09-06,Monitor,Electronics,3,12000.00,36000.00,"Net Banking"
1882,352,2025-09-20,Keyboard,Accessories,1,1800.00,1800.00,UPI
1883,353,2025-10-04,Mouse,Accessories,2,900.00,1800.00,Card
1884,354,2025-10-18,Smartwatch,Electronics,3,7000.00,21000.00,Cash
1885,355,2025-11-01,Tablet,Electronics,1,22000.00,22000.00,"Net Banking"
1886,356,2025-11-15,Laptop,Electronics,2,55000.00,110000.00,UPI
1887,357,2025-11-29,Smartphone,Electronics,3,30000.00,90000.00,Card
1888,358,2025-12-13,Headphones,Electronics,1,2500.00,2500.00,Cash
1889,359,2025-12-27,Monitor,Electronics,2,12000.00,24000.00,"Net Banking"
1890,360,2026-01-10,Keyboard,Accessories,3,1800.00,5400.00,UPI
1891,361,2026-01-24,Mouse,Accessories,1,900.00,900.00,Card
1892,362,2026-02-07,Smartwatch,Electronics,2,7000.00,14000.00,Cash
1893,363,2026-02-21,Tablet,Electronics,3,22000.00,66000.00,"Net Banking"
1894,364,2026-03-07,Laptop,Electronics,1,55000.00,55000.00,UPI
1895,365,2025-03-21,Smartphone,Electronics,2,30000.00,60000.00,Card
1896,366,2025-04-04,Headphones,Electronics,3,2500.00,7500.00,Cash
1897,367,2025-04-18,Monitor,Electronics,1,12000.00,12000.00,"Net Banking"
1898,368,2025-05-02,Keyboard,Accessories,2,1800.00,3600.00,UPI
1899,369,2025-05-16,Mouse,Accessories,3,900.00,2700.00,Card
1900,370,2025-05-30,Smartwatch,Electronics,1,7000.00,7000.00,Cash
1901,371,2025-06-13,Tablet,Electronics,2,22000.00,44000.00,"Net Banking"
1902,372,2025-06-27,Laptop,Electronics,3,55000.00,165000.00,UPI
1903,373,2024-01-18,Smartphone,Electronics,1,30000.00,30000.00,Card
1904,374,2024-02-01,Headphones,Electronics,2,2500.00,5000.00,Cash
1905,375,2024-02-15,Monitor,Electronics,3,12000.00,36000.00,"Net Banking"
1906,376,2024-02-29,Keyboard,Accessories,1,1800.00,1800.00,UPI
1907,377,2024-03-14,Mouse,Accessories,2,900.00,1800.00,Card
1908,378,2024-03-28,Smartwatch,Electronics,3,7000.00,21000.00,Cash
1909,379,2024-04-11,Tablet,Electronics,1,22000.00,22000.00,"Net Banking"
1910,380,2024-04-25,Laptop,Electronics,2,55000.00,110000.00,UPI
1911,381,2024-05-09,Smartphone,Electronics,3,30000.00,90000.00,Card
1912,382,2024-05-23,Headphones,Electronics,1,2500.00,2500.00,Cash
1913,383,2024-06-06,Monitor,Electronics,2,12000.00,24000.00,"Net Banking"
1914,384,2024-06-20,Keyboard,Accessories,3,1800.00,5400.00,UPI
1915,385,2024-07-04,Mouse,Accessories,1,900.00,900.00,Card
1916,386,2024-07-18,Smartwatch,Electronics,2,7000.00,14000.00,Cash
1917,387,2024-08-01,Tablet,Electronics,3,22000.00,66000.00,"Net Banking"
1918,388,2024-08-15,Laptop,Electronics,1,55000.00,55000.00,UPI
1919,389,2024-08-29,Smartphone,Electronics,2,30000.00,60000.00,Card
1920,390,2024-09-12,Headphones,Electronics,3,2500.00,7500.00,Cash
1921,391,2024-09-26,Monitor,Electronics,1,12000.00,12000.00,"Net Banking"
1922,392,2024-10-10,Keyboard,Accessories,2,1800.00,3600.00,UPI
1923,393,2024-10-24,Mouse,Accessories,3,900.00,2700.00,Card
1924,394,2024-11-07,Smartwatch,Electronics,1,7000.00,7000.00,Cash
1925,395,2024-11-21,Tablet,Electronics,2,22000.00,44000.00,"Net Banking"
1926,396,2024-12-05,Laptop,Electronics,3,55000.00,165000.00,UPI
1927,397,2024-12-19,Smartphone,Electronics,1,30000.00,30000.00,Card
1928,398,2025-01-02,Headphones,Electronics,2,2500.00,5000.00,Cash
1929,399,2025-01-16,Monitor,Electronics,3,12000.00,36000.00,"Net Banking"
1930,400,2025-01-30,Keyboard,Accessories,1,1800.00,1800.00,UPI
1931,401,2025-02-13,Mouse,Accessories,2,900.00,1800.00,Card
1932,402,2025-02-27,Smartwatch,Electronics,3,7000.00,21000.00,Cash
1933,403,2025-03-13,Tablet,Electronics,1,22000.00,22000.00,"Net Banking"
1934,404,2025-03-27,Laptop,Electronics,2,55000.00,110000.00,UPI
1935,405,2025-04-10,Smartphone,Electronics,3,30000.00,90000.00,Card
1936,406,2025-04-24,Headphones,Electronics,1,2500.00,2500.00,Cash
1937,407,2025-05-08,Monitor,Electronics,2,12000.00,24000.00,"Net Banking"
1938,408,2025-05-22,Keyboard,Accessories,3,1800.00,5400.00,UPI
1939,409,2025-06-05,Mouse,Accessories,1,900.00,900.00,Card
1940,410,2025-06-19,Smartwatch,Electronics,2,7000.00,14000.00,Cash
1941,411,2025-07-03,Tablet,Electronics,3,22000.00,66000.00,"Net Banking"
1942,412,2025-07-17,Laptop,Electronics,1,55000.00,55000.00,UPI
1943,413,2025-07-31,Smartphone,Electronics,2,30000.00,60000.00,Card
1944,414,2024-02-21,Headphones,Electronics,3,2500.00,7500.00,Cash
1945,415,2024-03-06,Monitor,Electronics,1,12000.00,12000.00,"Net Banking"
1946,416,2024-03-20,Keyboard,Accessories,2,1800.00,3600.00,UPI
1947,417,2024-04-03,Mouse,Accessories,3,900.00,2700.00,Card
1948,418,2024-04-17,Smartwatch,Electronics,1,7000.00,7000.00,Cash
1949,419,2024-05-01,Tablet,Electronics,2,22000.00,44000.00,"Net Banking"
1950,420,2024-05-15,Laptop,Electronics,3,55000.00,165000.00,UPI
1951,421,2024-05-29,Smartphone,Electronics,1,30000.00,30000.00,Card
1952,422,2024-06-12,Headphones,Electronics,2,2500.00,5000.00,Cash
1953,423,2024-06-26,Monitor,Electronics,3,12000.00,36000.00,"Net Banking"
1954,424,2024-07-10,Keyboard,Accessories,1,1800.00,1800.00,UPI
1955,425,2024-07-24,Mouse,Accessories,2,900.00,1800.00,Card
1956,426,2024-08-07,Smartwatch,Electronics,3,7000.00,21000.00,Cash
1957,427,2024-08-21,Tablet,Electronics,1,22000.00,22000.00,"Net Banking"
1958,428,2024-09-04,Laptop,Electronics,2,55000.00,110000.00,UPI
1959,429,2024-09-18,Smartphone,Electronics,3,30000.00,90000.00,Card
1960,430,2024-10-02,Headphones,Electronics,1,2500.00,2500.00,Cash
1961,431,2024-10-16,Monitor,Electronics,2,12000.00,24000.00,"Net Banking"
1962,432,2024-10-30,Keyboard,Accessories,3,1800.00,5400.00,UPI
1963,433,2024-11-13,Mouse,Accessories,1,900.00,900.00,Card
1964,434,2024-11-27,Smartwatch,Electronics,2,7000.00,14000.00,Cash
1965,435,2024-12-11,Tablet,Electronics,3,22000.00,66000.00,"Net Banking"
1966,436,2024-12-25,Laptop,Electronics,1,55000.00,55000.00,UPI
1967,437,2025-01-08,Smartphone,Electronics,2,30000.00,60000.00,Card
1968,438,2025-01-22,Headphones,Electronics,3,2500.00,7500.00,Cash
1969,439,2025-02-05,Monitor,Electronics,1,12000.00,12000.00,"Net Banking"
1970,440,2025-02-19,Keyboard,Accessories,2,1800.00,3600.00,UPI
1971,441,2025-03-05,Mouse,Accessories,3,900.00,2700.00,Card
1972,442,2025-03-19,Smartwatch,Electronics,1,7000.00,7000.00,Cash
1973,443,2025-04-02,Tablet,Electronics,2,22000.00,44000.00,"Net Banking"
1974,444,2025-04-16,Laptop,Electronics,3,55000.00,165000.00,UPI
1975,445,2025-04-30,Smartphone,Electronics,1,30000.00,30000.00,Card
1976,446,2025-05-14,Headphones,Electronics,2,2500.00,5000.00,Cash
1977,447,2025-05-28,Monitor,Electronics,3,12000.00,36000.00,"Net Banking"
1978,448,2025-06-11,Keyboard,Accessories,1,1800.00,1800.00,UPI
1979,449,2025-06-25,Mouse,Accessories,2,900.00,1800.00,Card
1980,450,2025-07-09,Smartwatch,Electronics,3,7000.00,21000.00,Cash
1981,451,2025-07-23,Tablet,Electronics,1,22000.00,22000.00,"Net Banking"
1982,452,2025-08-06,Laptop,Electronics,2,55000.00,110000.00,UPI
1983,453,2025-08-20,Smartphone,Electronics,3,30000.00,90000.00,Card
1984,454,2025-09-03,Headphones,Electronics,1,2500.00,2500.00,Cash
1985,455,2025-09-17,Monitor,Electronics,2,12000.00,24000.00,"Net Banking"
1986,456,2024-04-09,Keyboard,Accessories,3,1800.00,5400.00,UPI
1987,457,2024-04-23,Mouse,Accessories,1,900.00,900.00,Card
1988,458,2024-05-07,Smartwatch,Electronics,2,7000.00,14000.00,Cash
1989,459,2024-05-21,Tablet,Electronics,3,22000.00,66000.00,"Net Banking"
1990,460,2024-06-04,Laptop,Electronics,1,55000.00,55000.00,UPI
1991,461,2024-06-18,Smartphone,Electronics,2,30000.00,60000.00,Card
1992,462,2024-07-02,Headphones,Electronics,3,2500.00,7500.00,Cash
1993,463,2024-07-16,Monitor,Electronics,1,12000.00,12000.00,"Net Banking"
1994,464,2024-07-30,Keyboard,Accessories,2,1800.00,3600.00,UPI
1995,465,2024-08-13,Mouse,Accessories,3,900.00,2700.00,Card
1996,466,2024-08-27,Smartwatch,Electronics,1,7000.00,7000.00,Cash
1997,467,2024-09-10,Tablet,Electronics,2,22000.00,44000.00,"Net Banking"
1998,468,2024-09-24,Laptop,Electronics,3,55000.00,165000.00,UPI
1999,469,2024-10-08,Smartphone,Electronics,1,30000.00,30000.00,Card
2000,470,2024-10-22,Headphones,Electronics,2,2500.00,5000.00,Cash
2001,471,2024-11-05,Monitor,Electronics,3,12000.00,36000.00,"Net Banking"
2002,472,2024-11-19,Keyboard,Accessories,1,1800.00,1800.00,UPI
2003,473,2024-12-03,Mouse,Accessories,2,900.00,1800.00,Card
2004,474,2024-12-17,Smartwatch,Electronics,3,7000.00,21000.00,Cash
2005,475,2024-12-31,Tablet,Electronics,1,22000.00,22000.00,"Net Banking"
2006,476,2025-01-14,Laptop,Electronics,2,55000.00,110000.00,UPI
2007,477,2025-01-28,Smartphone,Electronics,3,30000.00,90000.00,Card
2008,478,2025-02-11,Headphones,Electronics,1,2500.00,2500.00,Cash
2009,479,2025-02-25,Monitor,Electronics,2,12000.00,24000.00,"Net Banking"
2010,480,2025-03-11,Keyboard,Accessories,3,1800.00,5400.00,UPI
2011,481,2025-03-25,Mouse,Accessories,1,900.00,900.00,Card
2012,482,2025-04-08,Smartwatch,Electronics,2,7000.00,14000.00,Cash
2013,483,2025-04-22,Tablet,Electronics,3,22000.00,66000.00,"Net Banking"
2014,484,2025-05-06,Laptop,Electronics,1,55000.00,55000.00,UPI
2015,485,2025-05-20,Smartphone,Electronics,2,30000.00,60000.00,Card
2016,486,2025-06-03,Headphones,Electronics,3,2500.00,7500.00,Cash
2017,487,2025-06-17,Monitor,Electronics,1,12000.00,12000.00,"Net Banking"
2018,488,2025-07-01,Keyboard,Accessories,2,1800.00,3600.00,UPI
2019,489,2025-07-15,Mouse,Accessories,3,900.00,2700.00,Card
2020,490,2025-07-29,Smartwatch,Electronics,1,7000.00,7000.00,Cash
2021,491,2025-08-12,Tablet,Electronics,2,22000.00,44000.00,"Net Banking"
2022,492,2025-08-26,Laptop,Electronics,3,55000.00,165000.00,UPI
2023,493,2025-09-09,Smartphone,Electronics,1,30000.00,30000.00,Card
2024,494,2025-09-23,Headphones,Electronics,2,2500.00,5000.00,Cash
2025,495,2025-10-07,Monitor,Electronics,3,12000.00,36000.00,"Net Banking"
2026,496,2025-10-21,Keyboard,Accessories,1,1800.00,1800.00,UPI
2027,497,2024-05-13,Mouse,Accessories,2,900.00,1800.00,Card
2028,498,2024-05-27,Smartwatch,Electronics,3,7000.00,21000.00,Cash
2029,499,2024-06-10,Tablet,Electronics,1,22000.00,22000.00,"Net Banking"
2030,500,2024-06-24,Laptop,Electronics,2,55000.00,110000.00,UPI
2031,1,2025-03-04,Smartphone,Electronics,3,30000.00,90000.00,Card
2032,2,2025-03-22,Headphones,Electronics,1,2500.00,2500.00,Cash
2033,3,2025-04-25,Monitor,Electronics,2,12000.00,24000.00,"Net Banking"
2034,4,2025-05-21,Keyboard,Accessories,3,1800.00,5400.00,UPI
2035,5,2025-06-15,Mouse,Accessories,1,900.00,900.00,Card
2036,6,2025-07-08,Smartwatch,Electronics,2,7000.00,14000.00,Cash
2037,7,2025-08-03,Tablet,Electronics,3,22000.00,66000.00,"Net Banking"
2038,8,2025-08-30,Laptop,Electronics,1,55000.00,55000.00,UPI
2039,9,2025-09-24,Smartphone,Electronics,2,30000.00,60000.00,Card
2040,10,2025-10-20,Headphones,Electronics,3,2500.00,7500.00,Cash
2041,11,2025-11-14,Monitor,Electronics,1,12000.00,12000.00,"Net Banking"
2042,12,2025-12-14,Keyboard,Accessories,2,1800.00,3600.00,UPI
2043,13,2026-01-13,Mouse,Accessories,3,900.00,2700.00,Card
2044,14,2026-02-12,Smartwatch,Electronics,1,7000.00,7000.00,Cash
2045,15,2026-03-14,Tablet,Electronics,2,22000.00,44000.00,"Net Banking"
2046,16,2026-04-15,Laptop,Electronics,3,55000.00,165000.00,UPI
2047,17,2026-05-13,Smartphone,Electronics,1,30000.00,30000.00,Card
2048,18,2026-06-13,Headphones,Electronics,2,2500.00,5000.00,Cash
2049,19,2026-07-15,Monitor,Electronics,3,12000.00,36000.00,"Net Banking"
2050,20,2026-08-14,Keyboard,Accessories,1,1800.00,1800.00,UPI
2051,21,2024-11-30,Mouse,Accessories,2,900.00,1800.00,Card
2052,22,2024-12-14,Smartwatch,Electronics,3,7000.00,21000.00,Cash
2053,23,2024-12-28,Tablet,Electronics,1,22000.00,22000.00,"Net Banking"
2054,24,2025-01-11,Laptop,Electronics,2,55000.00,110000.00,UPI
2055,25,2025-01-25,Smartphone,Electronics,3,30000.00,90000.00,Card
2056,26,2025-02-08,Headphones,Electronics,1,2500.00,2500.00,Cash
2057,27,2025-02-22,Monitor,Electronics,2,12000.00,24000.00,"Net Banking"
2058,28,2025-03-08,Keyboard,Accessories,3,1800.00,5400.00,UPI
2059,29,2025-03-22,Mouse,Accessories,1,900.00,900.00,Card
2060,30,2025-04-05,Smartwatch,Electronics,2,7000.00,14000.00,Cash
2061,31,2025-04-19,Tablet,Electronics,3,22000.00,66000.00,"Net Banking"
2062,32,2025-05-03,Laptop,Electronics,1,55000.00,55000.00,UPI
2063,33,2025-05-17,Smartphone,Electronics,2,30000.00,60000.00,Card
2064,34,2025-05-31,Headphones,Electronics,3,2500.00,7500.00,Cash
2065,35,2025-06-14,Monitor,Electronics,1,12000.00,12000.00,"Net Banking"
2066,36,2025-06-28,Keyboard,Accessories,2,1800.00,3600.00,UPI
2067,37,2025-07-12,Mouse,Accessories,3,900.00,2700.00,Card
2068,38,2025-07-26,Smartwatch,Electronics,1,7000.00,7000.00,Cash
2069,39,2024-02-16,Tablet,Electronics,2,22000.00,44000.00,"Net Banking"
2070,40,2024-03-01,Laptop,Electronics,3,55000.00,165000.00,UPI
2071,41,2024-03-15,Smartphone,Electronics,1,30000.00,30000.00,Card
2072,42,2024-03-29,Headphones,Electronics,2,2500.00,5000.00,Cash
2073,43,2024-04-12,Monitor,Electronics,3,12000.00,36000.00,"Net Banking"
2074,44,2024-04-26,Keyboard,Accessories,1,1800.00,1800.00,UPI
2075,45,2024-05-10,Mouse,Accessories,2,900.00,1800.00,Card
2076,46,2024-05-24,Smartwatch,Electronics,3,7000.00,21000.00,Cash
2077,47,2024-06-07,Tablet,Electronics,1,22000.00,22000.00,"Net Banking"
2078,48,2024-06-21,Laptop,Electronics,2,55000.00,110000.00,UPI
2079,49,2024-07-05,Smartphone,Electronics,3,30000.00,90000.00,Card
2080,50,2024-07-19,Headphones,Electronics,1,2500.00,2500.00,Cash
2081,51,2024-08-02,Monitor,Electronics,2,12000.00,24000.00,"Net Banking"
2082,52,2024-08-16,Keyboard,Accessories,3,1800.00,5400.00,UPI
2083,53,2024-08-30,Mouse,Accessories,1,900.00,900.00,Card
2084,54,2024-09-13,Smartwatch,Electronics,2,7000.00,14000.00,Cash
2085,55,2024-09-27,Tablet,Electronics,3,22000.00,66000.00,"Net Banking"
2086,56,2024-10-11,Laptop,Electronics,1,55000.00,55000.00,UPI
2087,57,2024-10-25,Smartphone,Electronics,2,30000.00,60000.00,Card
2088,58,2024-11-08,Headphones,Electronics,3,2500.00,7500.00,Cash
2089,59,2024-11-22,Monitor,Electronics,1,12000.00,12000.00,"Net Banking"
2090,60,2024-12-06,Keyboard,Accessories,2,1800.00,3600.00,UPI
2091,61,2024-12-20,Mouse,Accessories,3,900.00,2700.00,Card
2092,62,2025-01-03,Smartwatch,Electronics,1,7000.00,7000.00,Cash
2093,63,2025-01-17,Tablet,Electronics,2,22000.00,44000.00,"Net Banking"
2094,64,2025-01-31,Laptop,Electronics,3,55000.00,165000.00,UPI
2095,65,2025-02-14,Smartphone,Electronics,1,30000.00,30000.00,Card
2096,66,2025-02-28,Headphones,Electronics,2,2500.00,5000.00,Cash
2097,67,2025-03-14,Monitor,Electronics,3,12000.00,36000.00,"Net Banking"
2098,68,2025-03-28,Keyboard,Accessories,1,1800.00,1800.00,UPI
2099,69,2025-04-11,Mouse,Accessories,2,900.00,1800.00,Card
2100,70,2025-04-25,Smartwatch,Electronics,3,7000.00,21000.00,Cash
2101,71,2025-05-09,Tablet,Electronics,1,22000.00,22000.00,"Net Banking"
2102,72,2025-05-23,Laptop,Electronics,2,55000.00,110000.00,UPI
2103,73,2025-06-06,Smartphone,Electronics,3,30000.00,90000.00,Card
2104,74,2025-06-20,Headphones,Electronics,1,2500.00,2500.00,Cash
2105,75,2025-07-04,Monitor,Electronics,2,12000.00,24000.00,"Net Banking"
2106,76,2025-07-18,Keyboard,Accessories,3,1800.00,5400.00,UPI
2107,77,2025-08-01,Mouse,Accessories,1,900.00,900.00,Card
2108,78,2025-08-15,Smartwatch,Electronics,2,7000.00,14000.00,Cash
2109,79,2025-08-29,Tablet,Electronics,3,22000.00,66000.00,"Net Banking"
2110,80,2024-03-21,Laptop,Electronics,1,55000.00,55000.00,UPI
2111,81,2024-04-04,Smartphone,Electronics,2,30000.00,60000.00,Card
2112,82,2024-04-18,Headphones,Electronics,3,2500.00,7500.00,Cash
2113,83,2024-05-02,Monitor,Electronics,1,12000.00,12000.00,"Net Banking"
2114,84,2024-05-16,Keyboard,Accessories,2,1800.00,3600.00,UPI
2115,85,2024-05-30,Mouse,Accessories,3,900.00,2700.00,Card
2116,86,2024-06-13,Smartwatch,Electronics,1,7000.00,7000.00,Cash
2117,87,2024-06-27,Tablet,Electronics,2,22000.00,44000.00,"Net Banking"
2118,88,2024-07-11,Laptop,Electronics,3,55000.00,165000.00,UPI
2119,89,2024-07-25,Smartphone,Electronics,1,30000.00,30000.00,Card
2120,90,2024-08-08,Headphones,Electronics,2,2500.00,5000.00,Cash
2121,91,2024-08-22,Monitor,Electronics,3,12000.00,36000.00,"Net Banking"
2122,92,2024-09-05,Keyboard,Accessories,1,1800.00,1800.00,UPI
2123,93,2024-09-19,Mouse,Accessories,2,900.00,1800.00,Card
2124,94,2024-10-03,Smartwatch,Electronics,3,7000.00,21000.00,Cash
2125,95,2024-10-17,Tablet,Electronics,1,22000.00,22000.00,"Net Banking"
2126,96,2024-10-31,Laptop,Electronics,2,55000.00,110000.00,UPI
2127,97,2024-11-14,Smartphone,Electronics,3,30000.00,90000.00,Card
2128,98,2024-11-28,Headphones,Electronics,1,2500.00,2500.00,Cash
2129,99,2024-12-12,Monitor,Electronics,2,12000.00,24000.00,"Net Banking"
2130,100,2024-12-26,Keyboard,Accessories,3,1800.00,5400.00,UPI
2131,101,2025-01-09,Mouse,Accessories,1,900.00,900.00,Card
2132,102,2025-01-23,Smartwatch,Electronics,2,7000.00,14000.00,Cash
2133,103,2025-02-06,Tablet,Electronics,3,22000.00,66000.00,"Net Banking"
2134,104,2025-02-20,Laptop,Electronics,1,55000.00,55000.00,UPI
2135,105,2025-03-06,Smartphone,Electronics,2,30000.00,60000.00,Card
2136,106,2025-03-20,Headphones,Electronics,3,2500.00,7500.00,Cash
2137,107,2025-04-03,Monitor,Electronics,1,12000.00,12000.00,"Net Banking"
2138,108,2025-04-17,Keyboard,Accessories,2,1800.00,3600.00,UPI
2139,109,2025-05-01,Mouse,Accessories,3,900.00,2700.00,Card
2140,110,2025-05-15,Smartwatch,Electronics,1,7000.00,7000.00,Cash
2141,111,2025-05-29,Tablet,Electronics,2,22000.00,44000.00,"Net Banking"
2142,112,2025-06-12,Laptop,Electronics,3,55000.00,165000.00,UPI
2143,113,2025-06-26,Smartphone,Electronics,1,30000.00,30000.00,Card
2144,114,2025-07-10,Headphones,Electronics,2,2500.00,5000.00,Cash
2145,115,2025-07-24,Monitor,Electronics,3,12000.00,36000.00,"Net Banking"
2146,116,2025-08-07,Keyboard,Accessories,1,1800.00,1800.00,UPI
2147,117,2025-08-21,Mouse,Accessories,2,900.00,1800.00,Card
2148,118,2025-09-04,Smartwatch,Electronics,3,7000.00,21000.00,Cash
2149,119,2025-09-18,Tablet,Electronics,1,22000.00,22000.00,"Net Banking"
2150,120,2025-10-02,Laptop,Electronics,2,55000.00,110000.00,UPI
2151,121,2025-10-16,Smartphone,Electronics,3,30000.00,90000.00,Card
2152,122,2024-05-08,Headphones,Electronics,1,2500.00,2500.00,Cash
2153,123,2024-05-22,Monitor,Electronics,2,12000.00,24000.00,"Net Banking"
2154,124,2024-06-05,Keyboard,Accessories,3,1800.00,5400.00,UPI
2155,125,2024-06-19,Mouse,Accessories,1,900.00,900.00,Card
2156,126,2024-07-03,Smartwatch,Electronics,2,7000.00,14000.00,Cash
2157,127,2024-07-17,Tablet,Electronics,3,22000.00,66000.00,"Net Banking"
2158,128,2024-07-31,Laptop,Electronics,1,55000.00,55000.00,UPI
2159,129,2024-08-14,Smartphone,Electronics,2,30000.00,60000.00,Card
2160,130,2024-08-28,Headphones,Electronics,3,2500.00,7500.00,Cash
2161,131,2024-09-11,Monitor,Electronics,1,12000.00,12000.00,"Net Banking"
2162,132,2024-09-25,Keyboard,Accessories,2,1800.00,3600.00,UPI
2163,133,2024-10-09,Mouse,Accessories,3,900.00,2700.00,Card
2164,134,2024-10-23,Smartwatch,Electronics,1,7000.00,7000.00,Cash
2165,135,2024-11-06,Tablet,Electronics,2,22000.00,44000.00,"Net Banking"
2166,136,2024-11-20,Laptop,Electronics,3,55000.00,165000.00,UPI
2167,137,2024-12-04,Smartphone,Electronics,1,30000.00,30000.00,Card
2168,138,2024-12-18,Headphones,Electronics,2,2500.00,5000.00,Cash
2169,139,2025-01-01,Monitor,Electronics,3,12000.00,36000.00,"Net Banking"
2170,140,2025-01-15,Keyboard,Accessories,1,1800.00,1800.00,UPI
2171,141,2025-01-29,Mouse,Accessories,2,900.00,1800.00,Card
2172,142,2025-02-12,Smartwatch,Electronics,3,7000.00,21000.00,Cash
2173,143,2025-02-26,Tablet,Electronics,1,22000.00,22000.00,"Net Banking"
2174,144,2025-03-12,Laptop,Electronics,2,55000.00,110000.00,UPI
2175,145,2025-03-26,Smartphone,Electronics,3,30000.00,90000.00,Card
2176,146,2025-04-09,Headphones,Electronics,1,2500.00,2500.00,Cash
2177,147,2025-04-23,Monitor,Electronics,2,12000.00,24000.00,"Net Banking"
2178,148,2025-05-07,Keyboard,Accessories,3,1800.00,5400.00,UPI
2179,149,2025-05-21,Mouse,Accessories,1,900.00,900.00,Card
2180,150,2025-06-04,Smartwatch,Electronics,2,7000.00,14000.00,Cash
2181,151,2025-06-18,Tablet,Electronics,3,22000.00,66000.00,"Net Banking"
2182,152,2025-07-02,Laptop,Electronics,1,55000.00,55000.00,UPI
2183,153,2025-07-16,Smartphone,Electronics,2,30000.00,60000.00,Card
2184,154,2025-07-30,Headphones,Electronics,3,2500.00,7500.00,Cash
2185,155,2025-08-13,Monitor,Electronics,1,12000.00,12000.00,"Net Banking"
2186,156,2025-08-27,Keyboard,Accessories,2,1800.00,3600.00,UPI
2187,157,2025-09-10,Mouse,Accessories,3,900.00,2700.00,Card
2188,158,2025-09-24,Smartwatch,Electronics,1,7000.00,7000.00,Cash
2189,159,2025-10-08,Tablet,Electronics,2,22000.00,44000.00,"Net Banking"
2190,160,2025-10-22,Laptop,Electronics,3,55000.00,165000.00,UPI
2191,161,2025-11-05,Smartphone,Electronics,1,30000.00,30000.00,Card
2192,162,2025-11-19,Headphones,Electronics,2,2500.00,5000.00,Cash
2193,163,2025-12-03,Monitor,Electronics,3,12000.00,36000.00,"Net Banking"
2194,164,2024-06-25,Keyboard,Accessories,1,1800.00,1800.00,UPI
2195,165,2024-07-09,Mouse,Accessories,2,900.00,1800.00,Card
2196,166,2024-07-23,Smartwatch,Electronics,3,7000.00,21000.00,Cash
2197,167,2024-08-06,Tablet,Electronics,1,22000.00,22000.00,"Net Banking"
2198,168,2024-08-20,Laptop,Electronics,2,55000.00,110000.00,UPI
2199,169,2024-09-03,Smartphone,Electronics,3,30000.00,90000.00,Card
2200,170,2024-09-17,Headphones,Electronics,1,2500.00,2500.00,Cash
2201,171,2024-10-01,Monitor,Electronics,2,12000.00,24000.00,"Net Banking"
2202,172,2024-10-15,Keyboard,Accessories,3,1800.00,5400.00,UPI
2203,173,2024-10-29,Mouse,Accessories,1,900.00,900.00,Card
2204,174,2024-11-12,Smartwatch,Electronics,2,7000.00,14000.00,Cash
2205,175,2024-11-26,Tablet,Electronics,3,22000.00,66000.00,"Net Banking"
2206,176,2024-12-10,Laptop,Electronics,1,55000.00,55000.00,UPI
2207,177,2024-12-24,Smartphone,Electronics,2,30000.00,60000.00,Card
2208,178,2025-01-07,Headphones,Electronics,3,2500.00,7500.00,Cash
2209,179,2025-01-21,Monitor,Electronics,1,12000.00,12000.00,"Net Banking"
2210,180,2025-02-04,Keyboard,Accessories,2,1800.00,3600.00,UPI
2211,181,2025-02-18,Mouse,Accessories,3,900.00,2700.00,Card
2212,182,2025-03-04,Smartwatch,Electronics,1,7000.00,7000.00,Cash
2213,183,2025-03-18,Tablet,Electronics,2,22000.00,44000.00,"Net Banking"
2214,184,2025-04-01,Laptop,Electronics,3,55000.00,165000.00,UPI
2215,185,2025-04-15,Smartphone,Electronics,1,30000.00,30000.00,Card
2216,186,2025-04-29,Headphones,Electronics,2,2500.00,5000.00,Cash
2217,187,2025-05-13,Monitor,Electronics,3,12000.00,36000.00,"Net Banking"
2218,188,2025-05-27,Keyboard,Accessories,1,1800.00,1800.00,UPI
2219,189,2025-06-10,Mouse,Accessories,2,900.00,1800.00,Card
2220,190,2025-06-24,Smartwatch,Electronics,3,7000.00,21000.00,Cash
2221,191,2025-07-08,Tablet,Electronics,1,22000.00,22000.00,"Net Banking"
2222,192,2025-07-22,Laptop,Electronics,2,55000.00,110000.00,UPI
2223,193,2025-08-05,Smartphone,Electronics,3,30000.00,90000.00,Card
2224,194,2025-08-19,Headphones,Electronics,1,2500.00,2500.00,Cash
2225,195,2025-09-02,Monitor,Electronics,2,12000.00,24000.00,"Net Banking"
2226,196,2025-09-16,Keyboard,Accessories,3,1800.00,5400.00,UPI
2227,197,2025-09-30,Mouse,Accessories,1,900.00,900.00,Card
2228,198,2025-10-14,Smartwatch,Electronics,2,7000.00,14000.00,Cash
2229,199,2025-10-28,Tablet,Electronics,3,22000.00,66000.00,"Net Banking"
2230,200,2025-11-11,Laptop,Electronics,1,55000.00,55000.00,UPI
2231,201,2025-11-25,Smartphone,Electronics,2,30000.00,60000.00,Card
2232,202,2025-12-09,Headphones,Electronics,3,2500.00,7500.00,Cash
2233,203,2025-12-23,Monitor,Electronics,1,12000.00,12000.00,"Net Banking"
2234,204,2026-01-06,Keyboard,Accessories,2,1800.00,3600.00,UPI
2235,205,2024-07-29,Mouse,Accessories,3,900.00,2700.00,Card
2236,206,2024-08-12,Smartwatch,Electronics,1,7000.00,7000.00,Cash
2237,207,2024-08-26,Tablet,Electronics,2,22000.00,44000.00,"Net Banking"
2238,208,2024-09-09,Laptop,Electronics,3,55000.00,165000.00,UPI
2239,209,2024-09-23,Smartphone,Electronics,1,30000.00,30000.00,Card
2240,210,2024-10-07,Headphones,Electronics,2,2500.00,5000.00,Cash
2241,211,2024-10-21,Monitor,Electronics,3,12000.00,36000.00,"Net Banking"
2242,212,2024-11-04,Keyboard,Accessories,1,1800.00,1800.00,UPI
2243,213,2024-11-18,Mouse,Accessories,2,900.00,1800.00,Card
2244,214,2024-12-02,Smartwatch,Electronics,3,7000.00,21000.00,Cash
2245,215,2024-12-16,Tablet,Electronics,1,22000.00,22000.00,"Net Banking"
2246,216,2024-12-30,Laptop,Electronics,2,55000.00,110000.00,UPI
2247,217,2025-01-13,Smartphone,Electronics,3,30000.00,90000.00,Card
2248,218,2025-01-27,Headphones,Electronics,1,2500.00,2500.00,Cash
2249,219,2025-02-10,Monitor,Electronics,2,12000.00,24000.00,"Net Banking"
2250,220,2025-02-24,Keyboard,Accessories,3,1800.00,5400.00,UPI
2251,221,2025-03-10,Mouse,Accessories,1,900.00,900.00,Card
2252,222,2025-03-24,Smartwatch,Electronics,2,7000.00,14000.00,Cash
2253,223,2025-04-07,Tablet,Electronics,3,22000.00,66000.00,"Net Banking"
2254,224,2025-04-21,Laptop,Electronics,1,55000.00,55000.00,UPI
2255,225,2025-05-05,Smartphone,Electronics,2,30000.00,60000.00,Card
2256,226,2025-05-19,Headphones,Electronics,3,2500.00,7500.00,Cash
2257,227,2025-06-02,Monitor,Electronics,1,12000.00,12000.00,"Net Banking"
2258,228,2025-06-16,Keyboard,Accessories,2,1800.00,3600.00,UPI
2259,229,2025-06-30,Mouse,Accessories,3,900.00,2700.00,Card
2260,230,2025-07-14,Smartwatch,Electronics,1,7000.00,7000.00,Cash
2261,231,2025-07-28,Tablet,Electronics,2,22000.00,44000.00,"Net Banking"
2262,232,2025-08-11,Laptop,Electronics,3,55000.00,165000.00,UPI
2263,233,2025-08-25,Smartphone,Electronics,1,30000.00,30000.00,Card
2264,234,2025-09-08,Headphones,Electronics,2,2500.00,5000.00,Cash
2265,235,2025-09-22,Monitor,Electronics,3,12000.00,36000.00,"Net Banking"
2266,236,2025-10-06,Keyboard,Accessories,1,1800.00,1800.00,UPI
2267,237,2025-10-20,Mouse,Accessories,2,900.00,1800.00,Card
2268,238,2025-11-03,Smartwatch,Electronics,3,7000.00,21000.00,Cash
2269,239,2025-11-17,Tablet,Electronics,1,22000.00,22000.00,"Net Banking"
2270,240,2025-12-01,Laptop,Electronics,2,55000.00,110000.00,UPI
2271,241,2025-12-15,Smartphone,Electronics,3,30000.00,90000.00,Card
2272,242,2025-12-29,Headphones,Electronics,1,2500.00,2500.00,Cash
2273,243,2026-01-12,Monitor,Electronics,2,12000.00,24000.00,"Net Banking"
2274,244,2026-01-26,Keyboard,Accessories,3,1800.00,5400.00,UPI
2275,245,2026-02-09,Mouse,Accessories,1,900.00,900.00,Card
2276,246,2026-02-23,Smartwatch,Electronics,2,7000.00,14000.00,Cash
2277,247,2024-09-15,Tablet,Electronics,3,22000.00,66000.00,"Net Banking"
2278,248,2024-09-29,Laptop,Electronics,1,55000.00,55000.00,UPI
2279,249,2024-10-13,Smartphone,Electronics,2,30000.00,60000.00,Card
2280,250,2024-10-27,Headphones,Electronics,3,2500.00,7500.00,Cash
2281,251,2024-11-10,Monitor,Electronics,1,12000.00,12000.00,"Net Banking"
2282,252,2024-11-24,Keyboard,Accessories,2,1800.00,3600.00,UPI
2283,253,2024-12-08,Mouse,Accessories,3,900.00,2700.00,Card
2284,254,2024-12-22,Smartwatch,Electronics,1,7000.00,7000.00,Cash
2285,255,2025-01-05,Tablet,Electronics,2,22000.00,44000.00,"Net Banking"
2286,256,2025-01-19,Laptop,Electronics,3,55000.00,165000.00,UPI
2287,257,2025-02-02,Smartphone,Electronics,1,30000.00,30000.00,Card
2288,258,2025-02-16,Headphones,Electronics,2,2500.00,5000.00,Cash
2289,259,2025-03-02,Monitor,Electronics,3,12000.00,36000.00,"Net Banking"
2290,260,2025-03-16,Keyboard,Accessories,1,1800.00,1800.00,UPI
2291,261,2025-03-30,Mouse,Accessories,2,900.00,1800.00,Card
2292,262,2025-04-13,Smartwatch,Electronics,3,7000.00,21000.00,Cash
2293,263,2025-04-27,Tablet,Electronics,1,22000.00,22000.00,"Net Banking"
2294,264,2025-05-11,Laptop,Electronics,2,55000.00,110000.00,UPI
2295,265,2025-05-25,Smartphone,Electronics,3,30000.00,90000.00,Card
2296,266,2025-06-08,Headphones,Electronics,1,2500.00,2500.00,Cash
2297,267,2025-06-22,Monitor,Electronics,2,12000.00,24000.00,"Net Banking"
2298,268,2025-07-06,Keyboard,Accessories,3,1800.00,5400.00,UPI
2299,269,2025-07-20,Mouse,Accessories,1,900.00,900.00,Card
2300,270,2025-08-03,Smartwatch,Electronics,2,7000.00,14000.00,Cash
2301,271,2025-08-17,Tablet,Electronics,3,22000.00,66000.00,"Net Banking"
2302,272,2025-08-31,Laptop,Electronics,1,55000.00,55000.00,UPI
2303,273,2025-09-14,Smartphone,Electronics,2,30000.00,60000.00,Card
2304,274,2025-09-28,Headphones,Electronics,3,2500.00,7500.00,Cash
2305,275,2025-10-12,Monitor,Electronics,1,12000.00,12000.00,"Net Banking"
2306,276,2025-10-26,Keyboard,Accessories,2,1800.00,3600.00,UPI
2307,277,2025-11-09,Mouse,Accessories,3,900.00,2700.00,Card
2308,278,2025-11-23,Smartwatch,Electronics,1,7000.00,7000.00,Cash
2309,279,2025-12-07,Tablet,Electronics,2,22000.00,44000.00,"Net Banking"
2310,280,2025-12-21,Laptop,Electronics,3,55000.00,165000.00,UPI
2311,281,2026-01-04,Smartphone,Electronics,1,30000.00,30000.00,Card
2312,282,2026-01-18,Headphones,Electronics,2,2500.00,5000.00,Cash
2313,283,2026-02-01,Monitor,Electronics,3,12000.00,36000.00,"Net Banking"
2314,284,2026-02-15,Keyboard,Accessories,1,1800.00,1800.00,UPI
2315,285,2026-03-01,Mouse,Accessories,2,900.00,1800.00,Card
2316,286,2026-03-15,Smartwatch,Electronics,3,7000.00,21000.00,Cash
2317,287,2026-03-29,Tablet,Electronics,1,22000.00,22000.00,"Net Banking"
2318,288,2024-10-19,Laptop,Electronics,2,55000.00,110000.00,UPI
2319,289,2024-11-02,Smartphone,Electronics,3,30000.00,90000.00,Card
2320,290,2024-11-16,Headphones,Electronics,1,2500.00,2500.00,Cash
2321,291,2024-11-30,Monitor,Electronics,2,12000.00,24000.00,"Net Banking"
2322,292,2024-12-14,Keyboard,Accessories,3,1800.00,5400.00,UPI
2323,293,2024-12-28,Mouse,Accessories,1,900.00,900.00,Card
2324,294,2025-01-11,Smartwatch,Electronics,2,7000.00,14000.00,Cash
2325,295,2025-01-25,Tablet,Electronics,3,22000.00,66000.00,"Net Banking"
2326,296,2025-02-08,Laptop,Electronics,1,55000.00,55000.00,UPI
2327,297,2025-02-22,Smartphone,Electronics,2,30000.00,60000.00,Card
2328,298,2025-03-08,Headphones,Electronics,3,2500.00,7500.00,Cash
2329,299,2025-03-22,Monitor,Electronics,1,12000.00,12000.00,"Net Banking"
2330,300,2025-04-05,Keyboard,Accessories,2,1800.00,3600.00,UPI
2331,301,2025-04-19,Mouse,Accessories,3,900.00,2700.00,Card
2332,302,2025-05-03,Smartwatch,Electronics,1,7000.00,7000.00,Cash
2333,303,2025-05-17,Tablet,Electronics,2,22000.00,44000.00,"Net Banking"
2334,304,2025-05-31,Laptop,Electronics,3,55000.00,165000.00,UPI
2335,305,2025-06-14,Smartphone,Electronics,1,30000.00,30000.00,Card
2336,306,2025-06-28,Headphones,Electronics,2,2500.00,5000.00,Cash
2337,307,2025-07-12,Monitor,Electronics,3,12000.00,36000.00,"Net Banking"
2338,308,2025-07-26,Keyboard,Accessories,1,1800.00,1800.00,UPI
2339,309,2025-08-09,Mouse,Accessories,2,900.00,1800.00,Card
2340,310,2025-08-23,Smartwatch,Electronics,3,7000.00,21000.00,Cash
2341,311,2025-09-06,Tablet,Electronics,1,22000.00,22000.00,"Net Banking"
2342,312,2025-09-20,Laptop,Electronics,2,55000.00,110000.00,UPI
2343,313,2025-10-04,Smartphone,Electronics,3,30000.00,90000.00,Card
2344,314,2025-10-18,Headphones,Electronics,1,2500.00,2500.00,Cash
2345,315,2025-11-01,Monitor,Electronics,2,12000.00,24000.00,"Net Banking"
2346,316,2025-11-15,Keyboard,Accessories,3,1800.00,5400.00,UPI
2347,317,2025-11-29,Mouse,Accessories,1,900.00,900.00,Card
2348,318,2025-12-13,Smartwatch,Electronics,2,7000.00,14000.00,Cash
2349,319,2025-12-27,Tablet,Electronics,3,22000.00,66000.00,"Net Banking"
2350,320,2026-01-10,Laptop,Electronics,1,55000.00,55000.00,UPI
2351,321,2026-01-24,Smartphone,Electronics,2,30000.00,60000.00,Card
2352,322,2026-02-07,Headphones,Electronics,3,2500.00,7500.00,Cash
2353,323,2026-02-21,Monitor,Electronics,1,12000.00,12000.00,"Net Banking"
2354,324,2026-03-07,Keyboard,Accessories,2,1800.00,3600.00,UPI
2355,325,2026-03-21,Mouse,Accessories,3,900.00,2700.00,Card
2356,326,2026-04-04,Smartwatch,Electronics,1,7000.00,7000.00,Cash
2357,327,2026-04-18,Tablet,Electronics,2,22000.00,44000.00,"Net Banking"
2358,328,2026-05-02,Laptop,Electronics,3,55000.00,165000.00,UPI
2359,329,2026-05-16,Smartphone,Electronics,1,30000.00,30000.00,Card
2360,330,2024-12-06,Headphones,Electronics,2,2500.00,5000.00,Cash
2361,331,2024-12-20,Monitor,Electronics,3,12000.00,36000.00,"Net Banking"
2362,332,2025-01-03,Keyboard,Accessories,1,1800.00,1800.00,UPI
2363,333,2025-01-17,Mouse,Accessories,2,900.00,1800.00,Card
2364,334,2025-01-31,Smartwatch,Electronics,3,7000.00,21000.00,Cash
2365,335,2025-02-14,Tablet,Electronics,1,22000.00,22000.00,"Net Banking"
2366,336,2025-02-28,Laptop,Electronics,2,55000.00,110000.00,UPI
2367,337,2025-03-14,Smartphone,Electronics,3,30000.00,90000.00,Card
2368,338,2025-03-28,Headphones,Electronics,1,2500.00,2500.00,Cash
2369,339,2025-04-11,Monitor,Electronics,2,12000.00,24000.00,"Net Banking"
2370,340,2025-04-25,Keyboard,Accessories,3,1800.00,5400.00,UPI
2371,341,2025-05-09,Mouse,Accessories,1,900.00,900.00,Card
2372,342,2025-05-23,Smartwatch,Electronics,2,7000.00,14000.00,Cash
2373,343,2025-06-06,Tablet,Electronics,3,22000.00,66000.00,"Net Banking"
2374,344,2025-06-20,Laptop,Electronics,1,55000.00,55000.00,UPI
2375,345,2025-07-04,Smartphone,Electronics,2,30000.00,60000.00,Card
2376,346,2025-07-18,Headphones,Electronics,3,2500.00,7500.00,Cash
2377,347,2025-08-01,Monitor,Electronics,1,12000.00,12000.00,"Net Banking"
2378,348,2025-08-15,Keyboard,Accessories,2,1800.00,3600.00,UPI
2379,349,2025-08-29,Mouse,Accessories,3,900.00,2700.00,Card
2380,350,2025-09-12,Smartwatch,Electronics,1,7000.00,7000.00,Cash
2381,351,2025-09-26,Tablet,Electronics,2,22000.00,44000.00,"Net Banking"
2382,352,2025-10-10,Laptop,Electronics,3,55000.00,165000.00,UPI
2383,353,2025-10-24,Smartphone,Electronics,1,30000.00,30000.00,Card
2384,354,2025-11-07,Headphones,Electronics,2,2500.00,5000.00,Cash
2385,355,2025-11-21,Monitor,Electronics,3,12000.00,36000.00,"Net Banking"
2386,356,2025-12-05,Keyboard,Accessories,1,1800.00,1800.00,UPI
2387,357,2025-12-19,Mouse,Accessories,2,900.00,1800.00,Card
2388,358,2026-01-02,Smartwatch,Electronics,3,7000.00,21000.00,Cash
2389,359,2026-01-16,Tablet,Electronics,1,22000.00,22000.00,"Net Banking"
2390,360,2026-01-30,Laptop,Electronics,2,55000.00,110000.00,UPI
2391,361,2026-02-13,Smartphone,Electronics,3,30000.00,90000.00,Card
2392,362,2026-02-27,Headphones,Electronics,1,2500.00,2500.00,Cash
2393,363,2026-03-13,Monitor,Electronics,2,12000.00,24000.00,"Net Banking"
2394,364,2026-03-27,Keyboard,Accessories,3,1800.00,5400.00,UPI
2395,365,2025-04-10,Mouse,Accessories,1,900.00,900.00,Card
2396,366,2025-04-24,Smartwatch,Electronics,2,7000.00,14000.00,Cash
2397,367,2025-05-08,Tablet,Electronics,3,22000.00,66000.00,"Net Banking"
2398,368,2025-05-22,Laptop,Electronics,1,55000.00,55000.00,UPI
2399,369,2025-06-05,Smartphone,Electronics,2,30000.00,60000.00,Card
2400,370,2025-06-19,Headphones,Electronics,3,2500.00,7500.00,Cash
2401,371,2024-01-10,Monitor,Electronics,1,12000.00,12000.00,"Net Banking"
2402,372,2024-01-24,Keyboard,Accessories,2,1800.00,3600.00,UPI
2403,373,2024-02-07,Mouse,Accessories,3,900.00,2700.00,Card
2404,374,2024-02-21,Smartwatch,Electronics,1,7000.00,7000.00,Cash
2405,375,2024-03-06,Tablet,Electronics,2,22000.00,44000.00,"Net Banking"
2406,376,2024-03-20,Laptop,Electronics,3,55000.00,165000.00,UPI
2407,377,2024-04-03,Smartphone,Electronics,1,30000.00,30000.00,Card
2408,378,2024-04-17,Headphones,Electronics,2,2500.00,5000.00,Cash
2409,379,2024-05-01,Monitor,Electronics,3,12000.00,36000.00,"Net Banking"
2410,380,2024-05-15,Keyboard,Accessories,1,1800.00,1800.00,UPI
2411,381,2024-05-29,Mouse,Accessories,2,900.00,1800.00,Card
2412,382,2024-06-12,Smartwatch,Electronics,3,7000.00,21000.00,Cash
2413,383,2024-06-26,Tablet,Electronics,1,22000.00,22000.00,"Net Banking"
2414,384,2024-07-10,Laptop,Electronics,2,55000.00,110000.00,UPI
2415,385,2024-07-24,Smartphone,Electronics,3,30000.00,90000.00,Card
2416,386,2024-08-07,Headphones,Electronics,1,2500.00,2500.00,Cash
2417,387,2024-08-21,Monitor,Electronics,2,12000.00,24000.00,"Net Banking"
2418,388,2024-09-04,Keyboard,Accessories,3,1800.00,5400.00,UPI
2419,389,2024-09-18,Mouse,Accessories,1,900.00,900.00,Card
2420,390,2024-10-02,Smartwatch,Electronics,2,7000.00,14000.00,Cash
2421,391,2024-10-16,Tablet,Electronics,3,22000.00,66000.00,"Net Banking"
2422,392,2024-10-30,Laptop,Electronics,1,55000.00,55000.00,UPI
2423,393,2024-11-13,Smartphone,Electronics,2,30000.00,60000.00,Card
2424,394,2024-11-27,Headphones,Electronics,3,2500.00,7500.00,Cash
2425,395,2024-12-11,Monitor,Electronics,1,12000.00,12000.00,"Net Banking"
2426,396,2024-12-25,Keyboard,Accessories,2,1800.00,3600.00,UPI
2427,397,2025-01-08,Mouse,Accessories,3,900.00,2700.00,Card
2428,398,2025-01-22,Smartwatch,Electronics,1,7000.00,7000.00,Cash
2429,399,2025-02-05,Tablet,Electronics,2,22000.00,44000.00,"Net Banking"
2430,400,2025-02-19,Laptop,Electronics,3,55000.00,165000.00,UPI
2431,401,2025-03-05,Smartphone,Electronics,1,30000.00,30000.00,Card
2432,402,2025-03-19,Headphones,Electronics,2,2500.00,5000.00,Cash
2433,403,2025-04-02,Monitor,Electronics,3,12000.00,36000.00,"Net Banking"
2434,404,2025-04-16,Keyboard,Accessories,1,1800.00,1800.00,UPI
2435,405,2025-04-30,Mouse,Accessories,2,900.00,1800.00,Card
2436,406,2025-05-14,Smartwatch,Electronics,3,7000.00,21000.00,Cash
2437,407,2025-05-28,Tablet,Electronics,1,22000.00,22000.00,"Net Banking"
2438,408,2025-06-11,Laptop,Electronics,2,55000.00,110000.00,UPI
2439,409,2025-06-25,Smartphone,Electronics,3,30000.00,90000.00,Card
2440,410,2025-07-09,Headphones,Electronics,1,2500.00,2500.00,Cash
2441,411,2025-07-23,Monitor,Electronics,2,12000.00,24000.00,"Net Banking"
2442,412,2025-08-06,Keyboard,Accessories,3,1800.00,5400.00,UPI
2443,413,2024-02-27,Mouse,Accessories,1,900.00,900.00,Card
2444,414,2024-03-12,Smartwatch,Electronics,2,7000.00,14000.00,Cash
2445,415,2024-03-26,Tablet,Electronics,3,22000.00,66000.00,"Net Banking"
2446,416,2024-04-09,Laptop,Electronics,1,55000.00,55000.00,UPI
2447,417,2024-04-23,Smartphone,Electronics,2,30000.00,60000.00,Card
2448,418,2024-05-07,Headphones,Electronics,3,2500.00,7500.00,Cash
2449,419,2024-05-21,Monitor,Electronics,1,12000.00,12000.00,"Net Banking"
2450,420,2024-06-04,Keyboard,Accessories,2,1800.00,3600.00,UPI
2451,421,2024-06-18,Mouse,Accessories,3,900.00,2700.00,Card
2452,422,2024-07-02,Smartwatch,Electronics,1,7000.00,7000.00,Cash
2453,423,2024-07-16,Tablet,Electronics,2,22000.00,44000.00,"Net Banking"
2454,424,2024-07-30,Laptop,Electronics,3,55000.00,165000.00,UPI
2455,425,2024-08-13,Smartphone,Electronics,1,30000.00,30000.00,Card
2456,426,2024-08-27,Headphones,Electronics,2,2500.00,5000.00,Cash
2457,427,2024-09-10,Monitor,Electronics,3,12000.00,36000.00,"Net Banking"
2458,428,2024-09-24,Keyboard,Accessories,1,1800.00,1800.00,UPI
2459,429,2024-10-08,Mouse,Accessories,2,900.00,1800.00,Card
2460,430,2024-10-22,Smartwatch,Electronics,3,7000.00,21000.00,Cash
2461,431,2024-11-05,Tablet,Electronics,1,22000.00,22000.00,"Net Banking"
2462,432,2024-11-19,Laptop,Electronics,2,55000.00,110000.00,UPI
2463,433,2024-12-03,Smartphone,Electronics,3,30000.00,90000.00,Card
2464,434,2024-12-17,Headphones,Electronics,1,2500.00,2500.00,Cash
2465,435,2024-12-31,Monitor,Electronics,2,12000.00,24000.00,"Net Banking"
2466,436,2025-01-14,Keyboard,Accessories,3,1800.00,5400.00,UPI
2467,437,2025-01-28,Mouse,Accessories,1,900.00,900.00,Card
2468,438,2025-02-11,Smartwatch,Electronics,2,7000.00,14000.00,Cash
2469,439,2025-02-25,Tablet,Electronics,3,22000.00,66000.00,"Net Banking"
2470,440,2025-03-11,Laptop,Electronics,1,55000.00,55000.00,UPI
2471,441,2025-03-25,Smartphone,Electronics,2,30000.00,60000.00,Card
2472,442,2025-04-08,Headphones,Electronics,3,2500.00,7500.00,Cash
2473,443,2025-04-22,Monitor,Electronics,1,12000.00,12000.00,"Net Banking"
2474,444,2025-05-06,Keyboard,Accessories,2,1800.00,3600.00,UPI
2475,445,2025-05-20,Mouse,Accessories,3,900.00,2700.00,Card
2476,446,2025-06-03,Smartwatch,Electronics,1,7000.00,7000.00,Cash
2477,447,2025-06-17,Tablet,Electronics,2,22000.00,44000.00,"Net Banking"
2478,448,2025-07-01,Laptop,Electronics,3,55000.00,165000.00,UPI
2479,449,2025-07-15,Smartphone,Electronics,1,30000.00,30000.00,Card
2480,450,2025-07-29,Headphones,Electronics,2,2500.00,5000.00,Cash
2481,451,2025-08-12,Monitor,Electronics,3,12000.00,36000.00,"Net Banking"
2482,452,2025-08-26,Keyboard,Accessories,1,1800.00,1800.00,UPI
2483,453,2025-09-09,Mouse,Accessories,2,900.00,1800.00,Card
2484,454,2024-04-01,Smartwatch,Electronics,3,7000.00,21000.00,Cash
2485,455,2024-04-15,Tablet,Electronics,1,22000.00,22000.00,"Net Banking"
2486,456,2024-04-29,Laptop,Electronics,2,55000.00,110000.00,UPI
2487,457,2024-05-13,Smartphone,Electronics,3,30000.00,90000.00,Card
2488,458,2024-05-27,Headphones,Electronics,1,2500.00,2500.00,Cash
2489,459,2024-06-10,Monitor,Electronics,2,12000.00,24000.00,"Net Banking"
2490,460,2024-06-24,Keyboard,Accessories,3,1800.00,5400.00,UPI
2491,461,2024-07-08,Mouse,Accessories,1,900.00,900.00,Card
2492,462,2024-07-22,Smartwatch,Electronics,2,7000.00,14000.00,Cash
2493,463,2024-08-05,Tablet,Electronics,3,22000.00,66000.00,"Net Banking"
2494,464,2024-08-19,Laptop,Electronics,1,55000.00,55000.00,UPI
2495,465,2024-09-02,Smartphone,Electronics,2,30000.00,60000.00,Card
2496,466,2024-09-16,Headphones,Electronics,3,2500.00,7500.00,Cash
2497,467,2024-09-30,Monitor,Electronics,1,12000.00,12000.00,"Net Banking"
2498,468,2024-10-14,Keyboard,Accessories,2,1800.00,3600.00,UPI
2499,469,2024-10-28,Mouse,Accessories,3,900.00,2700.00,Card
2500,470,2024-11-11,Smartwatch,Electronics,1,7000.00,7000.00,Cash
2501,471,2024-11-25,Tablet,Electronics,2,22000.00,44000.00,"Net Banking"
2502,472,2024-12-09,Laptop,Electronics,3,55000.00,165000.00,UPI
2503,473,2024-12-23,Smartphone,Electronics,1,30000.00,30000.00,Card
2504,474,2025-01-06,Headphones,Electronics,2,2500.00,5000.00,Cash
2505,475,2025-01-20,Monitor,Electronics,3,12000.00,36000.00,"Net Banking"
2506,476,2025-02-03,Keyboard,Accessories,1,1800.00,1800.00,UPI
2507,477,2025-02-17,Mouse,Accessories,2,900.00,1800.00,Card
2508,478,2025-03-03,Smartwatch,Electronics,3,7000.00,21000.00,Cash
2509,479,2025-03-17,Tablet,Electronics,1,22000.00,22000.00,"Net Banking"
2510,480,2025-03-31,Laptop,Electronics,2,55000.00,110000.00,UPI
2511,481,2025-04-14,Smartphone,Electronics,3,30000.00,90000.00,Card
2512,482,2025-04-28,Headphones,Electronics,1,2500.00,2500.00,Cash
2513,483,2025-05-12,Monitor,Electronics,2,12000.00,24000.00,"Net Banking"
2514,484,2025-05-26,Keyboard,Accessories,3,1800.00,5400.00,UPI
2515,485,2025-06-09,Mouse,Accessories,1,900.00,900.00,Card
2516,486,2025-06-23,Smartwatch,Electronics,2,7000.00,14000.00,Cash
2517,487,2025-07-07,Tablet,Electronics,3,22000.00,66000.00,"Net Banking"
2518,488,2025-07-21,Laptop,Electronics,1,55000.00,55000.00,UPI
2519,489,2025-08-04,Smartphone,Electronics,2,30000.00,60000.00,Card
2520,490,2025-08-18,Headphones,Electronics,3,2500.00,7500.00,Cash
2521,491,2025-09-01,Monitor,Electronics,1,12000.00,12000.00,"Net Banking"
2522,492,2025-09-15,Keyboard,Accessories,2,1800.00,3600.00,UPI
2523,493,2025-09-29,Mouse,Accessories,3,900.00,2700.00,Card
2524,494,2025-10-13,Smartwatch,Electronics,1,7000.00,7000.00,Cash
2525,495,2025-10-27,Tablet,Electronics,2,22000.00,44000.00,"Net Banking"
2526,496,2024-05-19,Laptop,Electronics,3,55000.00,165000.00,UPI
2527,497,2024-06-02,Smartphone,Electronics,1,30000.00,30000.00,Card
2528,498,2024-06-16,Headphones,Electronics,2,2500.00,5000.00,Cash
2529,499,2024-06-30,Monitor,Electronics,3,12000.00,36000.00,"Net Banking"
2530,500,2024-07-14,Keyboard,Accessories,1,1800.00,1800.00,UPI
2531,1,2025-03-24,Mouse,Accessories,2,900.00,1800.00,Card
2532,2,2025-04-11,Smartwatch,Electronics,3,7000.00,21000.00,Cash
2533,3,2025-05-15,Tablet,Electronics,1,22000.00,22000.00,"Net Banking"
2534,4,2025-06-10,Laptop,Electronics,2,55000.00,110000.00,UPI
2535,5,2025-07-05,Smartphone,Electronics,3,30000.00,90000.00,Card
2536,6,2025-07-28,Headphones,Electronics,1,2500.00,2500.00,Cash
2537,7,2025-08-23,Monitor,Electronics,2,12000.00,24000.00,"Net Banking"
2538,8,2025-09-19,Keyboard,Accessories,3,1800.00,5400.00,UPI
2539,9,2025-10-14,Mouse,Accessories,1,900.00,900.00,Card
2540,10,2025-11-09,Smartwatch,Electronics,2,7000.00,14000.00,Cash
2541,11,2025-12-04,Tablet,Electronics,3,22000.00,66000.00,"Net Banking"
2542,12,2026-01-03,Laptop,Electronics,1,55000.00,55000.00,UPI
2543,13,2026-02-02,Smartphone,Electronics,2,30000.00,60000.00,Card
2544,14,2026-03-04,Headphones,Electronics,3,2500.00,7500.00,Cash
2545,15,2026-04-03,Monitor,Electronics,1,12000.00,12000.00,"Net Banking"
2546,16,2026-05-05,Keyboard,Accessories,2,1800.00,3600.00,UPI
2547,17,2026-06-02,Mouse,Accessories,3,900.00,2700.00,Card
2548,18,2026-07-03,Smartwatch,Electronics,1,7000.00,7000.00,Cash
2549,19,2026-08-04,Tablet,Electronics,2,22000.00,44000.00,"Net Banking"
2550,20,2026-09-03,Laptop,Electronics,3,55000.00,165000.00,UPI
2551,21,2024-12-20,Smartphone,Electronics,1,30000.00,30000.00,Card
2552,22,2025-01-03,Headphones,Electronics,2,2500.00,5000.00,Cash
2553,23,2025-01-17,Monitor,Electronics,3,12000.00,36000.00,"Net Banking"
2554,24,2025-01-31,Keyboard,Accessories,1,1800.00,1800.00,UPI
2555,25,2025-02-14,Mouse,Accessories,2,900.00,1800.00,Card
2556,26,2025-02-28,Smartwatch,Electronics,3,7000.00,21000.00,Cash
2557,27,2025-03-14,Tablet,Electronics,1,22000.00,22000.00,"Net Banking"
2558,28,2025-03-28,Laptop,Electronics,2,55000.00,110000.00,UPI
2559,29,2025-04-11,Smartphone,Electronics,3,30000.00,90000.00,Card
2560,30,2025-04-25,Headphones,Electronics,1,2500.00,2500.00,Cash
2561,31,2025-05-09,Monitor,Electronics,2,12000.00,24000.00,"Net Banking"
2562,32,2025-05-23,Keyboard,Accessories,3,1800.00,5400.00,UPI
2563,33,2025-06-06,Mouse,Accessories,1,900.00,900.00,Card
2564,34,2025-06-20,Smartwatch,Electronics,2,7000.00,14000.00,Cash
2565,35,2025-07-04,Tablet,Electronics,3,22000.00,66000.00,"Net Banking"
2566,36,2025-07-18,Laptop,Electronics,1,55000.00,55000.00,UPI
2567,37,2024-02-08,Smartphone,Electronics,2,30000.00,60000.00,Card
2568,38,2024-02-22,Headphones,Electronics,3,2500.00,7500.00,Cash
2569,39,2024-03-07,Monitor,Electronics,1,12000.00,12000.00,"Net Banking"
2570,40,2024-03-21,Keyboard,Accessories,2,1800.00,3600.00,UPI
2571,41,2024-04-04,Mouse,Accessories,3,900.00,2700.00,Card
2572,42,2024-04-18,Smartwatch,Electronics,1,7000.00,7000.00,Cash
2573,43,2024-05-02,Tablet,Electronics,2,22000.00,44000.00,"Net Banking"
2574,44,2024-05-16,Laptop,Electronics,3,55000.00,165000.00,UPI
2575,45,2024-05-30,Smartphone,Electronics,1,30000.00,30000.00,Card
2576,46,2024-06-13,Headphones,Electronics,2,2500.00,5000.00,Cash
2577,47,2024-06-27,Monitor,Electronics,3,12000.00,36000.00,"Net Banking"
2578,48,2024-07-11,Keyboard,Accessories,1,1800.00,1800.00,UPI
2579,49,2024-07-25,Mouse,Accessories,2,900.00,1800.00,Card
2580,50,2024-08-08,Smartwatch,Electronics,3,7000.00,21000.00,Cash
2581,51,2024-08-22,Tablet,Electronics,1,22000.00,22000.00,"Net Banking"
2582,52,2024-09-05,Laptop,Electronics,2,55000.00,110000.00,UPI
2583,53,2024-09-19,Smartphone,Electronics,3,30000.00,90000.00,Card
2584,54,2024-10-03,Headphones,Electronics,1,2500.00,2500.00,Cash
2585,55,2024-10-17,Monitor,Electronics,2,12000.00,24000.00,"Net Banking"
2586,56,2024-10-31,Keyboard,Accessories,3,1800.00,5400.00,UPI
2587,57,2024-11-14,Mouse,Accessories,1,900.00,900.00,Card
2588,58,2024-11-28,Smartwatch,Electronics,2,7000.00,14000.00,Cash
2589,59,2024-12-12,Tablet,Electronics,3,22000.00,66000.00,"Net Banking"
2590,60,2024-12-26,Laptop,Electronics,1,55000.00,55000.00,UPI
2591,61,2025-01-09,Smartphone,Electronics,2,30000.00,60000.00,Card
2592,62,2025-01-23,Headphones,Electronics,3,2500.00,7500.00,Cash
2593,63,2025-02-06,Monitor,Electronics,1,12000.00,12000.00,"Net Banking"
2594,64,2025-02-20,Keyboard,Accessories,2,1800.00,3600.00,UPI
2595,65,2025-03-06,Mouse,Accessories,3,900.00,2700.00,Card
2596,66,2025-03-20,Smartwatch,Electronics,1,7000.00,7000.00,Cash
2597,67,2025-04-03,Tablet,Electronics,2,22000.00,44000.00,"Net Banking"
2598,68,2025-04-17,Laptop,Electronics,3,55000.00,165000.00,UPI
2599,69,2025-05-01,Smartphone,Electronics,1,30000.00,30000.00,Card
2600,70,2025-05-15,Headphones,Electronics,2,2500.00,5000.00,Cash
2601,71,2025-05-29,Monitor,Electronics,3,12000.00,36000.00,"Net Banking"
2602,72,2025-06-12,Keyboard,Accessories,1,1800.00,1800.00,UPI
2603,73,2025-06-26,Mouse,Accessories,2,900.00,1800.00,Card
2604,74,2025-07-10,Smartwatch,Electronics,3,7000.00,21000.00,Cash
2605,75,2025-07-24,Tablet,Electronics,1,22000.00,22000.00,"Net Banking"
2606,76,2025-08-07,Laptop,Electronics,2,55000.00,110000.00,UPI
2607,77,2025-08-21,Smartphone,Electronics,3,30000.00,90000.00,Card
2608,78,2025-09-04,Headphones,Electronics,1,2500.00,2500.00,Cash
2609,79,2024-03-27,Monitor,Electronics,2,12000.00,24000.00,"Net Banking"
2610,80,2024-04-10,Keyboard,Accessories,3,1800.00,5400.00,UPI
2611,81,2024-04-24,Mouse,Accessories,1,900.00,900.00,Card
2612,82,2024-05-08,Smartwatch,Electronics,2,7000.00,14000.00,Cash
2613,83,2024-05-22,Tablet,Electronics,3,22000.00,66000.00,"Net Banking"
2614,84,2024-06-05,Laptop,Electronics,1,55000.00,55000.00,UPI
2615,85,2024-06-19,Smartphone,Electronics,2,30000.00,60000.00,Card
2616,86,2024-07-03,Headphones,Electronics,3,2500.00,7500.00,Cash
2617,87,2024-07-17,Monitor,Electronics,1,12000.00,12000.00,"Net Banking"
2618,88,2024-07-31,Keyboard,Accessories,2,1800.00,3600.00,UPI
2619,89,2024-08-14,Mouse,Accessories,3,900.00,2700.00,Card
2620,90,2024-08-28,Smartwatch,Electronics,1,7000.00,7000.00,Cash
2621,91,2024-09-11,Tablet,Electronics,2,22000.00,44000.00,"Net Banking"
2622,92,2024-09-25,Laptop,Electronics,3,55000.00,165000.00,UPI
2623,93,2024-10-09,Smartphone,Electronics,1,30000.00,30000.00,Card
2624,94,2024-10-23,Headphones,Electronics,2,2500.00,5000.00,Cash
2625,95,2024-11-06,Monitor,Electronics,3,12000.00,36000.00,"Net Banking"
2626,96,2024-11-20,Keyboard,Accessories,1,1800.00,1800.00,UPI
2627,97,2024-12-04,Mouse,Accessories,2,900.00,1800.00,Card
2628,98,2024-12-18,Smartwatch,Electronics,3,7000.00,21000.00,Cash
2629,99,2025-01-01,Tablet,Electronics,1,22000.00,22000.00,"Net Banking"
2630,100,2025-01-15,Laptop,Electronics,2,55000.00,110000.00,UPI
2631,101,2025-01-29,Smartphone,Electronics,3,30000.00,90000.00,Card
2632,102,2025-02-12,Headphones,Electronics,1,2500.00,2500.00,Cash
2633,103,2025-02-26,Monitor,Electronics,2,12000.00,24000.00,"Net Banking"
2634,104,2025-03-12,Keyboard,Accessories,3,1800.00,5400.00,UPI
2635,105,2025-03-26,Mouse,Accessories,1,900.00,900.00,Card
2636,106,2025-04-09,Smartwatch,Electronics,2,7000.00,14000.00,Cash
2637,107,2025-04-23,Tablet,Electronics,3,22000.00,66000.00,"Net Banking"
2638,108,2025-05-07,Laptop,Electronics,1,55000.00,55000.00,UPI
2639,109,2025-05-21,Smartphone,Electronics,2,30000.00,60000.00,Card
2640,110,2025-06-04,Headphones,Electronics,3,2500.00,7500.00,Cash
2641,111,2025-06-18,Monitor,Electronics,1,12000.00,12000.00,"Net Banking"
2642,112,2025-07-02,Keyboard,Accessories,2,1800.00,3600.00,UPI
2643,113,2025-07-16,Mouse,Accessories,3,900.00,2700.00,Card
2644,114,2025-07-30,Smartwatch,Electronics,1,7000.00,7000.00,Cash
2645,115,2025-08-13,Tablet,Electronics,2,22000.00,44000.00,"Net Banking"
2646,116,2025-08-27,Laptop,Electronics,3,55000.00,165000.00,UPI
2647,117,2025-09-10,Smartphone,Electronics,1,30000.00,30000.00,Card
2648,118,2025-09-24,Headphones,Electronics,2,2500.00,5000.00,Cash
2649,119,2025-10-08,Monitor,Electronics,3,12000.00,36000.00,"Net Banking"
2650,120,2024-04-30,Keyboard,Accessories,1,1800.00,1800.00,UPI
2651,121,2024-05-14,Mouse,Accessories,2,900.00,1800.00,Card
2652,122,2024-05-28,Smartwatch,Electronics,3,7000.00,21000.00,Cash
2653,123,2024-06-11,Tablet,Electronics,1,22000.00,22000.00,"Net Banking"
2654,124,2024-06-25,Laptop,Electronics,2,55000.00,110000.00,UPI
2655,125,2024-07-09,Smartphone,Electronics,3,30000.00,90000.00,Card
2656,126,2024-07-23,Headphones,Electronics,1,2500.00,2500.00,Cash
2657,127,2024-08-06,Monitor,Electronics,2,12000.00,24000.00,"Net Banking"
2658,128,2024-08-20,Keyboard,Accessories,3,1800.00,5400.00,UPI
2659,129,2024-09-03,Mouse,Accessories,1,900.00,900.00,Card
2660,130,2024-09-17,Smartwatch,Electronics,2,7000.00,14000.00,Cash
2661,131,2024-10-01,Tablet,Electronics,3,22000.00,66000.00,"Net Banking"
2662,132,2024-10-15,Laptop,Electronics,1,55000.00,55000.00,UPI
2663,133,2024-10-29,Smartphone,Electronics,2,30000.00,60000.00,Card
2664,134,2024-11-12,Headphones,Electronics,3,2500.00,7500.00,Cash
2665,135,2024-11-26,Monitor,Electronics,1,12000.00,12000.00,"Net Banking"
2666,136,2024-12-10,Keyboard,Accessories,2,1800.00,3600.00,UPI
2667,137,2024-12-24,Mouse,Accessories,3,900.00,2700.00,Card
2668,138,2025-01-07,Smartwatch,Electronics,1,7000.00,7000.00,Cash
2669,139,2025-01-21,Tablet,Electronics,2,22000.00,44000.00,"Net Banking"
2670,140,2025-02-04,Laptop,Electronics,3,55000.00,165000.00,UPI
2671,141,2025-02-18,Smartphone,Electronics,1,30000.00,30000.00,Card
2672,142,2025-03-04,Headphones,Electronics,2,2500.00,5000.00,Cash
2673,143,2025-03-18,Monitor,Electronics,3,12000.00,36000.00,"Net Banking"
2674,144,2025-04-01,Keyboard,Accessories,1,1800.00,1800.00,UPI
2675,145,2025-04-15,Mouse,Accessories,2,900.00,1800.00,Card
2676,146,2025-04-29,Smartwatch,Electronics,3,7000.00,21000.00,Cash
2677,147,2025-05-13,Tablet,Electronics,1,22000.00,22000.00,"Net Banking"
2678,148,2025-05-27,Laptop,Electronics,2,55000.00,110000.00,UPI
2679,149,2025-06-10,Smartphone,Electronics,3,30000.00,90000.00,Card
2680,150,2025-06-24,Headphones,Electronics,1,2500.00,2500.00,Cash
2681,151,2025-07-08,Monitor,Electronics,2,12000.00,24000.00,"Net Banking"
2682,152,2025-07-22,Keyboard,Accessories,3,1800.00,5400.00,UPI
2683,153,2025-08-05,Mouse,Accessories,1,900.00,900.00,Card
2684,154,2025-08-19,Smartwatch,Electronics,2,7000.00,14000.00,Cash
2685,155,2025-09-02,Tablet,Electronics,3,22000.00,66000.00,"Net Banking"
2686,156,2025-09-16,Laptop,Electronics,1,55000.00,55000.00,UPI
2687,157,2025-09-30,Smartphone,Electronics,2,30000.00,60000.00,Card
2688,158,2025-10-14,Headphones,Electronics,3,2500.00,7500.00,Cash
2689,159,2025-10-28,Monitor,Electronics,1,12000.00,12000.00,"Net Banking"
2690,160,2025-11-11,Keyboard,Accessories,2,1800.00,3600.00,UPI
2691,161,2025-11-25,Mouse,Accessories,3,900.00,2700.00,Card
2692,162,2024-06-17,Smartwatch,Electronics,1,7000.00,7000.00,Cash
2693,163,2024-07-01,Tablet,Electronics,2,22000.00,44000.00,"Net Banking"
2694,164,2024-07-15,Laptop,Electronics,3,55000.00,165000.00,UPI
2695,165,2024-07-29,Smartphone,Electronics,1,30000.00,30000.00,Card
2696,166,2024-08-12,Headphones,Electronics,2,2500.00,5000.00,Cash
2697,167,2024-08-26,Monitor,Electronics,3,12000.00,36000.00,"Net Banking"
2698,168,2024-09-09,Keyboard,Accessories,1,1800.00,1800.00,UPI
2699,169,2024-09-23,Mouse,Accessories,2,900.00,1800.00,Card
2700,170,2024-10-07,Smartwatch,Electronics,3,7000.00,21000.00,Cash
2701,171,2024-10-21,Tablet,Electronics,1,22000.00,22000.00,"Net Banking"
2702,172,2024-11-04,Laptop,Electronics,2,55000.00,110000.00,UPI
2703,173,2024-11-18,Smartphone,Electronics,3,30000.00,90000.00,Card
2704,174,2024-12-02,Headphones,Electronics,1,2500.00,2500.00,Cash
2705,175,2024-12-16,Monitor,Electronics,2,12000.00,24000.00,"Net Banking"
2706,176,2024-12-30,Keyboard,Accessories,3,1800.00,5400.00,UPI
2707,177,2025-01-13,Mouse,Accessories,1,900.00,900.00,Card
2708,178,2025-01-27,Smartwatch,Electronics,2,7000.00,14000.00,Cash
2709,179,2025-02-10,Tablet,Electronics,3,22000.00,66000.00,"Net Banking"
2710,180,2025-02-24,Laptop,Electronics,1,55000.00,55000.00,UPI
2711,181,2025-03-10,Smartphone,Electronics,2,30000.00,60000.00,Card
2712,182,2025-03-24,Headphones,Electronics,3,2500.00,7500.00,Cash
2713,183,2025-04-07,Monitor,Electronics,1,12000.00,12000.00,"Net Banking"
2714,184,2025-04-21,Keyboard,Accessories,2,1800.00,3600.00,UPI
2715,185,2025-05-05,Mouse,Accessories,3,900.00,2700.00,Card
2716,186,2025-05-19,Smartwatch,Electronics,1,7000.00,7000.00,Cash
2717,187,2025-06-02,Tablet,Electronics,2,22000.00,44000.00,"Net Banking"
2718,188,2025-06-16,Laptop,Electronics,3,55000.00,165000.00,UPI
2719,189,2025-06-30,Smartphone,Electronics,1,30000.00,30000.00,Card
2720,190,2025-07-14,Headphones,Electronics,2,2500.00,5000.00,Cash
2721,191,2025-07-28,Monitor,Electronics,3,12000.00,36000.00,"Net Banking"
2722,192,2025-08-11,Keyboard,Accessories,1,1800.00,1800.00,UPI
2723,193,2025-08-25,Mouse,Accessories,2,900.00,1800.00,Card
2724,194,2025-09-08,Smartwatch,Electronics,3,7000.00,21000.00,Cash
2725,195,2025-09-22,Tablet,Electronics,1,22000.00,22000.00,"Net Banking"
2726,196,2025-10-06,Laptop,Electronics,2,55000.00,110000.00,UPI
2727,197,2025-10-20,Smartphone,Electronics,3,30000.00,90000.00,Card
2728,198,2025-11-03,Headphones,Electronics,1,2500.00,2500.00,Cash
2729,199,2025-11-17,Monitor,Electronics,2,12000.00,24000.00,"Net Banking"
2730,200,2025-12-01,Keyboard,Accessories,3,1800.00,5400.00,UPI
2731,201,2025-12-15,Mouse,Accessories,1,900.00,900.00,Card
2732,202,2025-12-29,Smartwatch,Electronics,2,7000.00,14000.00,Cash
2733,203,2026-01-12,Tablet,Electronics,3,22000.00,66000.00,"Net Banking"
2734,204,2024-08-04,Laptop,Electronics,1,55000.00,55000.00,UPI
2735,205,2024-08-18,Smartphone,Electronics,2,30000.00,60000.00,Card
2736,206,2024-09-01,Headphones,Electronics,3,2500.00,7500.00,Cash
2737,207,2024-09-15,Monitor,Electronics,1,12000.00,12000.00,"Net Banking"
2738,208,2024-09-29,Keyboard,Accessories,2,1800.00,3600.00,UPI
2739,209,2024-10-13,Mouse,Accessories,3,900.00,2700.00,Card
2740,210,2024-10-27,Smartwatch,Electronics,1,7000.00,7000.00,Cash
2741,211,2024-11-10,Tablet,Electronics,2,22000.00,44000.00,"Net Banking"
2742,212,2024-11-24,Laptop,Electronics,3,55000.00,165000.00,UPI
2743,213,2024-12-08,Smartphone,Electronics,1,30000.00,30000.00,Card
2744,214,2024-12-22,Headphones,Electronics,2,2500.00,5000.00,Cash
2745,215,2025-01-05,Monitor,Electronics,3,12000.00,36000.00,"Net Banking"
2746,216,2025-01-19,Keyboard,Accessories,1,1800.00,1800.00,UPI
2747,217,2025-02-02,Mouse,Accessories,2,900.00,1800.00,Card
2748,218,2025-02-16,Smartwatch,Electronics,3,7000.00,21000.00,Cash
2749,219,2025-03-02,Tablet,Electronics,1,22000.00,22000.00,"Net Banking"
2750,220,2025-03-16,Laptop,Electronics,2,55000.00,110000.00,UPI
2751,221,2025-03-30,Smartphone,Electronics,3,30000.00,90000.00,Card
2752,222,2025-04-13,Headphones,Electronics,1,2500.00,2500.00,Cash
2753,223,2025-04-27,Monitor,Electronics,2,12000.00,24000.00,"Net Banking"
2754,224,2025-05-11,Keyboard,Accessories,3,1800.00,5400.00,UPI
2755,225,2025-05-25,Mouse,Accessories,1,900.00,900.00,Card
2756,226,2025-06-08,Smartwatch,Electronics,2,7000.00,14000.00,Cash
2757,227,2025-06-22,Tablet,Electronics,3,22000.00,66000.00,"Net Banking"
2758,228,2025-07-06,Laptop,Electronics,1,55000.00,55000.00,UPI
2759,229,2025-07-20,Smartphone,Electronics,2,30000.00,60000.00,Card
2760,230,2025-08-03,Headphones,Electronics,3,2500.00,7500.00,Cash
2761,231,2025-08-17,Monitor,Electronics,1,12000.00,12000.00,"Net Banking"
2762,232,2025-08-31,Keyboard,Accessories,2,1800.00,3600.00,UPI
2763,233,2025-09-14,Mouse,Accessories,3,900.00,2700.00,Card
2764,234,2025-09-28,Smartwatch,Electronics,1,7000.00,7000.00,Cash
2765,235,2025-10-12,Tablet,Electronics,2,22000.00,44000.00,"Net Banking"
2766,236,2025-10-26,Laptop,Electronics,3,55000.00,165000.00,UPI
2767,237,2025-11-09,Smartphone,Electronics,1,30000.00,30000.00,Card
2768,238,2025-11-23,Headphones,Electronics,2,2500.00,5000.00,Cash
2769,239,2025-12-07,Monitor,Electronics,3,12000.00,36000.00,"Net Banking"
2770,240,2025-12-21,Keyboard,Accessories,1,1800.00,1800.00,UPI
2771,241,2026-01-04,Mouse,Accessories,2,900.00,1800.00,Card
2772,242,2026-01-18,Smartwatch,Electronics,3,7000.00,21000.00,Cash
2773,243,2026-02-01,Tablet,Electronics,1,22000.00,22000.00,"Net Banking"
2774,244,2026-02-15,Laptop,Electronics,2,55000.00,110000.00,UPI
2775,245,2024-09-07,Smartphone,Electronics,3,30000.00,90000.00,Card
2776,246,2024-09-21,Headphones,Electronics,1,2500.00,2500.00,Cash
2777,247,2024-10-05,Monitor,Electronics,2,12000.00,24000.00,"Net Banking"
2778,248,2024-10-19,Keyboard,Accessories,3,1800.00,5400.00,UPI
2779,249,2024-11-02,Mouse,Accessories,1,900.00,900.00,Card
2780,250,2024-11-16,Smartwatch,Electronics,2,7000.00,14000.00,Cash
2781,251,2024-11-30,Tablet,Electronics,3,22000.00,66000.00,"Net Banking"
2782,252,2024-12-14,Laptop,Electronics,1,55000.00,55000.00,UPI
2783,253,2024-12-28,Smartphone,Electronics,2,30000.00,60000.00,Card
2784,254,2025-01-11,Headphones,Electronics,3,2500.00,7500.00,Cash
2785,255,2025-01-25,Monitor,Electronics,1,12000.00,12000.00,"Net Banking"
2786,256,2025-02-08,Keyboard,Accessories,2,1800.00,3600.00,UPI
2787,257,2025-02-22,Mouse,Accessories,3,900.00,2700.00,Card
2788,258,2025-03-08,Smartwatch,Electronics,1,7000.00,7000.00,Cash
2789,259,2025-03-22,Tablet,Electronics,2,22000.00,44000.00,"Net Banking"
2790,260,2025-04-05,Laptop,Electronics,3,55000.00,165000.00,UPI
2791,261,2025-04-19,Smartphone,Electronics,1,30000.00,30000.00,Card
2792,262,2025-05-03,Headphones,Electronics,2,2500.00,5000.00,Cash
2793,263,2025-05-17,Monitor,Electronics,3,12000.00,36000.00,"Net Banking"
2794,264,2025-05-31,Keyboard,Accessories,1,1800.00,1800.00,UPI
2795,265,2025-06-14,Mouse,Accessories,2,900.00,1800.00,Card
2796,266,2025-06-28,Smartwatch,Electronics,3,7000.00,21000.00,Cash
2797,267,2025-07-12,Tablet,Electronics,1,22000.00,22000.00,"Net Banking"
2798,268,2025-07-26,Laptop,Electronics,2,55000.00,110000.00,UPI
2799,269,2025-08-09,Smartphone,Electronics,3,30000.00,90000.00,Card
2800,270,2025-08-23,Headphones,Electronics,1,2500.00,2500.00,Cash
2801,271,2025-09-06,Monitor,Electronics,2,12000.00,24000.00,"Net Banking"
2802,272,2025-09-20,Keyboard,Accessories,3,1800.00,5400.00,UPI
2803,273,2025-10-04,Mouse,Accessories,1,900.00,900.00,Card
2804,274,2025-10-18,Smartwatch,Electronics,2,7000.00,14000.00,Cash
2805,275,2025-11-01,Tablet,Electronics,3,22000.00,66000.00,"Net Banking"
2806,276,2025-11-15,Laptop,Electronics,1,55000.00,55000.00,UPI
2807,277,2025-11-29,Smartphone,Electronics,2,30000.00,60000.00,Card
2808,278,2025-12-13,Headphones,Electronics,3,2500.00,7500.00,Cash
2809,279,2025-12-27,Monitor,Electronics,1,12000.00,12000.00,"Net Banking"
2810,280,2026-01-10,Keyboard,Accessories,2,1800.00,3600.00,UPI
2811,281,2026-01-24,Mouse,Accessories,3,900.00,2700.00,Card
2812,282,2026-02-07,Smartwatch,Electronics,1,7000.00,7000.00,Cash
2813,283,2026-02-21,Tablet,Electronics,2,22000.00,44000.00,"Net Banking"
2814,284,2026-03-07,Laptop,Electronics,3,55000.00,165000.00,UPI
2815,285,2026-03-21,Smartphone,Electronics,1,30000.00,30000.00,Card
2816,286,2026-04-04,Headphones,Electronics,2,2500.00,5000.00,Cash
2817,287,2024-10-25,Monitor,Electronics,3,12000.00,36000.00,"Net Banking"
2818,288,2024-11-08,Keyboard,Accessories,1,1800.00,1800.00,UPI
2819,289,2024-11-22,Mouse,Accessories,2,900.00,1800.00,Card
2820,290,2024-12-06,Smartwatch,Electronics,3,7000.00,21000.00,Cash
2821,291,2024-12-20,Tablet,Electronics,1,22000.00,22000.00,"Net Banking"
2822,292,2025-01-03,Laptop,Electronics,2,55000.00,110000.00,UPI
2823,293,2025-01-17,Smartphone,Electronics,3,30000.00,90000.00,Card
2824,294,2025-01-31,Headphones,Electronics,1,2500.00,2500.00,Cash
2825,295,2025-02-14,Monitor,Electronics,2,12000.00,24000.00,"Net Banking"
2826,296,2025-02-28,Keyboard,Accessories,3,1800.00,5400.00,UPI
2827,297,2025-03-14,Mouse,Accessories,1,900.00,900.00,Card
2828,298,2025-03-28,Smartwatch,Electronics,2,7000.00,14000.00,Cash
2829,299,2025-04-11,Tablet,Electronics,3,22000.00,66000.00,"Net Banking"
2830,300,2025-04-25,Laptop,Electronics,1,55000.00,55000.00,UPI
2831,301,2025-05-09,Smartphone,Electronics,2,30000.00,60000.00,Card
2832,302,2025-05-23,Headphones,Electronics,3,2500.00,7500.00,Cash
2833,303,2025-06-06,Monitor,Electronics,1,12000.00,12000.00,"Net Banking"
2834,304,2025-06-20,Keyboard,Accessories,2,1800.00,3600.00,UPI
2835,305,2025-07-04,Mouse,Accessories,3,900.00,2700.00,Card
2836,306,2025-07-18,Smartwatch,Electronics,1,7000.00,7000.00,Cash
2837,307,2025-08-01,Tablet,Electronics,2,22000.00,44000.00,"Net Banking"
2838,308,2025-08-15,Laptop,Electronics,3,55000.00,165000.00,UPI
2839,309,2025-08-29,Smartphone,Electronics,1,30000.00,30000.00,Card
2840,310,2025-09-12,Headphones,Electronics,2,2500.00,5000.00,Cash
2841,311,2025-09-26,Monitor,Electronics,3,12000.00,36000.00,"Net Banking"
2842,312,2025-10-10,Keyboard,Accessories,1,1800.00,1800.00,UPI
2843,313,2025-10-24,Mouse,Accessories,2,900.00,1800.00,Card
2844,314,2025-11-07,Smartwatch,Electronics,3,7000.00,21000.00,Cash
2845,315,2025-11-21,Tablet,Electronics,1,22000.00,22000.00,"Net Banking"
2846,316,2025-12-05,Laptop,Electronics,2,55000.00,110000.00,UPI
2847,317,2025-12-19,Smartphone,Electronics,3,30000.00,90000.00,Card
2848,318,2026-01-02,Headphones,Electronics,1,2500.00,2500.00,Cash
2849,319,2026-01-16,Monitor,Electronics,2,12000.00,24000.00,"Net Banking"
2850,320,2026-01-30,Keyboard,Accessories,3,1800.00,5400.00,UPI
2851,321,2026-02-13,Mouse,Accessories,1,900.00,900.00,Card
2852,322,2026-02-27,Smartwatch,Electronics,2,7000.00,14000.00,Cash
2853,323,2026-03-13,Tablet,Electronics,3,22000.00,66000.00,"Net Banking"
2854,324,2026-03-27,Laptop,Electronics,1,55000.00,55000.00,UPI
2855,325,2026-04-10,Smartphone,Electronics,2,30000.00,60000.00,Card
2856,326,2026-04-24,Headphones,Electronics,3,2500.00,7500.00,Cash
2857,327,2026-05-08,Monitor,Electronics,1,12000.00,12000.00,"Net Banking"
2858,328,2024-11-28,Keyboard,Accessories,2,1800.00,3600.00,UPI
2859,329,2024-12-12,Mouse,Accessories,3,900.00,2700.00,Card
2860,330,2024-12-26,Smartwatch,Electronics,1,7000.00,7000.00,Cash
2861,331,2025-01-09,Tablet,Electronics,2,22000.00,44000.00,"Net Banking"
2862,332,2025-01-23,Laptop,Electronics,3,55000.00,165000.00,UPI
2863,333,2025-02-06,Smartphone,Electronics,1,30000.00,30000.00,Card
2864,334,2025-02-20,Headphones,Electronics,2,2500.00,5000.00,Cash
2865,335,2025-03-06,Monitor,Electronics,3,12000.00,36000.00,"Net Banking"
2866,336,2025-03-20,Keyboard,Accessories,1,1800.00,1800.00,UPI
2867,337,2025-04-03,Mouse,Accessories,2,900.00,1800.00,Card
2868,338,2025-04-17,Smartwatch,Electronics,3,7000.00,21000.00,Cash
2869,339,2025-05-01,Tablet,Electronics,1,22000.00,22000.00,"Net Banking"
2870,340,2025-05-15,Laptop,Electronics,2,55000.00,110000.00,UPI
2871,341,2025-05-29,Smartphone,Electronics,3,30000.00,90000.00,Card
2872,342,2025-06-12,Headphones,Electronics,1,2500.00,2500.00,Cash
2873,343,2025-06-26,Monitor,Electronics,2,12000.00,24000.00,"Net Banking"
2874,344,2025-07-10,Keyboard,Accessories,3,1800.00,5400.00,UPI
2875,345,2025-07-24,Mouse,Accessories,1,900.00,900.00,Card
2876,346,2025-08-07,Smartwatch,Electronics,2,7000.00,14000.00,Cash
2877,347,2025-08-21,Tablet,Electronics,3,22000.00,66000.00,"Net Banking"
2878,348,2025-09-04,Laptop,Electronics,1,55000.00,55000.00,UPI
2879,349,2025-09-18,Smartphone,Electronics,2,30000.00,60000.00,Card
2880,350,2025-10-02,Headphones,Electronics,3,2500.00,7500.00,Cash
2881,351,2025-10-16,Monitor,Electronics,1,12000.00,12000.00,"Net Banking"
2882,352,2025-10-30,Keyboard,Accessories,2,1800.00,3600.00,UPI
2883,353,2025-11-13,Mouse,Accessories,3,900.00,2700.00,Card
2884,354,2025-11-27,Smartwatch,Electronics,1,7000.00,7000.00,Cash
2885,355,2025-12-11,Tablet,Electronics,2,22000.00,44000.00,"Net Banking"
2886,356,2025-12-25,Laptop,Electronics,3,55000.00,165000.00,UPI
2887,357,2026-01-08,Smartphone,Electronics,1,30000.00,30000.00,Card
2888,358,2026-01-22,Headphones,Electronics,2,2500.00,5000.00,Cash
2889,359,2026-02-05,Monitor,Electronics,3,12000.00,36000.00,"Net Banking"
2890,360,2026-02-19,Keyboard,Accessories,1,1800.00,1800.00,UPI
2891,361,2026-03-05,Mouse,Accessories,2,900.00,1800.00,Card
2892,362,2026-03-19,Smartwatch,Electronics,3,7000.00,21000.00,Cash
2893,363,2026-04-02,Tablet,Electronics,1,22000.00,22000.00,"Net Banking"
2894,364,2026-04-16,Laptop,Electronics,2,55000.00,110000.00,UPI
2895,365,2025-04-30,Smartphone,Electronics,3,30000.00,90000.00,Card
2896,366,2025-05-14,Headphones,Electronics,1,2500.00,2500.00,Cash
2897,367,2025-05-28,Monitor,Electronics,2,12000.00,24000.00,"Net Banking"
2898,368,2025-06-11,Keyboard,Accessories,3,1800.00,5400.00,UPI
2899,369,2025-06-25,Mouse,Accessories,1,900.00,900.00,Card
2900,370,2024-01-16,Smartwatch,Electronics,2,7000.00,14000.00,Cash
2901,371,2024-01-30,Tablet,Electronics,3,22000.00,66000.00,"Net Banking"
2902,372,2024-02-13,Laptop,Electronics,1,55000.00,55000.00,UPI
2903,373,2024-02-27,Smartphone,Electronics,2,30000.00,60000.00,Card
2904,374,2024-03-12,Headphones,Electronics,3,2500.00,7500.00,Cash
2905,375,2024-03-26,Monitor,Electronics,1,12000.00,12000.00,"Net Banking"
2906,376,2024-04-09,Keyboard,Accessories,2,1800.00,3600.00,UPI
2907,377,2024-04-23,Mouse,Accessories,3,900.00,2700.00,Card
2908,378,2024-05-07,Smartwatch,Electronics,1,7000.00,7000.00,Cash
2909,379,2024-05-21,Tablet,Electronics,2,22000.00,44000.00,"Net Banking"
2910,380,2024-06-04,Laptop,Electronics,3,55000.00,165000.00,UPI
2911,381,2024-06-18,Smartphone,Electronics,1,30000.00,30000.00,Card
2912,382,2024-07-02,Headphones,Electronics,2,2500.00,5000.00,Cash
2913,383,2024-07-16,Monitor,Electronics,3,12000.00,36000.00,"Net Banking"
2914,384,2024-07-30,Keyboard,Accessories,1,1800.00,1800.00,UPI
2915,385,2024-08-13,Mouse,Accessories,2,900.00,1800.00,Card
2916,386,2024-08-27,Smartwatch,Electronics,3,7000.00,21000.00,Cash
2917,387,2024-09-10,Tablet,Electronics,1,22000.00,22000.00,"Net Banking"
2918,388,2024-09-24,Laptop,Electronics,2,55000.00,110000.00,UPI
2919,389,2024-10-08,Smartphone,Electronics,3,30000.00,90000.00,Card
2920,390,2024-10-22,Headphones,Electronics,1,2500.00,2500.00,Cash
2921,391,2024-11-05,Monitor,Electronics,2,12000.00,24000.00,"Net Banking"
2922,392,2024-11-19,Keyboard,Accessories,3,1800.00,5400.00,UPI
2923,393,2024-12-03,Mouse,Accessories,1,900.00,900.00,Card
2924,394,2024-12-17,Smartwatch,Electronics,2,7000.00,14000.00,Cash
2925,395,2024-12-31,Tablet,Electronics,3,22000.00,66000.00,"Net Banking"
2926,396,2025-01-14,Laptop,Electronics,1,55000.00,55000.00,UPI
2927,397,2025-01-28,Smartphone,Electronics,2,30000.00,60000.00,Card
2928,398,2025-02-11,Headphones,Electronics,3,2500.00,7500.00,Cash
2929,399,2025-02-25,Monitor,Electronics,1,12000.00,12000.00,"Net Banking"
2930,400,2025-03-11,Keyboard,Accessories,2,1800.00,3600.00,UPI
2931,401,2025-03-25,Mouse,Accessories,3,900.00,2700.00,Card
2932,402,2025-04-08,Smartwatch,Electronics,1,7000.00,7000.00,Cash
2933,403,2025-04-22,Tablet,Electronics,2,22000.00,44000.00,"Net Banking"
2934,404,2025-05-06,Laptop,Electronics,3,55000.00,165000.00,UPI
2935,405,2025-05-20,Smartphone,Electronics,1,30000.00,30000.00,Card
2936,406,2025-06-03,Headphones,Electronics,2,2500.00,5000.00,Cash
2937,407,2025-06-17,Monitor,Electronics,3,12000.00,36000.00,"Net Banking"
2938,408,2025-07-01,Keyboard,Accessories,1,1800.00,1800.00,UPI
2939,409,2025-07-15,Mouse,Accessories,2,900.00,1800.00,Card
2940,410,2025-07-29,Smartwatch,Electronics,3,7000.00,21000.00,Cash
2941,411,2024-02-19,Tablet,Electronics,1,22000.00,22000.00,"Net Banking"
2942,412,2024-03-04,Laptop,Electronics,2,55000.00,110000.00,UPI
2943,413,2024-03-18,Smartphone,Electronics,3,30000.00,90000.00,Card
2944,414,2024-04-01,Headphones,Electronics,1,2500.00,2500.00,Cash
2945,415,2024-04-15,Monitor,Electronics,2,12000.00,24000.00,"Net Banking"
2946,416,2024-04-29,Keyboard,Accessories,3,1800.00,5400.00,UPI
2947,417,2024-05-13,Mouse,Accessories,1,900.00,900.00,Card
2948,418,2024-05-27,Smartwatch,Electronics,2,7000.00,14000.00,Cash
2949,419,2024-06-10,Tablet,Electronics,3,22000.00,66000.00,"Net Banking"
2950,420,2024-06-24,Laptop,Electronics,1,55000.00,55000.00,UPI
2951,421,2024-07-08,Smartphone,Electronics,2,30000.00,60000.00,Card
2952,422,2024-07-22,Headphones,Electronics,3,2500.00,7500.00,Cash
2953,423,2024-08-05,Monitor,Electronics,1,12000.00,12000.00,"Net Banking"
2954,424,2024-08-19,Keyboard,Accessories,2,1800.00,3600.00,UPI
2955,425,2024-09-02,Mouse,Accessories,3,900.00,2700.00,Card
2956,426,2024-09-16,Smartwatch,Electronics,1,7000.00,7000.00,Cash
2957,427,2024-09-30,Tablet,Electronics,2,22000.00,44000.00,"Net Banking"
2958,428,2024-10-14,Laptop,Electronics,3,55000.00,165000.00,UPI
2959,429,2024-10-28,Smartphone,Electronics,1,30000.00,30000.00,Card
2960,430,2024-11-11,Headphones,Electronics,2,2500.00,5000.00,Cash
2961,431,2024-11-25,Monitor,Electronics,3,12000.00,36000.00,"Net Banking"
2962,432,2024-12-09,Keyboard,Accessories,1,1800.00,1800.00,UPI
2963,433,2024-12-23,Mouse,Accessories,2,900.00,1800.00,Card
2964,434,2025-01-06,Smartwatch,Electronics,3,7000.00,21000.00,Cash
2965,435,2025-01-20,Tablet,Electronics,1,22000.00,22000.00,"Net Banking"
2966,436,2025-02-03,Laptop,Electronics,2,55000.00,110000.00,UPI
2967,437,2025-02-17,Smartphone,Electronics,3,30000.00,90000.00,Card
2968,438,2025-03-03,Headphones,Electronics,1,2500.00,2500.00,Cash
2969,439,2025-03-17,Monitor,Electronics,2,12000.00,24000.00,"Net Banking"
2970,440,2025-03-31,Keyboard,Accessories,3,1800.00,5400.00,UPI
2971,441,2025-04-14,Mouse,Accessories,1,900.00,900.00,Card
2972,442,2025-04-28,Smartwatch,Electronics,2,7000.00,14000.00,Cash
2973,443,2025-05-12,Tablet,Electronics,3,22000.00,66000.00,"Net Banking"
2974,444,2025-05-26,Laptop,Electronics,1,55000.00,55000.00,UPI
2975,445,2025-06-09,Smartphone,Electronics,2,30000.00,60000.00,Card
2976,446,2025-06-23,Headphones,Electronics,3,2500.00,7500.00,Cash
2977,447,2025-07-07,Monitor,Electronics,1,12000.00,12000.00,"Net Banking"
2978,448,2025-07-21,Keyboard,Accessories,2,1800.00,3600.00,UPI
2979,449,2025-08-04,Mouse,Accessories,3,900.00,2700.00,Card
2980,450,2025-08-18,Smartwatch,Electronics,1,7000.00,7000.00,Cash
2981,451,2025-09-01,Tablet,Electronics,2,22000.00,44000.00,"Net Banking"
2982,452,2025-09-15,Laptop,Electronics,3,55000.00,165000.00,UPI
2983,453,2024-04-07,Smartphone,Electronics,1,30000.00,30000.00,Card
2984,454,2024-04-21,Headphones,Electronics,2,2500.00,5000.00,Cash
2985,455,2024-05-05,Monitor,Electronics,3,12000.00,36000.00,"Net Banking"
2986,456,2024-05-19,Keyboard,Accessories,1,1800.00,1800.00,UPI
2987,457,2024-06-02,Mouse,Accessories,2,900.00,1800.00,Card
2988,458,2024-06-16,Smartwatch,Electronics,3,7000.00,21000.00,Cash
2989,459,2024-06-30,Tablet,Electronics,1,22000.00,22000.00,"Net Banking"
2990,460,2024-07-14,Laptop,Electronics,2,55000.00,110000.00,UPI
2991,461,2024-07-28,Smartphone,Electronics,3,30000.00,90000.00,Card
2992,462,2024-08-11,Headphones,Electronics,1,2500.00,2500.00,Cash
2993,463,2024-08-25,Monitor,Electronics,2,12000.00,24000.00,"Net Banking"
2994,464,2024-09-08,Keyboard,Accessories,3,1800.00,5400.00,UPI
2995,465,2024-09-22,Mouse,Accessories,1,900.00,900.00,Card
2996,466,2024-10-06,Smartwatch,Electronics,2,7000.00,14000.00,Cash
2997,467,2024-10-20,Tablet,Electronics,3,22000.00,66000.00,"Net Banking"
2998,468,2024-11-03,Laptop,Electronics,1,55000.00,55000.00,UPI
2999,469,2024-11-17,Smartphone,Electronics,2,30000.00,60000.00,Card
3000,470,2024-12-01,Headphones,Electronics,3,2500.00,7500.00,Cash
3001,471,2024-12-15,Monitor,Electronics,1,12000.00,12000.00,"Net Banking"
3002,472,2024-12-29,Keyboard,Accessories,2,1800.00,3600.00,UPI
3003,473,2025-01-12,Mouse,Accessories,3,900.00,2700.00,Card
3004,474,2025-01-26,Smartwatch,Electronics,1,7000.00,7000.00,Cash
3005,475,2025-02-09,Tablet,Electronics,2,22000.00,44000.00,"Net Banking"
3006,476,2025-02-23,Laptop,Electronics,3,55000.00,165000.00,UPI
3007,477,2025-03-09,Smartphone,Electronics,1,30000.00,30000.00,Card
3008,478,2025-03-23,Headphones,Electronics,2,2500.00,5000.00,Cash
3009,479,2025-04-06,Monitor,Electronics,3,12000.00,36000.00,"Net Banking"
3010,480,2025-04-20,Keyboard,Accessories,1,1800.00,1800.00,UPI
3011,481,2025-05-04,Mouse,Accessories,2,900.00,1800.00,Card
3012,482,2025-05-18,Smartwatch,Electronics,3,7000.00,21000.00,Cash
3013,483,2025-06-01,Tablet,Electronics,1,22000.00,22000.00,"Net Banking"
3014,484,2025-06-15,Laptop,Electronics,2,55000.00,110000.00,UPI
3015,485,2025-06-29,Smartphone,Electronics,3,30000.00,90000.00,Card
3016,486,2025-07-13,Headphones,Electronics,1,2500.00,2500.00,Cash
3017,487,2025-07-27,Monitor,Electronics,2,12000.00,24000.00,"Net Banking"
3018,488,2025-08-10,Keyboard,Accessories,3,1800.00,5400.00,UPI
3019,489,2025-08-24,Mouse,Accessories,1,900.00,900.00,Card
3020,490,2025-09-07,Smartwatch,Electronics,2,7000.00,14000.00,Cash
3021,491,2025-09-21,Tablet,Electronics,3,22000.00,66000.00,"Net Banking"
3022,492,2025-10-05,Laptop,Electronics,1,55000.00,55000.00,UPI
3023,493,2025-10-19,Smartphone,Electronics,2,30000.00,60000.00,Card
3024,494,2024-05-11,Headphones,Electronics,3,2500.00,7500.00,Cash
3025,495,2024-05-25,Monitor,Electronics,1,12000.00,12000.00,"Net Banking"
3026,496,2024-06-08,Keyboard,Accessories,2,1800.00,3600.00,UPI
3027,497,2024-06-22,Mouse,Accessories,3,900.00,2700.00,Card
3028,498,2024-07-06,Smartwatch,Electronics,1,7000.00,7000.00,Cash
3029,499,2024-07-20,Tablet,Electronics,2,22000.00,44000.00,"Net Banking"
3030,500,2024-08-03,Laptop,Electronics,3,55000.00,165000.00,UPI
3031,1,2025-04-13,Smartphone,Electronics,1,30000.00,30000.00,Card
3032,2,2025-05-01,Headphones,Electronics,2,2500.00,5000.00,Cash
3033,3,2025-06-04,Monitor,Electronics,3,12000.00,36000.00,"Net Banking"
3034,4,2025-06-30,Keyboard,Accessories,1,1800.00,1800.00,UPI
3035,5,2025-07-25,Mouse,Accessories,2,900.00,1800.00,Card
3036,6,2025-08-17,Smartwatch,Electronics,3,7000.00,21000.00,Cash
3037,7,2025-09-12,Tablet,Electronics,1,22000.00,22000.00,"Net Banking"
3038,8,2025-10-09,Laptop,Electronics,2,55000.00,110000.00,UPI
3039,9,2025-11-03,Smartphone,Electronics,3,30000.00,90000.00,Card
3040,10,2025-11-29,Headphones,Electronics,1,2500.00,2500.00,Cash
3041,11,2025-12-24,Monitor,Electronics,2,12000.00,24000.00,"Net Banking"
3042,12,2026-01-23,Keyboard,Accessories,3,1800.00,5400.00,UPI
3043,13,2026-02-22,Mouse,Accessories,1,900.00,900.00,Card
3044,14,2026-03-24,Smartwatch,Electronics,2,7000.00,14000.00,Cash
3045,15,2026-04-23,Tablet,Electronics,3,22000.00,66000.00,"Net Banking"
3046,16,2026-05-25,Laptop,Electronics,1,55000.00,55000.00,UPI
3047,17,2026-06-22,Smartphone,Electronics,2,30000.00,60000.00,Card
3048,18,2026-07-23,Headphones,Electronics,3,2500.00,7500.00,Cash
3049,19,2026-08-24,Monitor,Electronics,1,12000.00,12000.00,"Net Banking"
3050,20,2026-09-23,Keyboard,Accessories,2,1800.00,3600.00,UPI
3051,21,2025-01-09,Mouse,Accessories,3,900.00,2700.00,Card
3052,22,2025-01-23,Smartwatch,Electronics,1,7000.00,7000.00,Cash
3053,23,2025-02-06,Tablet,Electronics,2,22000.00,44000.00,"Net Banking"
3054,24,2025-02-20,Laptop,Electronics,3,55000.00,165000.00,UPI
3055,25,2025-03-06,Smartphone,Electronics,1,30000.00,30000.00,Card
3056,26,2025-03-20,Headphones,Electronics,2,2500.00,5000.00,Cash
3057,27,2025-04-03,Monitor,Electronics,3,12000.00,36000.00,"Net Banking"
3058,28,2025-04-17,Keyboard,Accessories,1,1800.00,1800.00,UPI
3059,29,2025-05-01,Mouse,Accessories,2,900.00,1800.00,Card
3060,30,2025-05-15,Smartwatch,Electronics,3,7000.00,21000.00,Cash
3061,31,2025-05-29,Tablet,Electronics,1,22000.00,22000.00,"Net Banking"
3062,32,2025-06-12,Laptop,Electronics,2,55000.00,110000.00,UPI
3063,33,2025-06-26,Smartphone,Electronics,3,30000.00,90000.00,Card
3064,34,2025-07-10,Headphones,Electronics,1,2500.00,2500.00,Cash
3065,35,2025-07-24,Monitor,Electronics,2,12000.00,24000.00,"Net Banking"
3066,36,2024-02-14,Keyboard,Accessories,3,1800.00,5400.00,UPI
3067,37,2024-02-28,Mouse,Accessories,1,900.00,900.00,Card
3068,38,2024-03-13,Smartwatch,Electronics,2,7000.00,14000.00,Cash
3069,39,2024-03-27,Tablet,Electronics,3,22000.00,66000.00,"Net Banking"
3070,40,2024-04-10,Laptop,Electronics,1,55000.00,55000.00,UPI
3071,41,2024-04-24,Smartphone,Electronics,2,30000.00,60000.00,Card
3072,42,2024-05-08,Headphones,Electronics,3,2500.00,7500.00,Cash
3073,43,2024-05-22,Monitor,Electronics,1,12000.00,12000.00,"Net Banking"
3074,44,2024-06-05,Keyboard,Accessories,2,1800.00,3600.00,UPI
3075,45,2024-06-19,Mouse,Accessories,3,900.00,2700.00,Card
3076,46,2024-07-03,Smartwatch,Electronics,1,7000.00,7000.00,Cash
3077,47,2024-07-17,Tablet,Electronics,2,22000.00,44000.00,"Net Banking"
3078,48,2024-07-31,Laptop,Electronics,3,55000.00,165000.00,UPI
3079,49,2024-08-14,Smartphone,Electronics,1,30000.00,30000.00,Card
3080,50,2024-08-28,Headphones,Electronics,2,2500.00,5000.00,Cash
3081,51,2024-09-11,Monitor,Electronics,3,12000.00,36000.00,"Net Banking"
3082,52,2024-09-25,Keyboard,Accessories,1,1800.00,1800.00,UPI
3083,53,2024-10-09,Mouse,Accessories,2,900.00,1800.00,Card
3084,54,2024-10-23,Smartwatch,Electronics,3,7000.00,21000.00,Cash
3085,55,2024-11-06,Tablet,Electronics,1,22000.00,22000.00,"Net Banking"
3086,56,2024-11-20,Laptop,Electronics,2,55000.00,110000.00,UPI
3087,57,2024-12-04,Smartphone,Electronics,3,30000.00,90000.00,Card
3088,58,2024-12-18,Headphones,Electronics,1,2500.00,2500.00,Cash
3089,59,2025-01-01,Monitor,Electronics,2,12000.00,24000.00,"Net Banking"
3090,60,2025-01-15,Keyboard,Accessories,3,1800.00,5400.00,UPI
3091,61,2025-01-29,Mouse,Accessories,1,900.00,900.00,Card
3092,62,2025-02-12,Smartwatch,Electronics,2,7000.00,14000.00,Cash
3093,63,2025-02-26,Tablet,Electronics,3,22000.00,66000.00,"Net Banking"
3094,64,2025-03-12,Laptop,Electronics,1,55000.00,55000.00,UPI
3095,65,2025-03-26,Smartphone,Electronics,2,30000.00,60000.00,Card
3096,66,2025-04-09,Headphones,Electronics,3,2500.00,7500.00,Cash
3097,67,2025-04-23,Monitor,Electronics,1,12000.00,12000.00,"Net Banking"
3098,68,2025-05-07,Keyboard,Accessories,2,1800.00,3600.00,UPI
3099,69,2025-05-21,Mouse,Accessories,3,900.00,2700.00,Card
3100,70,2025-06-04,Smartwatch,Electronics,1,7000.00,7000.00,Cash
3101,71,2025-06-18,Tablet,Electronics,2,22000.00,44000.00,"Net Banking"
3102,72,2025-07-02,Laptop,Electronics,3,55000.00,165000.00,UPI
3103,73,2025-07-16,Smartphone,Electronics,1,30000.00,30000.00,Card
3104,74,2025-07-30,Headphones,Electronics,2,2500.00,5000.00,Cash
3105,75,2025-08-13,Monitor,Electronics,3,12000.00,36000.00,"Net Banking"
3106,76,2025-08-27,Keyboard,Accessories,1,1800.00,1800.00,UPI
3107,77,2024-03-19,Mouse,Accessories,2,900.00,1800.00,Card
3108,78,2024-04-02,Smartwatch,Electronics,3,7000.00,21000.00,Cash
3109,79,2024-04-16,Tablet,Electronics,1,22000.00,22000.00,"Net Banking"
3110,80,2024-04-30,Laptop,Electronics,2,55000.00,110000.00,UPI
3111,81,2024-05-14,Smartphone,Electronics,3,30000.00,90000.00,Card
3112,82,2024-05-28,Headphones,Electronics,1,2500.00,2500.00,Cash
3113,83,2024-06-11,Monitor,Electronics,2,12000.00,24000.00,"Net Banking"
3114,84,2024-06-25,Keyboard,Accessories,3,1800.00,5400.00,UPI
3115,85,2024-07-09,Mouse,Accessories,1,900.00,900.00,Card
3116,86,2024-07-23,Smartwatch,Electronics,2,7000.00,14000.00,Cash
3117,87,2024-08-06,Tablet,Electronics,3,22000.00,66000.00,"Net Banking"
3118,88,2024-08-20,Laptop,Electronics,1,55000.00,55000.00,UPI
3119,89,2024-09-03,Smartphone,Electronics,2,30000.00,60000.00,Card
3120,90,2024-09-17,Headphones,Electronics,3,2500.00,7500.00,Cash
3121,91,2024-10-01,Monitor,Electronics,1,12000.00,12000.00,"Net Banking"
3122,92,2024-10-15,Keyboard,Accessories,2,1800.00,3600.00,UPI
3123,93,2024-10-29,Mouse,Accessories,3,900.00,2700.00,Card
3124,94,2024-11-12,Smartwatch,Electronics,1,7000.00,7000.00,Cash
3125,95,2024-11-26,Tablet,Electronics,2,22000.00,44000.00,"Net Banking"
3126,96,2024-12-10,Laptop,Electronics,3,55000.00,165000.00,UPI
3127,97,2024-12-24,Smartphone,Electronics,1,30000.00,30000.00,Card
3128,98,2025-01-07,Headphones,Electronics,2,2500.00,5000.00,Cash
3129,99,2025-01-21,Monitor,Electronics,3,12000.00,36000.00,"Net Banking"
3130,100,2025-02-04,Keyboard,Accessories,1,1800.00,1800.00,UPI
3131,101,2025-02-18,Mouse,Accessories,2,900.00,1800.00,Card
3132,102,2025-03-04,Smartwatch,Electronics,3,7000.00,21000.00,Cash
3133,103,2025-03-18,Tablet,Electronics,1,22000.00,22000.00,"Net Banking"
3134,104,2025-04-01,Laptop,Electronics,2,55000.00,110000.00,UPI
3135,105,2025-04-15,Smartphone,Electronics,3,30000.00,90000.00,Card
3136,106,2025-04-29,Headphones,Electronics,1,2500.00,2500.00,Cash
3137,107,2025-05-13,Monitor,Electronics,2,12000.00,24000.00,"Net Banking"
3138,108,2025-05-27,Keyboard,Accessories,3,1800.00,5400.00,UPI
3139,109,2025-06-10,Mouse,Accessories,1,900.00,900.00,Card
3140,110,2025-06-24,Smartwatch,Electronics,2,7000.00,14000.00,Cash
3141,111,2025-07-08,Tablet,Electronics,3,22000.00,66000.00,"Net Banking"
3142,112,2025-07-22,Laptop,Electronics,1,55000.00,55000.00,UPI
3143,113,2025-08-05,Smartphone,Electronics,2,30000.00,60000.00,Card
3144,114,2025-08-19,Headphones,Electronics,3,2500.00,7500.00,Cash
3145,115,2025-09-02,Monitor,Electronics,1,12000.00,12000.00,"Net Banking"
3146,116,2025-09-16,Keyboard,Accessories,2,1800.00,3600.00,UPI
3147,117,2025-09-30,Mouse,Accessories,3,900.00,2700.00,Card
3148,118,2025-10-14,Smartwatch,Electronics,1,7000.00,7000.00,Cash
3149,119,2024-05-06,Tablet,Electronics,2,22000.00,44000.00,"Net Banking"
3150,120,2024-05-20,Laptop,Electronics,3,55000.00,165000.00,UPI
3151,121,2024-06-03,Smartphone,Electronics,1,30000.00,30000.00,Card
3152,122,2024-06-17,Headphones,Electronics,2,2500.00,5000.00,Cash
3153,123,2024-07-01,Monitor,Electronics,3,12000.00,36000.00,"Net Banking"
3154,124,2024-07-15,Keyboard,Accessories,1,1800.00,1800.00,UPI
3155,125,2024-07-29,Mouse,Accessories,2,900.00,1800.00,Card
3156,126,2024-08-12,Smartwatch,Electronics,3,7000.00,21000.00,Cash
3157,127,2024-08-26,Tablet,Electronics,1,22000.00,22000.00,"Net Banking"
3158,128,2024-09-09,Laptop,Electronics,2,55000.00,110000.00,UPI
3159,129,2024-09-23,Smartphone,Electronics,3,30000.00,90000.00,Card
3160,130,2024-10-07,Headphones,Electronics,1,2500.00,2500.00,Cash
3161,131,2024-10-21,Monitor,Electronics,2,12000.00,24000.00,"Net Banking"
3162,132,2024-11-04,Keyboard,Accessories,3,1800.00,5400.00,UPI
3163,133,2024-11-18,Mouse,Accessories,1,900.00,900.00,Card
3164,134,2024-12-02,Smartwatch,Electronics,2,7000.00,14000.00,Cash
3165,135,2024-12-16,Tablet,Electronics,3,22000.00,66000.00,"Net Banking"
3166,136,2024-12-30,Laptop,Electronics,1,55000.00,55000.00,UPI
3167,137,2025-01-13,Smartphone,Electronics,2,30000.00,60000.00,Card
3168,138,2025-01-27,Headphones,Electronics,3,2500.00,7500.00,Cash
3169,139,2025-02-10,Monitor,Electronics,1,12000.00,12000.00,"Net Banking"
3170,140,2025-02-24,Keyboard,Accessories,2,1800.00,3600.00,UPI
3171,141,2025-03-10,Mouse,Accessories,3,900.00,2700.00,Card
3172,142,2025-03-24,Smartwatch,Electronics,1,7000.00,7000.00,Cash
3173,143,2025-04-07,Tablet,Electronics,2,22000.00,44000.00,"Net Banking"
3174,144,2025-04-21,Laptop,Electronics,3,55000.00,165000.00,UPI
3175,145,2025-05-05,Smartphone,Electronics,1,30000.00,30000.00,Card
3176,146,2025-05-19,Headphones,Electronics,2,2500.00,5000.00,Cash
3177,147,2025-06-02,Monitor,Electronics,3,12000.00,36000.00,"Net Banking"
3178,148,2025-06-16,Keyboard,Accessories,1,1800.00,1800.00,UPI
3179,149,2025-06-30,Mouse,Accessories,2,900.00,1800.00,Card
3180,150,2025-07-14,Smartwatch,Electronics,3,7000.00,21000.00,Cash
3181,151,2025-07-28,Tablet,Electronics,1,22000.00,22000.00,"Net Banking"
3182,152,2025-08-11,Laptop,Electronics,2,55000.00,110000.00,UPI
3183,153,2025-08-25,Smartphone,Electronics,3,30000.00,90000.00,Card
3184,154,2025-09-08,Headphones,Electronics,1,2500.00,2500.00,Cash
3185,155,2025-09-22,Monitor,Electronics,2,12000.00,24000.00,"Net Banking"
3186,156,2025-10-06,Keyboard,Accessories,3,1800.00,5400.00,UPI
3187,157,2025-10-20,Mouse,Accessories,1,900.00,900.00,Card
3188,158,2025-11-03,Smartwatch,Electronics,2,7000.00,14000.00,Cash
3189,159,2025-11-17,Tablet,Electronics,3,22000.00,66000.00,"Net Banking"
3190,160,2024-06-09,Laptop,Electronics,1,55000.00,55000.00,UPI
3191,161,2024-06-23,Smartphone,Electronics,2,30000.00,60000.00,Card
3192,162,2024-07-07,Headphones,Electronics,3,2500.00,7500.00,Cash
3193,163,2024-07-21,Monitor,Electronics,1,12000.00,12000.00,"Net Banking"
3194,164,2024-08-04,Keyboard,Accessories,2,1800.00,3600.00,UPI
3195,165,2024-08-18,Mouse,Accessories,3,900.00,2700.00,Card
3196,166,2024-09-01,Smartwatch,Electronics,1,7000.00,7000.00,Cash
3197,167,2024-09-15,Tablet,Electronics,2,22000.00,44000.00,"Net Banking"
3198,168,2024-09-29,Laptop,Electronics,3,55000.00,165000.00,UPI
3199,169,2024-10-13,Smartphone,Electronics,1,30000.00,30000.00,Card
3200,170,2024-10-27,Headphones,Electronics,2,2500.00,5000.00,Cash
3201,171,2024-11-10,Monitor,Electronics,3,12000.00,36000.00,"Net Banking"
3202,172,2024-11-24,Keyboard,Accessories,1,1800.00,1800.00,UPI
3203,173,2024-12-08,Mouse,Accessories,2,900.00,1800.00,Card
3204,174,2024-12-22,Smartwatch,Electronics,3,7000.00,21000.00,Cash
3205,175,2025-01-05,Tablet,Electronics,1,22000.00,22000.00,"Net Banking"
3206,176,2025-01-19,Laptop,Electronics,2,55000.00,110000.00,UPI
3207,177,2025-02-02,Smartphone,Electronics,3,30000.00,90000.00,Card
3208,178,2025-02-16,Headphones,Electronics,1,2500.00,2500.00,Cash
3209,179,2025-03-02,Monitor,Electronics,2,12000.00,24000.00,"Net Banking"
3210,180,2025-03-16,Keyboard,Accessories,3,1800.00,5400.00,UPI
3211,181,2025-03-30,Mouse,Accessories,1,900.00,900.00,Card
3212,182,2025-04-13,Smartwatch,Electronics,2,7000.00,14000.00,Cash
3213,183,2025-04-27,Tablet,Electronics,3,22000.00,66000.00,"Net Banking"
3214,184,2025-05-11,Laptop,Electronics,1,55000.00,55000.00,UPI
3215,185,2025-05-25,Smartphone,Electronics,2,30000.00,60000.00,Card
3216,186,2025-06-08,Headphones,Electronics,3,2500.00,7500.00,Cash
3217,187,2025-06-22,Monitor,Electronics,1,12000.00,12000.00,"Net Banking"
3218,188,2025-07-06,Keyboard,Accessories,2,1800.00,3600.00,UPI
3219,189,2025-07-20,Mouse,Accessories,3,900.00,2700.00,Card
3220,190,2025-08-03,Smartwatch,Electronics,1,7000.00,7000.00,Cash
3221,191,2025-08-17,Tablet,Electronics,2,22000.00,44000.00,"Net Banking"
3222,192,2025-08-31,Laptop,Electronics,3,55000.00,165000.00,UPI
3223,193,2025-09-14,Smartphone,Electronics,1,30000.00,30000.00,Card
3224,194,2025-09-28,Headphones,Electronics,2,2500.00,5000.00,Cash
3225,195,2025-10-12,Monitor,Electronics,3,12000.00,36000.00,"Net Banking"
3226,196,2025-10-26,Keyboard,Accessories,1,1800.00,1800.00,UPI
3227,197,2025-11-09,Mouse,Accessories,2,900.00,1800.00,Card
3228,198,2025-11-23,Smartwatch,Electronics,3,7000.00,21000.00,Cash
3229,199,2025-12-07,Tablet,Electronics,1,22000.00,22000.00,"Net Banking"
3230,200,2025-12-21,Laptop,Electronics,2,55000.00,110000.00,UPI
3231,201,2026-01-04,Smartphone,Electronics,3,30000.00,90000.00,Card
3232,202,2024-07-27,Headphones,Electronics,1,2500.00,2500.00,Cash
3233,203,2024-08-10,Monitor,Electronics,2,12000.00,24000.00,"Net Banking"
3234,204,2024-08-24,Keyboard,Accessories,3,1800.00,5400.00,UPI
3235,205,2024-09-07,Mouse,Accessories,1,900.00,900.00,Card
3236,206,2024-09-21,Smartwatch,Electronics,2,7000.00,14000.00,Cash
3237,207,2024-10-05,Tablet,Electronics,3,22000.00,66000.00,"Net Banking"
3238,208,2024-10-19,Laptop,Electronics,1,55000.00,55000.00,UPI
3239,209,2024-11-02,Smartphone,Electronics,2,30000.00,60000.00,Card
3240,210,2024-11-16,Headphones,Electronics,3,2500.00,7500.00,Cash
3241,211,2024-11-30,Monitor,Electronics,1,12000.00,12000.00,"Net Banking"
3242,212,2024-12-14,Keyboard,Accessories,2,1800.00,3600.00,UPI
3243,213,2024-12-28,Mouse,Accessories,3,900.00,2700.00,Card
3244,214,2025-01-11,Smartwatch,Electronics,1,7000.00,7000.00,Cash
3245,215,2025-01-25,Tablet,Electronics,2,22000.00,44000.00,"Net Banking"
3246,216,2025-02-08,Laptop,Electronics,3,55000.00,165000.00,UPI
3247,217,2025-02-22,Smartphone,Electronics,1,30000.00,30000.00,Card
3248,218,2025-03-08,Headphones,Electronics,2,2500.00,5000.00,Cash
3249,219,2025-03-22,Monitor,Electronics,3,12000.00,36000.00,"Net Banking"
3250,220,2025-04-05,Keyboard,Accessories,1,1800.00,1800.00,UPI
3251,221,2025-04-19,Mouse,Accessories,2,900.00,1800.00,Card
3252,222,2025-05-03,Smartwatch,Electronics,3,7000.00,21000.00,Cash
3253,223,2025-05-17,Tablet,Electronics,1,22000.00,22000.00,"Net Banking"
3254,224,2025-05-31,Laptop,Electronics,2,55000.00,110000.00,UPI
3255,225,2025-06-14,Smartphone,Electronics,3,30000.00,90000.00,Card
3256,226,2025-06-28,Headphones,Electronics,1,2500.00,2500.00,Cash
3257,227,2025-07-12,Monitor,Electronics,2,12000.00,24000.00,"Net Banking"
3258,228,2025-07-26,Keyboard,Accessories,3,1800.00,5400.00,UPI
3259,229,2025-08-09,Mouse,Accessories,1,900.00,900.00,Card
3260,230,2025-08-23,Smartwatch,Electronics,2,7000.00,14000.00,Cash
3261,231,2025-09-06,Tablet,Electronics,3,22000.00,66000.00,"Net Banking"
3262,232,2025-09-20,Laptop,Electronics,1,55000.00,55000.00,UPI
3263,233,2025-10-04,Smartphone,Electronics,2,30000.00,60000.00,Card
3264,234,2025-10-18,Headphones,Electronics,3,2500.00,7500.00,Cash
3265,235,2025-11-01,Monitor,Electronics,1,12000.00,12000.00,"Net Banking"
3266,236,2025-11-15,Keyboard,Accessories,2,1800.00,3600.00,UPI
3267,237,2025-11-29,Mouse,Accessories,3,900.00,2700.00,Card
3268,238,2025-12-13,Smartwatch,Electronics,1,7000.00,7000.00,Cash
3269,239,2025-12-27,Tablet,Electronics,2,22000.00,44000.00,"Net Banking"
3270,240,2026-01-10,Laptop,Electronics,3,55000.00,165000.00,UPI
3271,241,2026-01-24,Smartphone,Electronics,1,30000.00,30000.00,Card
3272,242,2026-02-07,Headphones,Electronics,2,2500.00,5000.00,Cash
3273,243,2026-02-21,Monitor,Electronics,3,12000.00,36000.00,"Net Banking"
3274,244,2024-09-13,Keyboard,Accessories,1,1800.00,1800.00,UPI
3275,245,2024-09-27,Mouse,Accessories,2,900.00,1800.00,Card
3276,246,2024-10-11,Smartwatch,Electronics,3,7000.00,21000.00,Cash
3277,247,2024-10-25,Tablet,Electronics,1,22000.00,22000.00,"Net Banking"
3278,248,2024-11-08,Laptop,Electronics,2,55000.00,110000.00,UPI
3279,249,2024-11-22,Smartphone,Electronics,3,30000.00,90000.00,Card
3280,250,2024-12-06,Headphones,Electronics,1,2500.00,2500.00,Cash
3281,251,2024-12-20,Monitor,Electronics,2,12000.00,24000.00,"Net Banking"
3282,252,2025-01-03,Keyboard,Accessories,3,1800.00,5400.00,UPI
3283,253,2025-01-17,Mouse,Accessories,1,900.00,900.00,Card
3284,254,2025-01-31,Smartwatch,Electronics,2,7000.00,14000.00,Cash
3285,255,2025-02-14,Tablet,Electronics,3,22000.00,66000.00,"Net Banking"
3286,256,2025-02-28,Laptop,Electronics,1,55000.00,55000.00,UPI
3287,257,2025-03-14,Smartphone,Electronics,2,30000.00,60000.00,Card
3288,258,2025-03-28,Headphones,Electronics,3,2500.00,7500.00,Cash
3289,259,2025-04-11,Monitor,Electronics,1,12000.00,12000.00,"Net Banking"
3290,260,2025-04-25,Keyboard,Accessories,2,1800.00,3600.00,UPI
3291,261,2025-05-09,Mouse,Accessories,3,900.00,2700.00,Card
3292,262,2025-05-23,Smartwatch,Electronics,1,7000.00,7000.00,Cash
3293,263,2025-06-06,Tablet,Electronics,2,22000.00,44000.00,"Net Banking"
3294,264,2025-06-20,Laptop,Electronics,3,55000.00,165000.00,UPI
3295,265,2025-07-04,Smartphone,Electronics,1,30000.00,30000.00,Card
3296,266,2025-07-18,Headphones,Electronics,2,2500.00,5000.00,Cash
3297,267,2025-08-01,Monitor,Electronics,3,12000.00,36000.00,"Net Banking"
3298,268,2025-08-15,Keyboard,Accessories,1,1800.00,1800.00,UPI
3299,269,2025-08-29,Mouse,Accessories,2,900.00,1800.00,Card
3300,270,2025-09-12,Smartwatch,Electronics,3,7000.00,21000.00,Cash
3301,271,2025-09-26,Tablet,Electronics,1,22000.00,22000.00,"Net Banking"
3302,272,2025-10-10,Laptop,Electronics,2,55000.00,110000.00,UPI
3303,273,2025-10-24,Smartphone,Electronics,3,30000.00,90000.00,Card
3304,274,2025-11-07,Headphones,Electronics,1,2500.00,2500.00,Cash
3305,275,2025-11-21,Monitor,Electronics,2,12000.00,24000.00,"Net Banking"
3306,276,2025-12-05,Keyboard,Accessories,3,1800.00,5400.00,UPI
3307,277,2025-12-19,Mouse,Accessories,1,900.00,900.00,Card
3308,278,2026-01-02,Smartwatch,Electronics,2,7000.00,14000.00,Cash
3309,279,2026-01-16,Tablet,Electronics,3,22000.00,66000.00,"Net Banking"
3310,280,2026-01-30,Laptop,Electronics,1,55000.00,55000.00,UPI
3311,281,2026-02-13,Smartphone,Electronics,2,30000.00,60000.00,Card
3312,282,2026-02-27,Headphones,Electronics,3,2500.00,7500.00,Cash
3313,283,2026-03-13,Monitor,Electronics,1,12000.00,12000.00,"Net Banking"
3314,284,2026-03-27,Keyboard,Accessories,2,1800.00,3600.00,UPI
3315,285,2024-10-17,Mouse,Accessories,3,900.00,2700.00,Card
3316,286,2024-10-31,Smartwatch,Electronics,1,7000.00,7000.00,Cash
3317,287,2024-11-14,Tablet,Electronics,2,22000.00,44000.00,"Net Banking"
3318,288,2024-11-28,Laptop,Electronics,3,55000.00,165000.00,UPI
3319,289,2024-12-12,Smartphone,Electronics,1,30000.00,30000.00,Card
3320,290,2024-12-26,Headphones,Electronics,2,2500.00,5000.00,Cash
3321,291,2025-01-09,Monitor,Electronics,3,12000.00,36000.00,"Net Banking"
3322,292,2025-01-23,Keyboard,Accessories,1,1800.00,1800.00,UPI
3323,293,2025-02-06,Mouse,Accessories,2,900.00,1800.00,Card
3324,294,2025-02-20,Smartwatch,Electronics,3,7000.00,21000.00,Cash
3325,295,2025-03-06,Tablet,Electronics,1,22000.00,22000.00,"Net Banking"
3326,296,2025-03-20,Laptop,Electronics,2,55000.00,110000.00,UPI
3327,297,2025-04-03,Smartphone,Electronics,3,30000.00,90000.00,Card
3328,298,2025-04-17,Headphones,Electronics,1,2500.00,2500.00,Cash
3329,299,2025-05-01,Monitor,Electronics,2,12000.00,24000.00,"Net Banking"
3330,300,2025-05-15,Keyboard,Accessories,3,1800.00,5400.00,UPI
3331,301,2025-05-29,Mouse,Accessories,1,900.00,900.00,Card
3332,302,2025-06-12,Smartwatch,Electronics,2,7000.00,14000.00,Cash
3333,303,2025-06-26,Tablet,Electronics,3,22000.00,66000.00,"Net Banking"
3334,304,2025-07-10,Laptop,Electronics,1,55000.00,55000.00,UPI
3335,305,2025-07-24,Smartphone,Electronics,2,30000.00,60000.00,Card
3336,306,2025-08-07,Headphones,Electronics,3,2500.00,7500.00,Cash
3337,307,2025-08-21,Monitor,Electronics,1,12000.00,12000.00,"Net Banking"
3338,308,2025-09-04,Keyboard,Accessories,2,1800.00,3600.00,UPI
3339,309,2025-09-18,Mouse,Accessories,3,900.00,2700.00,Card
3340,310,2025-10-02,Smartwatch,Electronics,1,7000.00,7000.00,Cash
3341,311,2025-10-16,Tablet,Electronics,2,22000.00,44000.00,"Net Banking"
3342,312,2025-10-30,Laptop,Electronics,3,55000.00,165000.00,UPI
3343,313,2025-11-13,Smartphone,Electronics,1,30000.00,30000.00,Card
3344,314,2025-11-27,Headphones,Electronics,2,2500.00,5000.00,Cash
3345,315,2025-12-11,Monitor,Electronics,3,12000.00,36000.00,"Net Banking"
3346,316,2025-12-25,Keyboard,Accessories,1,1800.00,1800.00,UPI
3347,317,2026-01-08,Mouse,Accessories,2,900.00,1800.00,Card
3348,318,2026-01-22,Smartwatch,Electronics,3,7000.00,21000.00,Cash
3349,319,2026-02-05,Tablet,Electronics,1,22000.00,22000.00,"Net Banking"
3350,320,2026-02-19,Laptop,Electronics,2,55000.00,110000.00,UPI
3351,321,2026-03-05,Smartphone,Electronics,3,30000.00,90000.00,Card
3352,322,2026-03-19,Headphones,Electronics,1,2500.00,2500.00,Cash
3353,323,2026-04-02,Monitor,Electronics,2,12000.00,24000.00,"Net Banking"
3354,324,2026-04-16,Keyboard,Accessories,3,1800.00,5400.00,UPI
3355,325,2026-04-30,Mouse,Accessories,1,900.00,900.00,Card
3356,326,2026-05-14,Smartwatch,Electronics,2,7000.00,14000.00,Cash
3357,327,2024-12-04,Tablet,Electronics,3,22000.00,66000.00,"Net Banking"
3358,328,2024-12-18,Laptop,Electronics,1,55000.00,55000.00,UPI
3359,329,2025-01-01,Smartphone,Electronics,2,30000.00,60000.00,Card
3360,330,2025-01-15,Headphones,Electronics,3,2500.00,7500.00,Cash
3361,331,2025-01-29,Monitor,Electronics,1,12000.00,12000.00,"Net Banking"
3362,332,2025-02-12,Keyboard,Accessories,2,1800.00,3600.00,UPI
3363,333,2025-02-26,Mouse,Accessories,3,900.00,2700.00,Card
3364,334,2025-03-12,Smartwatch,Electronics,1,7000.00,7000.00,Cash
3365,335,2025-03-26,Tablet,Electronics,2,22000.00,44000.00,"Net Banking"
3366,336,2025-04-09,Laptop,Electronics,3,55000.00,165000.00,UPI
3367,337,2025-04-23,Smartphone,Electronics,1,30000.00,30000.00,Card
3368,338,2025-05-07,Headphones,Electronics,2,2500.00,5000.00,Cash
3369,339,2025-05-21,Monitor,Electronics,3,12000.00,36000.00,"Net Banking"
3370,340,2025-06-04,Keyboard,Accessories,1,1800.00,1800.00,UPI
3371,341,2025-06-18,Mouse,Accessories,2,900.00,1800.00,Card
3372,342,2025-07-02,Smartwatch,Electronics,3,7000.00,21000.00,Cash
3373,343,2025-07-16,Tablet,Electronics,1,22000.00,22000.00,"Net Banking"
3374,344,2025-07-30,Laptop,Electronics,2,55000.00,110000.00,UPI
3375,345,2025-08-13,Smartphone,Electronics,3,30000.00,90000.00,Card
3376,346,2025-08-27,Headphones,Electronics,1,2500.00,2500.00,Cash
3377,347,2025-09-10,Monitor,Electronics,2,12000.00,24000.00,"Net Banking"
3378,348,2025-09-24,Keyboard,Accessories,3,1800.00,5400.00,UPI
3379,349,2025-10-08,Mouse,Accessories,1,900.00,900.00,Card
3380,350,2025-10-22,Smartwatch,Electronics,2,7000.00,14000.00,Cash
3381,351,2025-11-05,Tablet,Electronics,3,22000.00,66000.00,"Net Banking"
3382,352,2025-11-19,Laptop,Electronics,1,55000.00,55000.00,UPI
3383,353,2025-12-03,Smartphone,Electronics,2,30000.00,60000.00,Card
3384,354,2025-12-17,Headphones,Electronics,3,2500.00,7500.00,Cash
3385,355,2025-12-31,Monitor,Electronics,1,12000.00,12000.00,"Net Banking"
3386,356,2026-01-14,Keyboard,Accessories,2,1800.00,3600.00,UPI
3387,357,2026-01-28,Mouse,Accessories,3,900.00,2700.00,Card
3388,358,2026-02-11,Smartwatch,Electronics,1,7000.00,7000.00,Cash
3389,359,2026-02-25,Tablet,Electronics,2,22000.00,44000.00,"Net Banking"
3390,360,2026-03-11,Laptop,Electronics,3,55000.00,165000.00,UPI
3391,361,2026-03-25,Smartphone,Electronics,1,30000.00,30000.00,Card
3392,362,2026-04-08,Headphones,Electronics,2,2500.00,5000.00,Cash
3393,363,2026-04-22,Monitor,Electronics,3,12000.00,36000.00,"Net Banking"
3394,364,2026-05-06,Keyboard,Accessories,1,1800.00,1800.00,UPI
3395,365,2025-05-20,Mouse,Accessories,2,900.00,1800.00,Card
3396,366,2025-06-03,Smartwatch,Electronics,3,7000.00,21000.00,Cash
3397,367,2025-06-17,Tablet,Electronics,1,22000.00,22000.00,"Net Banking"
3398,368,2024-01-08,Laptop,Electronics,2,55000.00,110000.00,UPI
3399,369,2024-01-22,Smartphone,Electronics,3,30000.00,90000.00,Card
3400,370,2024-02-05,Headphones,Electronics,1,2500.00,2500.00,Cash
3401,371,2024-02-19,Monitor,Electronics,2,12000.00,24000.00,"Net Banking"
3402,372,2024-03-04,Keyboard,Accessories,3,1800.00,5400.00,UPI
3403,373,2024-03-18,Mouse,Accessories,1,900.00,900.00,Card
3404,374,2024-04-01,Smartwatch,Electronics,2,7000.00,14000.00,Cash
3405,375,2024-04-15,Tablet,Electronics,3,22000.00,66000.00,"Net Banking"
3406,376,2024-04-29,Laptop,Electronics,1,55000.00,55000.00,UPI
3407,377,2024-05-13,Smartphone,Electronics,2,30000.00,60000.00,Card
3408,378,2024-05-27,Headphones,Electronics,3,2500.00,7500.00,Cash
3409,379,2024-06-10,Monitor,Electronics,1,12000.00,12000.00,"Net Banking"
3410,380,2024-06-24,Keyboard,Accessories,2,1800.00,3600.00,UPI
3411,381,2024-07-08,Mouse,Accessories,3,900.00,2700.00,Card
3412,382,2024-07-22,Smartwatch,Electronics,1,7000.00,7000.00,Cash
3413,383,2024-08-05,Tablet,Electronics,2,22000.00,44000.00,"Net Banking"
3414,384,2024-08-19,Laptop,Electronics,3,55000.00,165000.00,UPI
3415,385,2024-09-02,Smartphone,Electronics,1,30000.00,30000.00,Card
3416,386,2024-09-16,Headphones,Electronics,2,2500.00,5000.00,Cash
3417,387,2024-09-30,Monitor,Electronics,3,12000.00,36000.00,"Net Banking"
3418,388,2024-10-14,Keyboard,Accessories,1,1800.00,1800.00,UPI
3419,389,2024-10-28,Mouse,Accessories,2,900.00,1800.00,Card
3420,390,2024-11-11,Smartwatch,Electronics,3,7000.00,21000.00,Cash
3421,391,2024-11-25,Tablet,Electronics,1,22000.00,22000.00,"Net Banking"
3422,392,2024-12-09,Laptop,Electronics,2,55000.00,110000.00,UPI
3423,393,2024-12-23,Smartphone,Electronics,3,30000.00,90000.00,Card
3424,394,2025-01-06,Headphones,Electronics,1,2500.00,2500.00,Cash
3425,395,2025-01-20,Monitor,Electronics,2,12000.00,24000.00,"Net Banking"
3426,396,2025-02-03,Keyboard,Accessories,3,1800.00,5400.00,UPI
3427,397,2025-02-17,Mouse,Accessories,1,900.00,900.00,Card
3428,398,2025-03-03,Smartwatch,Electronics,2,7000.00,14000.00,Cash
3429,399,2025-03-17,Tablet,Electronics,3,22000.00,66000.00,"Net Banking"
3430,400,2025-03-31,Laptop,Electronics,1,55000.00,55000.00,UPI
3431,401,2025-04-14,Smartphone,Electronics,2,30000.00,60000.00,Card
3432,402,2025-04-28,Headphones,Electronics,3,2500.00,7500.00,Cash
3433,403,2025-05-12,Monitor,Electronics,1,12000.00,12000.00,"Net Banking"
3434,404,2025-05-26,Keyboard,Accessories,2,1800.00,3600.00,UPI
3435,405,2025-06-09,Mouse,Accessories,3,900.00,2700.00,Card
3436,406,2025-06-23,Smartwatch,Electronics,1,7000.00,7000.00,Cash
3437,407,2025-07-07,Tablet,Electronics,2,22000.00,44000.00,"Net Banking"
3438,408,2025-07-21,Laptop,Electronics,3,55000.00,165000.00,UPI
3439,409,2025-08-04,Smartphone,Electronics,1,30000.00,30000.00,Card
3440,410,2024-02-25,Headphones,Electronics,2,2500.00,5000.00,Cash
3441,411,2024-03-10,Monitor,Electronics,3,12000.00,36000.00,"Net Banking"
3442,412,2024-03-24,Keyboard,Accessories,1,1800.00,1800.00,UPI
3443,413,2024-04-07,Mouse,Accessories,2,900.00,1800.00,Card
3444,414,2024-04-21,Smartwatch,Electronics,3,7000.00,21000.00,Cash
3445,415,2024-05-05,Tablet,Electronics,1,22000.00,22000.00,"Net Banking"
3446,416,2024-05-19,Laptop,Electronics,2,55000.00,110000.00,UPI
3447,417,2024-06-02,Smartphone,Electronics,3,30000.00,90000.00,Card
3448,418,2024-06-16,Headphones,Electronics,1,2500.00,2500.00,Cash
3449,419,2024-06-30,Monitor,Electronics,2,12000.00,24000.00,"Net Banking"
3450,420,2024-07-14,Keyboard,Accessories,3,1800.00,5400.00,UPI
3451,421,2024-07-28,Mouse,Accessories,1,900.00,900.00,Card
3452,422,2024-08-11,Smartwatch,Electronics,2,7000.00,14000.00,Cash
3453,423,2024-08-25,Tablet,Electronics,3,22000.00,66000.00,"Net Banking"
3454,424,2024-09-08,Laptop,Electronics,1,55000.00,55000.00,UPI
3455,425,2024-09-22,Smartphone,Electronics,2,30000.00,60000.00,Card
3456,426,2024-10-06,Headphones,Electronics,3,2500.00,7500.00,Cash
3457,427,2024-10-20,Monitor,Electronics,1,12000.00,12000.00,"Net Banking"
3458,428,2024-11-03,Keyboard,Accessories,2,1800.00,3600.00,UPI
3459,429,2024-11-17,Mouse,Accessories,3,900.00,2700.00,Card
3460,430,2024-12-01,Smartwatch,Electronics,1,7000.00,7000.00,Cash
3461,431,2024-12-15,Tablet,Electronics,2,22000.00,44000.00,"Net Banking"
3462,432,2024-12-29,Laptop,Electronics,3,55000.00,165000.00,UPI
3463,433,2025-01-12,Smartphone,Electronics,1,30000.00,30000.00,Card
3464,434,2025-01-26,Headphones,Electronics,2,2500.00,5000.00,Cash
3465,435,2025-02-09,Monitor,Electronics,3,12000.00,36000.00,"Net Banking"
3466,436,2025-02-23,Keyboard,Accessories,1,1800.00,1800.00,UPI
3467,437,2025-03-09,Mouse,Accessories,2,900.00,1800.00,Card
3468,438,2025-03-23,Smartwatch,Electronics,3,7000.00,21000.00,Cash
3469,439,2025-04-06,Tablet,Electronics,1,22000.00,22000.00,"Net Banking"
3470,440,2025-04-20,Laptop,Electronics,2,55000.00,110000.00,UPI
3471,441,2025-05-04,Smartphone,Electronics,3,30000.00,90000.00,Card
3472,442,2025-05-18,Headphones,Electronics,1,2500.00,2500.00,Cash
3473,443,2025-06-01,Monitor,Electronics,2,12000.00,24000.00,"Net Banking"
3474,444,2025-06-15,Keyboard,Accessories,3,1800.00,5400.00,UPI
3475,445,2025-06-29,Mouse,Accessories,1,900.00,900.00,Card
3476,446,2025-07-13,Smartwatch,Electronics,2,7000.00,14000.00,Cash
3477,447,2025-07-27,Tablet,Electronics,3,22000.00,66000.00,"Net Banking"
3478,448,2025-08-10,Laptop,Electronics,1,55000.00,55000.00,UPI
3479,449,2025-08-24,Smartphone,Electronics,2,30000.00,60000.00,Card
3480,450,2025-09-07,Headphones,Electronics,3,2500.00,7500.00,Cash
3481,451,2024-03-30,Monitor,Electronics,1,12000.00,12000.00,"Net Banking"
3482,452,2024-04-13,Keyboard,Accessories,2,1800.00,3600.00,UPI
3483,453,2024-04-27,Mouse,Accessories,3,900.00,2700.00,Card
3484,454,2024-05-11,Smartwatch,Electronics,1,7000.00,7000.00,Cash
3485,455,2024-05-25,Tablet,Electronics,2,22000.00,44000.00,"Net Banking"
3486,456,2024-06-08,Laptop,Electronics,3,55000.00,165000.00,UPI
3487,457,2024-06-22,Smartphone,Electronics,1,30000.00,30000.00,Card
3488,458,2024-07-06,Headphones,Electronics,2,2500.00,5000.00,Cash
3489,459,2024-07-20,Monitor,Electronics,3,12000.00,36000.00,"Net Banking"
3490,460,2024-08-03,Keyboard,Accessories,1,1800.00,1800.00,UPI
3491,461,2024-08-17,Mouse,Accessories,2,900.00,1800.00,Card
3492,462,2024-08-31,Smartwatch,Electronics,3,7000.00,21000.00,Cash
3493,463,2024-09-14,Tablet,Electronics,1,22000.00,22000.00,"Net Banking"
3494,464,2024-09-28,Laptop,Electronics,2,55000.00,110000.00,UPI
3495,465,2024-10-12,Smartphone,Electronics,3,30000.00,90000.00,Card
3496,466,2024-10-26,Headphones,Electronics,1,2500.00,2500.00,Cash
3497,467,2024-11-09,Monitor,Electronics,2,12000.00,24000.00,"Net Banking"
3498,468,2024-11-23,Keyboard,Accessories,3,1800.00,5400.00,UPI
3499,469,2024-12-07,Mouse,Accessories,1,900.00,900.00,Card
3500,470,2024-12-21,Smartwatch,Electronics,2,7000.00,14000.00,Cash
3501,471,2025-01-04,Tablet,Electronics,3,22000.00,66000.00,"Net Banking"
3502,472,2025-01-18,Laptop,Electronics,1,55000.00,55000.00,UPI
3503,473,2025-02-01,Smartphone,Electronics,2,30000.00,60000.00,Card
3504,474,2025-02-15,Headphones,Electronics,3,2500.00,7500.00,Cash
3505,475,2025-03-01,Monitor,Electronics,1,12000.00,12000.00,"Net Banking"
3506,476,2025-03-15,Keyboard,Accessories,2,1800.00,3600.00,UPI
3507,477,2025-03-29,Mouse,Accessories,3,900.00,2700.00,Card
3508,478,2025-04-12,Smartwatch,Electronics,1,7000.00,7000.00,Cash
3509,479,2025-04-26,Tablet,Electronics,2,22000.00,44000.00,"Net Banking"
3510,480,2025-05-10,Laptop,Electronics,3,55000.00,165000.00,UPI
3511,481,2025-05-24,Smartphone,Electronics,1,30000.00,30000.00,Card
3512,482,2025-06-07,Headphones,Electronics,2,2500.00,5000.00,Cash
3513,483,2025-06-21,Monitor,Electronics,3,12000.00,36000.00,"Net Banking"
3514,484,2025-07-05,Keyboard,Accessories,1,1800.00,1800.00,UPI
3515,485,2025-07-19,Mouse,Accessories,2,900.00,1800.00,Card
3516,486,2025-08-02,Smartwatch,Electronics,3,7000.00,21000.00,Cash
3517,487,2025-08-16,Tablet,Electronics,1,22000.00,22000.00,"Net Banking"
3518,488,2025-08-30,Laptop,Electronics,2,55000.00,110000.00,UPI
3519,489,2025-09-13,Smartphone,Electronics,3,30000.00,90000.00,Card
3520,490,2025-09-27,Headphones,Electronics,1,2500.00,2500.00,Cash
3521,491,2025-10-11,Monitor,Electronics,2,12000.00,24000.00,"Net Banking"
3522,492,2025-10-25,Keyboard,Accessories,3,1800.00,5400.00,UPI
3523,493,2024-05-17,Mouse,Accessories,1,900.00,900.00,Card
3524,494,2024-05-31,Smartwatch,Electronics,2,7000.00,14000.00,Cash
3525,495,2024-06-14,Tablet,Electronics,3,22000.00,66000.00,"Net Banking"
3526,496,2024-06-28,Laptop,Electronics,1,55000.00,55000.00,UPI
3527,497,2024-07-12,Smartphone,Electronics,2,30000.00,60000.00,Card
3528,498,2024-07-26,Headphones,Electronics,3,2500.00,7500.00,Cash
3529,499,2024-08-09,Monitor,Electronics,1,12000.00,12000.00,"Net Banking"
3530,500,2024-08-23,Keyboard,Accessories,2,1800.00,3600.00,UPI
3531,1,2025-05-03,Mouse,Accessories,3,900.00,2700.00,Card
3532,2,2025-05-21,Smartwatch,Electronics,1,7000.00,7000.00,Cash
3533,3,2025-06-24,Tablet,Electronics,2,22000.00,44000.00,"Net Banking"
3534,4,2025-07-20,Laptop,Electronics,3,55000.00,165000.00,UPI
3535,5,2025-08-14,Smartphone,Electronics,1,30000.00,30000.00,Card
3536,6,2025-09-06,Headphones,Electronics,2,2500.00,5000.00,Cash
3537,7,2025-10-02,Monitor,Electronics,3,12000.00,36000.00,"Net Banking"
3538,8,2025-10-29,Keyboard,Accessories,1,1800.00,1800.00,UPI
3539,9,2025-11-23,Mouse,Accessories,2,900.00,1800.00,Card
3540,10,2025-12-19,Smartwatch,Electronics,3,7000.00,21000.00,Cash
3541,11,2026-01-13,Tablet,Electronics,1,22000.00,22000.00,"Net Banking"
3542,12,2026-02-12,Laptop,Electronics,2,55000.00,110000.00,UPI
3543,13,2026-03-14,Smartphone,Electronics,3,30000.00,90000.00,Card
3544,14,2026-04-13,Headphones,Electronics,1,2500.00,2500.00,Cash
3545,15,2026-05-13,Monitor,Electronics,2,12000.00,24000.00,"Net Banking"
3546,16,2026-06-14,Keyboard,Accessories,3,1800.00,5400.00,UPI
3547,17,2026-07-12,Mouse,Accessories,1,900.00,900.00,Card
3548,18,2026-08-12,Smartwatch,Electronics,2,7000.00,14000.00,Cash
3549,19,2026-09-13,Tablet,Electronics,3,22000.00,66000.00,"Net Banking"
3550,20,2026-10-13,Laptop,Electronics,1,55000.00,55000.00,UPI
3551,21,2025-01-29,Smartphone,Electronics,2,30000.00,60000.00,Card
3552,22,2025-02-12,Headphones,Electronics,3,2500.00,7500.00,Cash
3553,23,2025-02-26,Monitor,Electronics,1,12000.00,12000.00,"Net Banking"
3554,24,2025-03-12,Keyboard,Accessories,2,1800.00,3600.00,UPI
3555,25,2025-03-26,Mouse,Accessories,3,900.00,2700.00,Card
3556,26,2025-04-09,Smartwatch,Electronics,1,7000.00,7000.00,Cash
3557,27,2025-04-23,Tablet,Electronics,2,22000.00,44000.00,"Net Banking"
3558,28,2025-05-07,Laptop,Electronics,3,55000.00,165000.00,UPI
3559,29,2025-05-21,Smartphone,Electronics,1,30000.00,30000.00,Card
3560,30,2025-06-04,Headphones,Electronics,2,2500.00,5000.00,Cash
3561,31,2025-06-18,Monitor,Electronics,3,12000.00,36000.00,"Net Banking"
3562,32,2025-07-02,Keyboard,Accessories,1,1800.00,1800.00,UPI
3563,33,2025-07-16,Mouse,Accessories,2,900.00,1800.00,Card
3564,34,2024-02-06,Smartwatch,Electronics,3,7000.00,21000.00,Cash
3565,35,2024-02-20,Tablet,Electronics,1,22000.00,22000.00,"Net Banking"
3566,36,2024-03-05,Laptop,Electronics,2,55000.00,110000.00,UPI
3567,37,2024-03-19,Smartphone,Electronics,3,30000.00,90000.00,Card
3568,38,2024-04-02,Headphones,Electronics,1,2500.00,2500.00,Cash
3569,39,2024-04-16,Monitor,Electronics,2,12000.00,24000.00,"Net Banking"
3570,40,2024-04-30,Keyboard,Accessories,3,1800.00,5400.00,UPI
3571,41,2024-05-14,Mouse,Accessories,1,900.00,900.00,Card
3572,42,2024-05-28,Smartwatch,Electronics,2,7000.00,14000.00,Cash
3573,43,2024-06-11,Tablet,Electronics,3,22000.00,66000.00,"Net Banking"
3574,44,2024-06-25,Laptop,Electronics,1,55000.00,55000.00,UPI
3575,45,2024-07-09,Smartphone,Electronics,2,30000.00,60000.00,Card
3576,46,2024-07-23,Headphones,Electronics,3,2500.00,7500.00,Cash
3577,47,2024-08-06,Monitor,Electronics,1,12000.00,12000.00,"Net Banking"
3578,48,2024-08-20,Keyboard,Accessories,2,1800.00,3600.00,UPI
3579,49,2024-09-03,Mouse,Accessories,3,900.00,2700.00,Card
3580,50,2024-09-17,Smartwatch,Electronics,1,7000.00,7000.00,Cash
3581,51,2024-10-01,Tablet,Electronics,2,22000.00,44000.00,"Net Banking"
3582,52,2024-10-15,Laptop,Electronics,3,55000.00,165000.00,UPI
3583,53,2024-10-29,Smartphone,Electronics,1,30000.00,30000.00,Card
3584,54,2024-11-12,Headphones,Electronics,2,2500.00,5000.00,Cash
3585,55,2024-11-26,Monitor,Electronics,3,12000.00,36000.00,"Net Banking"
3586,56,2024-12-10,Keyboard,Accessories,1,1800.00,1800.00,UPI
3587,57,2024-12-24,Mouse,Accessories,2,900.00,1800.00,Card
3588,58,2025-01-07,Smartwatch,Electronics,3,7000.00,21000.00,Cash
3589,59,2025-01-21,Tablet,Electronics,1,22000.00,22000.00,"Net Banking"
3590,60,2025-02-04,Laptop,Electronics,2,55000.00,110000.00,UPI
3591,61,2025-02-18,Smartphone,Electronics,3,30000.00,90000.00,Card
3592,62,2025-03-04,Headphones,Electronics,1,2500.00,2500.00,Cash
3593,63,2025-03-18,Monitor,Electronics,2,12000.00,24000.00,"Net Banking"
3594,64,2025-04-01,Keyboard,Accessories,3,1800.00,5400.00,UPI
3595,65,2025-04-15,Mouse,Accessories,1,900.00,900.00,Card
3596,66,2025-04-29,Smartwatch,Electronics,2,7000.00,14000.00,Cash
3597,67,2025-05-13,Tablet,Electronics,3,22000.00,66000.00,"Net Banking"
3598,68,2025-05-27,Laptop,Electronics,1,55000.00,55000.00,UPI
3599,69,2025-06-10,Smartphone,Electronics,2,30000.00,60000.00,Card
3600,70,2025-06-24,Headphones,Electronics,3,2500.00,7500.00,Cash
3601,71,2025-07-08,Monitor,Electronics,1,12000.00,12000.00,"Net Banking"
3602,72,2025-07-22,Keyboard,Accessories,2,1800.00,3600.00,UPI
3603,73,2025-08-05,Mouse,Accessories,3,900.00,2700.00,Card
3604,74,2025-08-19,Smartwatch,Electronics,1,7000.00,7000.00,Cash
3605,75,2025-09-02,Tablet,Electronics,2,22000.00,44000.00,"Net Banking"
3606,76,2024-03-25,Laptop,Electronics,3,55000.00,165000.00,UPI
3607,77,2024-04-08,Smartphone,Electronics,1,30000.00,30000.00,Card
3608,78,2024-04-22,Headphones,Electronics,2,2500.00,5000.00,Cash
3609,79,2024-05-06,Monitor,Electronics,3,12000.00,36000.00,"Net Banking"
3610,80,2024-05-20,Keyboard,Accessories,1,1800.00,1800.00,UPI
3611,81,2024-06-03,Mouse,Accessories,2,900.00,1800.00,Card
3612,82,2024-06-17,Smartwatch,Electronics,3,7000.00,21000.00,Cash
3613,83,2024-07-01,Tablet,Electronics,1,22000.00,22000.00,"Net Banking"
3614,84,2024-07-15,Laptop,Electronics,2,55000.00,110000.00,UPI
3615,85,2024-07-29,Smartphone,Electronics,3,30000.00,90000.00,Card
3616,86,2024-08-12,Headphones,Electronics,1,2500.00,2500.00,Cash
3617,87,2024-08-26,Monitor,Electronics,2,12000.00,24000.00,"Net Banking"
3618,88,2024-09-09,Keyboard,Accessories,3,1800.00,5400.00,UPI
3619,89,2024-09-23,Mouse,Accessories,1,900.00,900.00,Card
3620,90,2024-10-07,Smartwatch,Electronics,2,7000.00,14000.00,Cash
3621,91,2024-10-21,Tablet,Electronics,3,22000.00,66000.00,"Net Banking"
3622,92,2024-11-04,Laptop,Electronics,1,55000.00,55000.00,UPI
3623,93,2024-11-18,Smartphone,Electronics,2,30000.00,60000.00,Card
3624,94,2024-12-02,Headphones,Electronics,3,2500.00,7500.00,Cash
3625,95,2024-12-16,Monitor,Electronics,1,12000.00,12000.00,"Net Banking"
3626,96,2024-12-30,Keyboard,Accessories,2,1800.00,3600.00,UPI
3627,97,2025-01-13,Mouse,Accessories,3,900.00,2700.00,Card
3628,98,2025-01-27,Smartwatch,Electronics,1,7000.00,7000.00,Cash
3629,99,2025-02-10,Tablet,Electronics,2,22000.00,44000.00,"Net Banking"
3630,100,2025-02-24,Laptop,Electronics,3,55000.00,165000.00,UPI
3631,101,2025-03-10,Smartphone,Electronics,1,30000.00,30000.00,Card
3632,102,2025-03-24,Headphones,Electronics,2,2500.00,5000.00,Cash
3633,103,2025-04-07,Monitor,Electronics,3,12000.00,36000.00,"Net Banking"
3634,104,2025-04-21,Keyboard,Accessories,1,1800.00,1800.00,UPI
3635,105,2025-05-05,Mouse,Accessories,2,900.00,1800.00,Card
3636,106,2025-05-19,Smartwatch,Electronics,3,7000.00,21000.00,Cash
3637,107,2025-06-02,Tablet,Electronics,1,22000.00,22000.00,"Net Banking"
3638,108,2025-06-16,Laptop,Electronics,2,55000.00,110000.00,UPI
3639,109,2025-06-30,Smartphone,Electronics,3,30000.00,90000.00,Card
3640,110,2025-07-14,Headphones,Electronics,1,2500.00,2500.00,Cash
3641,111,2025-07-28,Monitor,Electronics,2,12000.00,24000.00,"Net Banking"
3642,112,2025-08-11,Keyboard,Accessories,3,1800.00,5400.00,UPI
3643,113,2025-08-25,Mouse,Accessories,1,900.00,900.00,Card
3644,114,2025-09-08,Smartwatch,Electronics,2,7000.00,14000.00,Cash
3645,115,2025-09-22,Tablet,Electronics,3,22000.00,66000.00,"Net Banking"
3646,116,2025-10-06,Laptop,Electronics,1,55000.00,55000.00,UPI
3647,117,2024-04-28,Smartphone,Electronics,2,30000.00,60000.00,Card
3648,118,2024-05-12,Headphones,Electronics,3,2500.00,7500.00,Cash
3649,119,2024-05-26,Monitor,Electronics,1,12000.00,12000.00,"Net Banking"
3650,120,2024-06-09,Keyboard,Accessories,2,1800.00,3600.00,UPI
3651,121,2024-06-23,Mouse,Accessories,3,900.00,2700.00,Card
3652,122,2024-07-07,Smartwatch,Electronics,1,7000.00,7000.00,Cash
3653,123,2024-07-21,Tablet,Electronics,2,22000.00,44000.00,"Net Banking"
3654,124,2024-08-04,Laptop,Electronics,3,55000.00,165000.00,UPI
3655,125,2024-08-18,Smartphone,Electronics,1,30000.00,30000.00,Card
3656,126,2024-09-01,Headphones,Electronics,2,2500.00,5000.00,Cash
3657,127,2024-09-15,Monitor,Electronics,3,12000.00,36000.00,"Net Banking"
3658,128,2024-09-29,Keyboard,Accessories,1,1800.00,1800.00,UPI
3659,129,2024-10-13,Mouse,Accessories,2,900.00,1800.00,Card
3660,130,2024-10-27,Smartwatch,Electronics,3,7000.00,21000.00,Cash
3661,131,2024-11-10,Tablet,Electronics,1,22000.00,22000.00,"Net Banking"
3662,132,2024-11-24,Laptop,Electronics,2,55000.00,110000.00,UPI
3663,133,2024-12-08,Smartphone,Electronics,3,30000.00,90000.00,Card
3664,134,2024-12-22,Headphones,Electronics,1,2500.00,2500.00,Cash
3665,135,2025-01-05,Monitor,Electronics,2,12000.00,24000.00,"Net Banking"
3666,136,2025-01-19,Keyboard,Accessories,3,1800.00,5400.00,UPI
3667,137,2025-02-02,Mouse,Accessories,1,900.00,900.00,Card
3668,138,2025-02-16,Smartwatch,Electronics,2,7000.00,14000.00,Cash
3669,139,2025-03-02,Tablet,Electronics,3,22000.00,66000.00,"Net Banking"
3670,140,2025-03-16,Laptop,Electronics,1,55000.00,55000.00,UPI
3671,141,2025-03-30,Smartphone,Electronics,2,30000.00,60000.00,Card
3672,142,2025-04-13,Headphones,Electronics,3,2500.00,7500.00,Cash
3673,143,2025-04-27,Monitor,Electronics,1,12000.00,12000.00,"Net Banking"
3674,144,2025-05-11,Keyboard,Accessories,2,1800.00,3600.00,UPI
3675,145,2025-05-25,Mouse,Accessories,3,900.00,2700.00,Card
3676,146,2025-06-08,Smartwatch,Electronics,1,7000.00,7000.00,Cash
3677,147,2025-06-22,Tablet,Electronics,2,22000.00,44000.00,"Net Banking"
3678,148,2025-07-06,Laptop,Electronics,3,55000.00,165000.00,UPI
3679,149,2025-07-20,Smartphone,Electronics,1,30000.00,30000.00,Card
3680,150,2025-08-03,Headphones,Electronics,2,2500.00,5000.00,Cash
3681,151,2025-08-17,Monitor,Electronics,3,12000.00,36000.00,"Net Banking"
3682,152,2025-08-31,Keyboard,Accessories,1,1800.00,1800.00,UPI
3683,153,2025-09-14,Mouse,Accessories,2,900.00,1800.00,Card
3684,154,2025-09-28,Smartwatch,Electronics,3,7000.00,21000.00,Cash
3685,155,2025-10-12,Tablet,Electronics,1,22000.00,22000.00,"Net Banking"
3686,156,2025-10-26,Laptop,Electronics,2,55000.00,110000.00,UPI
3687,157,2025-11-09,Smartphone,Electronics,3,30000.00,90000.00,Card
3688,158,2025-11-23,Headphones,Electronics,1,2500.00,2500.00,Cash
3689,159,2024-06-15,Monitor,Electronics,2,12000.00,24000.00,"Net Banking"
3690,160,2024-06-29,Keyboard,Accessories,3,1800.00,5400.00,UPI
3691,161,2024-07-13,Mouse,Accessories,1,900.00,900.00,Card
3692,162,2024-07-27,Smartwatch,Electronics,2,7000.00,14000.00,Cash
3693,163,2024-08-10,Tablet,Electronics,3,22000.00,66000.00,"Net Banking"
3694,164,2024-08-24,Laptop,Electronics,1,55000.00,55000.00,UPI
3695,165,2024-09-07,Smartphone,Electronics,2,30000.00,60000.00,Card
3696,166,2024-09-21,Headphones,Electronics,3,2500.00,7500.00,Cash
3697,167,2024-10-05,Monitor,Electronics,1,12000.00,12000.00,"Net Banking"
3698,168,2024-10-19,Keyboard,Accessories,2,1800.00,3600.00,UPI
3699,169,2024-11-02,Mouse,Accessories,3,900.00,2700.00,Card
3700,170,2024-11-16,Smartwatch,Electronics,1,7000.00,7000.00,Cash
3701,171,2024-11-30,Tablet,Electronics,2,22000.00,44000.00,"Net Banking"
3702,172,2024-12-14,Laptop,Electronics,3,55000.00,165000.00,UPI
3703,173,2024-12-28,Smartphone,Electronics,1,30000.00,30000.00,Card
3704,174,2025-01-11,Headphones,Electronics,2,2500.00,5000.00,Cash
3705,175,2025-01-25,Monitor,Electronics,3,12000.00,36000.00,"Net Banking"
3706,176,2025-02-08,Keyboard,Accessories,1,1800.00,1800.00,UPI
3707,177,2025-02-22,Mouse,Accessories,2,900.00,1800.00,Card
3708,178,2025-03-08,Smartwatch,Electronics,3,7000.00,21000.00,Cash
3709,179,2025-03-22,Tablet,Electronics,1,22000.00,22000.00,"Net Banking"
3710,180,2025-04-05,Laptop,Electronics,2,55000.00,110000.00,UPI
3711,181,2025-04-19,Smartphone,Electronics,3,30000.00,90000.00,Card
3712,182,2025-05-03,Headphones,Electronics,1,2500.00,2500.00,Cash
3713,183,2025-05-17,Monitor,Electronics,2,12000.00,24000.00,"Net Banking"
3714,184,2025-05-31,Keyboard,Accessories,3,1800.00,5400.00,UPI
3715,185,2025-06-14,Mouse,Accessories,1,900.00,900.00,Card
3716,186,2025-06-28,Smartwatch,Electronics,2,7000.00,14000.00,Cash
3717,187,2025-07-12,Tablet,Electronics,3,22000.00,66000.00,"Net Banking"
3718,188,2025-07-26,Laptop,Electronics,1,55000.00,55000.00,UPI
3719,189,2025-08-09,Smartphone,Electronics,2,30000.00,60000.00,Card
3720,190,2025-08-23,Headphones,Electronics,3,2500.00,7500.00,Cash
3721,191,2025-09-06,Monitor,Electronics,1,12000.00,12000.00,"Net Banking"
3722,192,2025-09-20,Keyboard,Accessories,2,1800.00,3600.00,UPI
3723,193,2025-10-04,Mouse,Accessories,3,900.00,2700.00,Card
3724,194,2025-10-18,Smartwatch,Electronics,1,7000.00,7000.00,Cash
3725,195,2025-11-01,Tablet,Electronics,2,22000.00,44000.00,"Net Banking"
3726,196,2025-11-15,Laptop,Electronics,3,55000.00,165000.00,UPI
3727,197,2025-11-29,Smartphone,Electronics,1,30000.00,30000.00,Card
3728,198,2025-12-13,Headphones,Electronics,2,2500.00,5000.00,Cash
3729,199,2025-12-27,Monitor,Electronics,3,12000.00,36000.00,"Net Banking"
3730,200,2024-07-19,Keyboard,Accessories,1,1800.00,1800.00,UPI
3731,201,2024-08-02,Mouse,Accessories,2,900.00,1800.00,Card
3732,202,2024-08-16,Smartwatch,Electronics,3,7000.00,21000.00,Cash
3733,203,2024-08-30,Tablet,Electronics,1,22000.00,22000.00,"Net Banking"
3734,204,2024-09-13,Laptop,Electronics,2,55000.00,110000.00,UPI
3735,205,2024-09-27,Smartphone,Electronics,3,30000.00,90000.00,Card
3736,206,2024-10-11,Headphones,Electronics,1,2500.00,2500.00,Cash
3737,207,2024-10-25,Monitor,Electronics,2,12000.00,24000.00,"Net Banking"
3738,208,2024-11-08,Keyboard,Accessories,3,1800.00,5400.00,UPI
3739,209,2024-11-22,Mouse,Accessories,1,900.00,900.00,Card
3740,210,2024-12-06,Smartwatch,Electronics,2,7000.00,14000.00,Cash
3741,211,2024-12-20,Tablet,Electronics,3,22000.00,66000.00,"Net Banking"
3742,212,2025-01-03,Laptop,Electronics,1,55000.00,55000.00,UPI
3743,213,2025-01-17,Smartphone,Electronics,2,30000.00,60000.00,Card
3744,214,2025-01-31,Headphones,Electronics,3,2500.00,7500.00,Cash
3745,215,2025-02-14,Monitor,Electronics,1,12000.00,12000.00,"Net Banking"
3746,216,2025-02-28,Keyboard,Accessories,2,1800.00,3600.00,UPI
3747,217,2025-03-14,Mouse,Accessories,3,900.00,2700.00,Card
3748,218,2025-03-28,Smartwatch,Electronics,1,7000.00,7000.00,Cash
3749,219,2025-04-11,Tablet,Electronics,2,22000.00,44000.00,"Net Banking"
3750,220,2025-04-25,Laptop,Electronics,3,55000.00,165000.00,UPI
3751,221,2025-05-09,Smartphone,Electronics,1,30000.00,30000.00,Card
3752,222,2025-05-23,Headphones,Electronics,2,2500.00,5000.00,Cash
3753,223,2025-06-06,Monitor,Electronics,3,12000.00,36000.00,"Net Banking"
3754,224,2025-06-20,Keyboard,Accessories,1,1800.00,1800.00,UPI
3755,225,2025-07-04,Mouse,Accessories,2,900.00,1800.00,Card
3756,226,2025-07-18,Smartwatch,Electronics,3,7000.00,21000.00,Cash
3757,227,2025-08-01,Tablet,Electronics,1,22000.00,22000.00,"Net Banking"
3758,228,2025-08-15,Laptop,Electronics,2,55000.00,110000.00,UPI
3759,229,2025-08-29,Smartphone,Electronics,3,30000.00,90000.00,Card
3760,230,2025-09-12,Headphones,Electronics,1,2500.00,2500.00,Cash
3761,231,2025-09-26,Monitor,Electronics,2,12000.00,24000.00,"Net Banking"
3762,232,2025-10-10,Keyboard,Accessories,3,1800.00,5400.00,UPI
3763,233,2025-10-24,Mouse,Accessories,1,900.00,900.00,Card
3764,234,2025-11-07,Smartwatch,Electronics,2,7000.00,14000.00,Cash
3765,235,2025-11-21,Tablet,Electronics,3,22000.00,66000.00,"Net Banking"
3766,236,2025-12-05,Laptop,Electronics,1,55000.00,55000.00,UPI
3767,237,2025-12-19,Smartphone,Electronics,2,30000.00,60000.00,Card
3768,238,2026-01-02,Headphones,Electronics,3,2500.00,7500.00,Cash
3769,239,2026-01-16,Monitor,Electronics,1,12000.00,12000.00,"Net Banking"
3770,240,2026-01-30,Keyboard,Accessories,2,1800.00,3600.00,UPI
3771,241,2026-02-13,Mouse,Accessories,3,900.00,2700.00,Card
3772,242,2024-09-05,Smartwatch,Electronics,1,7000.00,7000.00,Cash
3773,243,2024-09-19,Tablet,Electronics,2,22000.00,44000.00,"Net Banking"
3774,244,2024-10-03,Laptop,Electronics,3,55000.00,165000.00,UPI
3775,245,2024-10-17,Smartphone,Electronics,1,30000.00,30000.00,Card
3776,246,2024-10-31,Headphones,Electronics,2,2500.00,5000.00,Cash
3777,247,2024-11-14,Monitor,Electronics,3,12000.00,36000.00,"Net Banking"
3778,248,2024-11-28,Keyboard,Accessories,1,1800.00,1800.00,UPI
3779,249,2024-12-12,Mouse,Accessories,2,900.00,1800.00,Card
3780,250,2024-12-26,Smartwatch,Electronics,3,7000.00,21000.00,Cash
3781,251,2025-01-09,Tablet,Electronics,1,22000.00,22000.00,"Net Banking"
3782,252,2025-01-23,Laptop,Electronics,2,55000.00,110000.00,UPI
3783,253,2025-02-06,Smartphone,Electronics,3,30000.00,90000.00,Card
3784,254,2025-02-20,Headphones,Electronics,1,2500.00,2500.00,Cash
3785,255,2025-03-06,Monitor,Electronics,2,12000.00,24000.00,"Net Banking"
3786,256,2025-03-20,Keyboard,Accessories,3,1800.00,5400.00,UPI
3787,257,2025-04-03,Mouse,Accessories,1,900.00,900.00,Card
3788,258,2025-04-17,Smartwatch,Electronics,2,7000.00,14000.00,Cash
3789,259,2025-05-01,Tablet,Electronics,3,22000.00,66000.00,"Net Banking"
3790,260,2025-05-15,Laptop,Electronics,1,55000.00,55000.00,UPI
3791,261,2025-05-29,Smartphone,Electronics,2,30000.00,60000.00,Card
3792,262,2025-06-12,Headphones,Electronics,3,2500.00,7500.00,Cash
3793,263,2025-06-26,Monitor,Electronics,1,12000.00,12000.00,"Net Banking"
3794,264,2025-07-10,Keyboard,Accessories,2,1800.00,3600.00,UPI
3795,265,2025-07-24,Mouse,Accessories,3,900.00,2700.00,Card
3796,266,2025-08-07,Smartwatch,Electronics,1,7000.00,7000.00,Cash
3797,267,2025-08-21,Tablet,Electronics,2,22000.00,44000.00,"Net Banking"
3798,268,2025-09-04,Laptop,Electronics,3,55000.00,165000.00,UPI
3799,269,2025-09-18,Smartphone,Electronics,1,30000.00,30000.00,Card
3800,270,2025-10-02,Headphones,Electronics,2,2500.00,5000.00,Cash
3801,271,2025-10-16,Monitor,Electronics,3,12000.00,36000.00,"Net Banking"
3802,272,2025-10-30,Keyboard,Accessories,1,1800.00,1800.00,UPI
3803,273,2025-11-13,Mouse,Accessories,2,900.00,1800.00,Card
3804,274,2025-11-27,Smartwatch,Electronics,3,7000.00,21000.00,Cash
3805,275,2025-12-11,Tablet,Electronics,1,22000.00,22000.00,"Net Banking"
3806,276,2025-12-25,Laptop,Electronics,2,55000.00,110000.00,UPI
3807,277,2026-01-08,Smartphone,Electronics,3,30000.00,90000.00,Card
3808,278,2026-01-22,Headphones,Electronics,1,2500.00,2500.00,Cash
3809,279,2026-02-05,Monitor,Electronics,2,12000.00,24000.00,"Net Banking"
3810,280,2026-02-19,Keyboard,Accessories,3,1800.00,5400.00,UPI
3811,281,2026-03-05,Mouse,Accessories,1,900.00,900.00,Card
3812,282,2026-03-19,Smartwatch,Electronics,2,7000.00,14000.00,Cash
3813,283,2026-04-02,Tablet,Electronics,3,22000.00,66000.00,"Net Banking"
3814,284,2024-10-23,Laptop,Electronics,1,55000.00,55000.00,UPI
3815,285,2024-11-06,Smartphone,Electronics,2,30000.00,60000.00,Card
3816,286,2024-11-20,Headphones,Electronics,3,2500.00,7500.00,Cash
3817,287,2024-12-04,Monitor,Electronics,1,12000.00,12000.00,"Net Banking"
3818,288,2024-12-18,Keyboard,Accessories,2,1800.00,3600.00,UPI
3819,289,2025-01-01,Mouse,Accessories,3,900.00,2700.00,Card
3820,290,2025-01-15,Smartwatch,Electronics,1,7000.00,7000.00,Cash
3821,291,2025-01-29,Tablet,Electronics,2,22000.00,44000.00,"Net Banking"
3822,292,2025-02-12,Laptop,Electronics,3,55000.00,165000.00,UPI
3823,293,2025-02-26,Smartphone,Electronics,1,30000.00,30000.00,Card
3824,294,2025-03-12,Headphones,Electronics,2,2500.00,5000.00,Cash
3825,295,2025-03-26,Monitor,Electronics,3,12000.00,36000.00,"Net Banking"
3826,296,2025-04-09,Keyboard,Accessories,1,1800.00,1800.00,UPI
3827,297,2025-04-23,Mouse,Accessories,2,900.00,1800.00,Card
3828,298,2025-05-07,Smartwatch,Electronics,3,7000.00,21000.00,Cash
3829,299,2025-05-21,Tablet,Electronics,1,22000.00,22000.00,"Net Banking"
3830,300,2025-06-04,Laptop,Electronics,2,55000.00,110000.00,UPI
3831,301,2025-06-18,Smartphone,Electronics,3,30000.00,90000.00,Card
3832,302,2025-07-02,Headphones,Electronics,1,2500.00,2500.00,Cash
3833,303,2025-07-16,Monitor,Electronics,2,12000.00,24000.00,"Net Banking"
3834,304,2025-07-30,Keyboard,Accessories,3,1800.00,5400.00,UPI
3835,305,2025-08-13,Mouse,Accessories,1,900.00,900.00,Card
3836,306,2025-08-27,Smartwatch,Electronics,2,7000.00,14000.00,Cash
3837,307,2025-09-10,Tablet,Electronics,3,22000.00,66000.00,"Net Banking"
3838,308,2025-09-24,Laptop,Electronics,1,55000.00,55000.00,UPI
3839,309,2025-10-08,Smartphone,Electronics,2,30000.00,60000.00,Card
3840,310,2025-10-22,Headphones,Electronics,3,2500.00,7500.00,Cash
3841,311,2025-11-05,Monitor,Electronics,1,12000.00,12000.00,"Net Banking"
3842,312,2025-11-19,Keyboard,Accessories,2,1800.00,3600.00,UPI
3843,313,2025-12-03,Mouse,Accessories,3,900.00,2700.00,Card
3844,314,2025-12-17,Smartwatch,Electronics,1,7000.00,7000.00,Cash
3845,315,2025-12-31,Tablet,Electronics,2,22000.00,44000.00,"Net Banking"
3846,316,2026-01-14,Laptop,Electronics,3,55000.00,165000.00,UPI
3847,317,2026-01-28,Smartphone,Electronics,1,30000.00,30000.00,Card
3848,318,2026-02-11,Headphones,Electronics,2,2500.00,5000.00,Cash
3849,319,2026-02-25,Monitor,Electronics,3,12000.00,36000.00,"Net Banking"
3850,320,2026-03-11,Keyboard,Accessories,1,1800.00,1800.00,UPI
3851,321,2026-03-25,Mouse,Accessories,2,900.00,1800.00,Card
3852,322,2026-04-08,Smartwatch,Electronics,3,7000.00,21000.00,Cash
3853,323,2026-04-22,Tablet,Electronics,1,22000.00,22000.00,"Net Banking"
3854,324,2026-05-06,Laptop,Electronics,2,55000.00,110000.00,UPI
3855,325,2024-11-26,Smartphone,Electronics,3,30000.00,90000.00,Card
3856,326,2024-12-10,Headphones,Electronics,1,2500.00,2500.00,Cash
3857,327,2024-12-24,Monitor,Electronics,2,12000.00,24000.00,"Net Banking"
3858,328,2025-01-07,Keyboard,Accessories,3,1800.00,5400.00,UPI
3859,329,2025-01-21,Mouse,Accessories,1,900.00,900.00,Card
3860,330,2025-02-04,Smartwatch,Electronics,2,7000.00,14000.00,Cash
3861,331,2025-02-18,Tablet,Electronics,3,22000.00,66000.00,"Net Banking"
3862,332,2025-03-04,Laptop,Electronics,1,55000.00,55000.00,UPI
3863,333,2025-03-18,Smartphone,Electronics,2,30000.00,60000.00,Card
3864,334,2025-04-01,Headphones,Electronics,3,2500.00,7500.00,Cash
3865,335,2025-04-15,Monitor,Electronics,1,12000.00,12000.00,"Net Banking"
3866,336,2025-04-29,Keyboard,Accessories,2,1800.00,3600.00,UPI
3867,337,2025-05-13,Mouse,Accessories,3,900.00,2700.00,Card
3868,338,2025-05-27,Smartwatch,Electronics,1,7000.00,7000.00,Cash
3869,339,2025-06-10,Tablet,Electronics,2,22000.00,44000.00,"Net Banking"
3870,340,2025-06-24,Laptop,Electronics,3,55000.00,165000.00,UPI
3871,341,2025-07-08,Smartphone,Electronics,1,30000.00,30000.00,Card
3872,342,2025-07-22,Headphones,Electronics,2,2500.00,5000.00,Cash
3873,343,2025-08-05,Monitor,Electronics,3,12000.00,36000.00,"Net Banking"
3874,344,2025-08-19,Keyboard,Accessories,1,1800.00,1800.00,UPI
3875,345,2025-09-02,Mouse,Accessories,2,900.00,1800.00,Card
3876,346,2025-09-16,Smartwatch,Electronics,3,7000.00,21000.00,Cash
3877,347,2025-09-30,Tablet,Electronics,1,22000.00,22000.00,"Net Banking"
3878,348,2025-10-14,Laptop,Electronics,2,55000.00,110000.00,UPI
3879,349,2025-10-28,Smartphone,Electronics,3,30000.00,90000.00,Card
3880,350,2025-11-11,Headphones,Electronics,1,2500.00,2500.00,Cash
3881,351,2025-11-25,Monitor,Electronics,2,12000.00,24000.00,"Net Banking"
3882,352,2025-12-09,Keyboard,Accessories,3,1800.00,5400.00,UPI
3883,353,2025-12-23,Mouse,Accessories,1,900.00,900.00,Card
3884,354,2026-01-06,Smartwatch,Electronics,2,7000.00,14000.00,Cash
3885,355,2026-01-20,Tablet,Electronics,3,22000.00,66000.00,"Net Banking"
3886,356,2026-02-03,Laptop,Electronics,1,55000.00,55000.00,UPI
3887,357,2026-02-17,Smartphone,Electronics,2,30000.00,60000.00,Card
3888,358,2026-03-03,Headphones,Electronics,3,2500.00,7500.00,Cash
3889,359,2026-03-17,Monitor,Electronics,1,12000.00,12000.00,"Net Banking"
3890,360,2026-03-31,Keyboard,Accessories,2,1800.00,3600.00,UPI
3891,361,2026-04-14,Mouse,Accessories,3,900.00,2700.00,Card
3892,362,2026-04-28,Smartwatch,Electronics,1,7000.00,7000.00,Cash
3893,363,2026-05-12,Tablet,Electronics,2,22000.00,44000.00,"Net Banking"
3894,364,2026-05-26,Laptop,Electronics,3,55000.00,165000.00,UPI
3895,365,2025-06-09,Smartphone,Electronics,1,30000.00,30000.00,Card
3896,366,2025-06-23,Headphones,Electronics,2,2500.00,5000.00,Cash
3897,367,2024-01-14,Monitor,Electronics,3,12000.00,36000.00,"Net Banking"
3898,368,2024-01-28,Keyboard,Accessories,1,1800.00,1800.00,UPI
3899,369,2024-02-11,Mouse,Accessories,2,900.00,1800.00,Card
3900,370,2024-02-25,Smartwatch,Electronics,3,7000.00,21000.00,Cash
3901,371,2024-03-10,Tablet,Electronics,1,22000.00,22000.00,"Net Banking"
3902,372,2024-03-24,Laptop,Electronics,2,55000.00,110000.00,UPI
3903,373,2024-04-07,Smartphone,Electronics,3,30000.00,90000.00,Card
3904,374,2024-04-21,Headphones,Electronics,1,2500.00,2500.00,Cash
3905,375,2024-05-05,Monitor,Electronics,2,12000.00,24000.00,"Net Banking"
3906,376,2024-05-19,Keyboard,Accessories,3,1800.00,5400.00,UPI
3907,377,2024-06-02,Mouse,Accessories,1,900.00,900.00,Card
3908,378,2024-06-16,Smartwatch,Electronics,2,7000.00,14000.00,Cash
3909,379,2024-06-30,Tablet,Electronics,3,22000.00,66000.00,"Net Banking"
3910,380,2024-07-14,Laptop,Electronics,1,55000.00,55000.00,UPI
3911,381,2024-07-28,Smartphone,Electronics,2,30000.00,60000.00,Card
3912,382,2024-08-11,Headphones,Electronics,3,2500.00,7500.00,Cash
3913,383,2024-08-25,Monitor,Electronics,1,12000.00,12000.00,"Net Banking"
3914,384,2024-09-08,Keyboard,Accessories,2,1800.00,3600.00,UPI
3915,385,2024-09-22,Mouse,Accessories,3,900.00,2700.00,Card
3916,386,2024-10-06,Smartwatch,Electronics,1,7000.00,7000.00,Cash
3917,387,2024-10-20,Tablet,Electronics,2,22000.00,44000.00,"Net Banking"
3918,388,2024-11-03,Laptop,Electronics,3,55000.00,165000.00,UPI
3919,389,2024-11-17,Smartphone,Electronics,1,30000.00,30000.00,Card
3920,390,2024-12-01,Headphones,Electronics,2,2500.00,5000.00,Cash
3921,391,2024-12-15,Monitor,Electronics,3,12000.00,36000.00,"Net Banking"
3922,392,2024-12-29,Keyboard,Accessories,1,1800.00,1800.00,UPI
3923,393,2025-01-12,Mouse,Accessories,2,900.00,1800.00,Card
3924,394,2025-01-26,Smartwatch,Electronics,3,7000.00,21000.00,Cash
3925,395,2025-02-09,Tablet,Electronics,1,22000.00,22000.00,"Net Banking"
3926,396,2025-02-23,Laptop,Electronics,2,55000.00,110000.00,UPI
3927,397,2025-03-09,Smartphone,Electronics,3,30000.00,90000.00,Card
3928,398,2025-03-23,Headphones,Electronics,1,2500.00,2500.00,Cash
3929,399,2025-04-06,Monitor,Electronics,2,12000.00,24000.00,"Net Banking"
3930,400,2025-04-20,Keyboard,Accessories,3,1800.00,5400.00,UPI
3931,401,2025-05-04,Mouse,Accessories,1,900.00,900.00,Card
3932,402,2025-05-18,Smartwatch,Electronics,2,7000.00,14000.00,Cash
3933,403,2025-06-01,Tablet,Electronics,3,22000.00,66000.00,"Net Banking"
3934,404,2025-06-15,Laptop,Electronics,1,55000.00,55000.00,UPI
3935,405,2025-06-29,Smartphone,Electronics,2,30000.00,60000.00,Card
3936,406,2025-07-13,Headphones,Electronics,3,2500.00,7500.00,Cash
3937,407,2025-07-27,Monitor,Electronics,1,12000.00,12000.00,"Net Banking"
3938,408,2024-02-17,Keyboard,Accessories,2,1800.00,3600.00,UPI
3939,409,2024-03-02,Mouse,Accessories,3,900.00,2700.00,Card
3940,410,2024-03-16,Smartwatch,Electronics,1,7000.00,7000.00,Cash
3941,411,2024-03-30,Tablet,Electronics,2,22000.00,44000.00,"Net Banking"
3942,412,2024-04-13,Laptop,Electronics,3,55000.00,165000.00,UPI
3943,413,2024-04-27,Smartphone,Electronics,1,30000.00,30000.00,Card
3944,414,2024-05-11,Headphones,Electronics,2,2500.00,5000.00,Cash
3945,415,2024-05-25,Monitor,Electronics,3,12000.00,36000.00,"Net Banking"
3946,416,2024-06-08,Keyboard,Accessories,1,1800.00,1800.00,UPI
3947,417,2024-06-22,Mouse,Accessories,2,900.00,1800.00,Card
3948,418,2024-07-06,Smartwatch,Electronics,3,7000.00,21000.00,Cash
3949,419,2024-07-20,Tablet,Electronics,1,22000.00,22000.00,"Net Banking"
3950,420,2024-08-03,Laptop,Electronics,2,55000.00,110000.00,UPI
3951,421,2024-08-17,Smartphone,Electronics,3,30000.00,90000.00,Card
3952,422,2024-08-31,Headphones,Electronics,1,2500.00,2500.00,Cash
3953,423,2024-09-14,Monitor,Electronics,2,12000.00,24000.00,"Net Banking"
3954,424,2024-09-28,Keyboard,Accessories,3,1800.00,5400.00,UPI
3955,425,2024-10-12,Mouse,Accessories,1,900.00,900.00,Card
3956,426,2024-10-26,Smartwatch,Electronics,2,7000.00,14000.00,Cash
3957,427,2024-11-09,Tablet,Electronics,3,22000.00,66000.00,"Net Banking"
3958,428,2024-11-23,Laptop,Electronics,1,55000.00,55000.00,UPI
3959,429,2024-12-07,Smartphone,Electronics,2,30000.00,60000.00,Card
3960,430,2024-12-21,Headphones,Electronics,3,2500.00,7500.00,Cash
3961,431,2025-01-04,Monitor,Electronics,1,12000.00,12000.00,"Net Banking"
3962,432,2025-01-18,Keyboard,Accessories,2,1800.00,3600.00,UPI
3963,433,2025-02-01,Mouse,Accessories,3,900.00,2700.00,Card
3964,434,2025-02-15,Smartwatch,Electronics,1,7000.00,7000.00,Cash
3965,435,2025-03-01,Tablet,Electronics,2,22000.00,44000.00,"Net Banking"
3966,436,2025-03-15,Laptop,Electronics,3,55000.00,165000.00,UPI
3967,437,2025-03-29,Smartphone,Electronics,1,30000.00,30000.00,Card
3968,438,2025-04-12,Headphones,Electronics,2,2500.00,5000.00,Cash
3969,439,2025-04-26,Monitor,Electronics,3,12000.00,36000.00,"Net Banking"
3970,440,2025-05-10,Keyboard,Accessories,1,1800.00,1800.00,UPI
3971,441,2025-05-24,Mouse,Accessories,2,900.00,1800.00,Card
3972,442,2025-06-07,Smartwatch,Electronics,3,7000.00,21000.00,Cash
3973,443,2025-06-21,Tablet,Electronics,1,22000.00,22000.00,"Net Banking"
3974,444,2025-07-05,Laptop,Electronics,2,55000.00,110000.00,UPI
3975,445,2025-07-19,Smartphone,Electronics,3,30000.00,90000.00,Card
3976,446,2025-08-02,Headphones,Electronics,1,2500.00,2500.00,Cash
3977,447,2025-08-16,Monitor,Electronics,2,12000.00,24000.00,"Net Banking"
3978,448,2025-08-30,Keyboard,Accessories,3,1800.00,5400.00,UPI
3979,449,2025-09-13,Mouse,Accessories,1,900.00,900.00,Card
3980,450,2024-04-05,Smartwatch,Electronics,2,7000.00,14000.00,Cash
3981,451,2024-04-19,Tablet,Electronics,3,22000.00,66000.00,"Net Banking"
3982,452,2024-05-03,Laptop,Electronics,1,55000.00,55000.00,UPI
3983,453,2024-05-17,Smartphone,Electronics,2,30000.00,60000.00,Card
3984,454,2024-05-31,Headphones,Electronics,3,2500.00,7500.00,Cash
3985,455,2024-06-14,Monitor,Electronics,1,12000.00,12000.00,"Net Banking"
3986,456,2024-06-28,Keyboard,Accessories,2,1800.00,3600.00,UPI
3987,457,2024-07-12,Mouse,Accessories,3,900.00,2700.00,Card
3988,458,2024-07-26,Smartwatch,Electronics,1,7000.00,7000.00,Cash
3989,459,2024-08-09,Tablet,Electronics,2,22000.00,44000.00,"Net Banking"
3990,460,2024-08-23,Laptop,Electronics,3,55000.00,165000.00,UPI
3991,461,2024-09-06,Smartphone,Electronics,1,30000.00,30000.00,Card
3992,462,2024-09-20,Headphones,Electronics,2,2500.00,5000.00,Cash
3993,463,2024-10-04,Monitor,Electronics,3,12000.00,36000.00,"Net Banking"
3994,464,2024-10-18,Keyboard,Accessories,1,1800.00,1800.00,UPI
3995,465,2024-11-01,Mouse,Accessories,2,900.00,1800.00,Card
3996,466,2024-11-15,Smartwatch,Electronics,3,7000.00,21000.00,Cash
3997,467,2024-11-29,Tablet,Electronics,1,22000.00,22000.00,"Net Banking"
3998,468,2024-12-13,Laptop,Electronics,2,55000.00,110000.00,UPI
3999,469,2024-12-27,Smartphone,Electronics,3,30000.00,90000.00,Card
4000,470,2025-01-10,Headphones,Electronics,1,2500.00,2500.00,Cash
4001,471,2025-01-24,Monitor,Electronics,2,12000.00,24000.00,"Net Banking"
4002,472,2025-02-07,Keyboard,Accessories,3,1800.00,5400.00,UPI
4003,473,2025-02-21,Mouse,Accessories,1,900.00,900.00,Card
4004,474,2025-03-07,Smartwatch,Electronics,2,7000.00,14000.00,Cash
4005,475,2025-03-21,Tablet,Electronics,3,22000.00,66000.00,"Net Banking"
4006,476,2025-04-04,Laptop,Electronics,1,55000.00,55000.00,UPI
4007,477,2025-04-18,Smartphone,Electronics,2,30000.00,60000.00,Card
4008,478,2025-05-02,Headphones,Electronics,3,2500.00,7500.00,Cash
4009,479,2025-05-16,Monitor,Electronics,1,12000.00,12000.00,"Net Banking"
4010,480,2025-05-30,Keyboard,Accessories,2,1800.00,3600.00,UPI
4011,481,2025-06-13,Mouse,Accessories,3,900.00,2700.00,Card
4012,482,2025-06-27,Smartwatch,Electronics,1,7000.00,7000.00,Cash
4013,483,2025-07-11,Tablet,Electronics,2,22000.00,44000.00,"Net Banking"
4014,484,2025-07-25,Laptop,Electronics,3,55000.00,165000.00,UPI
4015,485,2025-08-08,Smartphone,Electronics,1,30000.00,30000.00,Card
4016,486,2025-08-22,Headphones,Electronics,2,2500.00,5000.00,Cash
4017,487,2025-09-05,Monitor,Electronics,3,12000.00,36000.00,"Net Banking"
4018,488,2025-09-19,Keyboard,Accessories,1,1800.00,1800.00,UPI
4019,489,2025-10-03,Mouse,Accessories,2,900.00,1800.00,Card
4020,490,2025-10-17,Smartwatch,Electronics,3,7000.00,21000.00,Cash
4021,491,2024-05-09,Tablet,Electronics,1,22000.00,22000.00,"Net Banking"
4022,492,2024-05-23,Laptop,Electronics,2,55000.00,110000.00,UPI
4023,493,2024-06-06,Smartphone,Electronics,3,30000.00,90000.00,Card
4024,494,2024-06-20,Headphones,Electronics,1,2500.00,2500.00,Cash
4025,495,2024-07-04,Monitor,Electronics,2,12000.00,24000.00,"Net Banking"
4026,496,2024-07-18,Keyboard,Accessories,3,1800.00,5400.00,UPI
4027,497,2024-08-01,Mouse,Accessories,1,900.00,900.00,Card
4028,498,2024-08-15,Smartwatch,Electronics,2,7000.00,14000.00,Cash
4029,499,2024-08-29,Tablet,Electronics,3,22000.00,66000.00,"Net Banking"
4030,500,2024-09-12,Laptop,Electronics,1,55000.00,55000.00,UPI
4031,1,2025-05-23,Smartphone,Electronics,2,30000.00,60000.00,Card
4032,2,2025-06-10,Headphones,Electronics,3,2500.00,7500.00,Cash
4033,3,2025-07-14,Monitor,Electronics,1,12000.00,12000.00,"Net Banking"
4034,4,2025-08-09,Keyboard,Accessories,2,1800.00,3600.00,UPI
4035,5,2025-09-03,Mouse,Accessories,3,900.00,2700.00,Card
4036,6,2025-09-26,Smartwatch,Electronics,1,7000.00,7000.00,Cash
4037,7,2025-10-22,Tablet,Electronics,2,22000.00,44000.00,"Net Banking"
4038,8,2025-11-18,Laptop,Electronics,3,55000.00,165000.00,UPI
4039,9,2025-12-13,Smartphone,Electronics,1,30000.00,30000.00,Card
4040,10,2026-01-08,Headphones,Electronics,2,2500.00,5000.00,Cash
4041,11,2026-02-02,Monitor,Electronics,3,12000.00,36000.00,"Net Banking"
4042,12,2026-03-04,Keyboard,Accessories,1,1800.00,1800.00,UPI
4043,13,2026-04-03,Mouse,Accessories,2,900.00,1800.00,Card
4044,14,2026-05-03,Smartwatch,Electronics,3,7000.00,21000.00,Cash
4045,15,2026-06-02,Tablet,Electronics,1,22000.00,22000.00,"Net Banking"
4046,16,2026-07-04,Laptop,Electronics,2,55000.00,110000.00,UPI
4047,17,2026-08-01,Smartphone,Electronics,3,30000.00,90000.00,Card
4048,18,2026-09-01,Headphones,Electronics,1,2500.00,2500.00,Cash
4049,19,2026-10-03,Monitor,Electronics,2,12000.00,24000.00,"Net Banking"
4050,20,2026-11-02,Keyboard,Accessories,3,1800.00,5400.00,UPI
4051,21,2025-02-18,Mouse,Accessories,1,900.00,900.00,Card
4052,22,2025-03-04,Smartwatch,Electronics,2,7000.00,14000.00,Cash
4053,23,2025-03-18,Tablet,Electronics,3,22000.00,66000.00,"Net Banking"
4054,24,2025-04-01,Laptop,Electronics,1,55000.00,55000.00,UPI
4055,25,2025-04-15,Smartphone,Electronics,2,30000.00,60000.00,Card
4056,26,2025-04-29,Headphones,Electronics,3,2500.00,7500.00,Cash
4057,27,2025-05-13,Monitor,Electronics,1,12000.00,12000.00,"Net Banking"
4058,28,2025-05-27,Keyboard,Accessories,2,1800.00,3600.00,UPI
4059,29,2025-06-10,Mouse,Accessories,3,900.00,2700.00,Card
4060,30,2025-06-24,Smartwatch,Electronics,1,7000.00,7000.00,Cash
4061,31,2025-07-08,Tablet,Electronics,2,22000.00,44000.00,"Net Banking"
4062,32,2025-07-22,Laptop,Electronics,3,55000.00,165000.00,UPI
4063,33,2024-02-12,Smartphone,Electronics,1,30000.00,30000.00,Card
4064,34,2024-02-26,Headphones,Electronics,2,2500.00,5000.00,Cash
4065,35,2024-03-11,Monitor,Electronics,3,12000.00,36000.00,"Net Banking"
4066,36,2024-03-25,Keyboard,Accessories,1,1800.00,1800.00,UPI
4067,37,2024-04-08,Mouse,Accessories,2,900.00,1800.00,Card
4068,38,2024-04-22,Smartwatch,Electronics,3,7000.00,21000.00,Cash
4069,39,2024-05-06,Tablet,Electronics,1,22000.00,22000.00,"Net Banking"
4070,40,2024-05-20,Laptop,Electronics,2,55000.00,110000.00,UPI
4071,41,2024-06-03,Smartphone,Electronics,3,30000.00,90000.00,Card
4072,42,2024-06-17,Headphones,Electronics,1,2500.00,2500.00,Cash
4073,43,2024-07-01,Monitor,Electronics,2,12000.00,24000.00,"Net Banking"
4074,44,2024-07-15,Keyboard,Accessories,3,1800.00,5400.00,UPI
4075,45,2024-07-29,Mouse,Accessories,1,900.00,900.00,Card
4076,46,2024-08-12,Smartwatch,Electronics,2,7000.00,14000.00,Cash
4077,47,2024-08-26,Tablet,Electronics,3,22000.00,66000.00,"Net Banking"
4078,48,2024-09-09,Laptop,Electronics,1,55000.00,55000.00,UPI
4079,49,2024-09-23,Smartphone,Electronics,2,30000.00,60000.00,Card
4080,50,2024-10-07,Headphones,Electronics,3,2500.00,7500.00,Cash
4081,51,2024-10-21,Monitor,Electronics,1,12000.00,12000.00,"Net Banking"
4082,52,2024-11-04,Keyboard,Accessories,2,1800.00,3600.00,UPI
4083,53,2024-11-18,Mouse,Accessories,3,900.00,2700.00,Card
4084,54,2024-12-02,Smartwatch,Electronics,1,7000.00,7000.00,Cash
4085,55,2024-12-16,Tablet,Electronics,2,22000.00,44000.00,"Net Banking"
4086,56,2024-12-30,Laptop,Electronics,3,55000.00,165000.00,UPI
4087,57,2025-01-13,Smartphone,Electronics,1,30000.00,30000.00,Card
4088,58,2025-01-27,Headphones,Electronics,2,2500.00,5000.00,Cash
4089,59,2025-02-10,Monitor,Electronics,3,12000.00,36000.00,"Net Banking"
4090,60,2025-02-24,Keyboard,Accessories,1,1800.00,1800.00,UPI
4091,61,2025-03-10,Mouse,Accessories,2,900.00,1800.00,Card
4092,62,2025-03-24,Smartwatch,Electronics,3,7000.00,21000.00,Cash
4093,63,2025-04-07,Tablet,Electronics,1,22000.00,22000.00,"Net Banking"
4094,64,2025-04-21,Laptop,Electronics,2,55000.00,110000.00,UPI
4095,65,2025-05-05,Smartphone,Electronics,3,30000.00,90000.00,Card
4096,66,2025-05-19,Headphones,Electronics,1,2500.00,2500.00,Cash
4097,67,2025-06-02,Monitor,Electronics,2,12000.00,24000.00,"Net Banking"
4098,68,2025-06-16,Keyboard,Accessories,3,1800.00,5400.00,UPI
4099,69,2025-06-30,Mouse,Accessories,1,900.00,900.00,Card
4100,70,2025-07-14,Smartwatch,Electronics,2,7000.00,14000.00,Cash
4101,71,2025-07-28,Tablet,Electronics,3,22000.00,66000.00,"Net Banking"
4102,72,2025-08-11,Laptop,Electronics,1,55000.00,55000.00,UPI
4103,73,2025-08-25,Smartphone,Electronics,2,30000.00,60000.00,Card
4104,74,2024-03-17,Headphones,Electronics,3,2500.00,7500.00,Cash
4105,75,2024-03-31,Monitor,Electronics,1,12000.00,12000.00,"Net Banking"
4106,76,2024-04-14,Keyboard,Accessories,2,1800.00,3600.00,UPI
4107,77,2024-04-28,Mouse,Accessories,3,900.00,2700.00,Card
4108,78,2024-05-12,Smartwatch,Electronics,1,7000.00,7000.00,Cash
4109,79,2024-05-26,Tablet,Electronics,2,22000.00,44000.00,"Net Banking"
4110,80,2024-06-09,Laptop,Electronics,3,55000.00,165000.00,UPI
4111,81,2024-06-23,Smartphone,Electronics,1,30000.00,30000.00,Card
4112,82,2024-07-07,Headphones,Electronics,2,2500.00,5000.00,Cash
4113,83,2024-07-21,Monitor,Electronics,3,12000.00,36000.00,"Net Banking"
4114,84,2024-08-04,Keyboard,Accessories,1,1800.00,1800.00,UPI
4115,85,2024-08-18,Mouse,Accessories,2,900.00,1800.00,Card
4116,86,2024-09-01,Smartwatch,Electronics,3,7000.00,21000.00,Cash
4117,87,2024-09-15,Tablet,Electronics,1,22000.00,22000.00,"Net Banking"
4118,88,2024-09-29,Laptop,Electronics,2,55000.00,110000.00,UPI
4119,89,2024-10-13,Smartphone,Electronics,3,30000.00,90000.00,Card
4120,90,2024-10-27,Headphones,Electronics,1,2500.00,2500.00,Cash
4121,91,2024-11-10,Monitor,Electronics,2,12000.00,24000.00,"Net Banking"
4122,92,2024-11-24,Keyboard,Accessories,3,1800.00,5400.00,UPI
4123,93,2024-12-08,Mouse,Accessories,1,900.00,900.00,Card
4124,94,2024-12-22,Smartwatch,Electronics,2,7000.00,14000.00,Cash
4125,95,2025-01-05,Tablet,Electronics,3,22000.00,66000.00,"Net Banking"
4126,96,2025-01-19,Laptop,Electronics,1,55000.00,55000.00,UPI
4127,97,2025-02-02,Smartphone,Electronics,2,30000.00,60000.00,Card
4128,98,2025-02-16,Headphones,Electronics,3,2500.00,7500.00,Cash
4129,99,2025-03-02,Monitor,Electronics,1,12000.00,12000.00,"Net Banking"
4130,100,2025-03-16,Keyboard,Accessories,2,1800.00,3600.00,UPI
4131,101,2025-03-30,Mouse,Accessories,3,900.00,2700.00,Card
4132,102,2025-04-13,Smartwatch,Electronics,1,7000.00,7000.00,Cash
4133,103,2025-04-27,Tablet,Electronics,2,22000.00,44000.00,"Net Banking"
4134,104,2025-05-11,Laptop,Electronics,3,55000.00,165000.00,UPI
4135,105,2025-05-25,Smartphone,Electronics,1,30000.00,30000.00,Card
4136,106,2025-06-08,Headphones,Electronics,2,2500.00,5000.00,Cash
4137,107,2025-06-22,Monitor,Electronics,3,12000.00,36000.00,"Net Banking"
4138,108,2025-07-06,Keyboard,Accessories,1,1800.00,1800.00,UPI
4139,109,2025-07-20,Mouse,Accessories,2,900.00,1800.00,Card
4140,110,2025-08-03,Smartwatch,Electronics,3,7000.00,21000.00,Cash
4141,111,2025-08-17,Tablet,Electronics,1,22000.00,22000.00,"Net Banking"
4142,112,2025-08-31,Laptop,Electronics,2,55000.00,110000.00,UPI
4143,113,2025-09-14,Smartphone,Electronics,3,30000.00,90000.00,Card
4144,114,2025-09-28,Headphones,Electronics,1,2500.00,2500.00,Cash
4145,115,2025-10-12,Monitor,Electronics,2,12000.00,24000.00,"Net Banking"
4146,116,2024-05-04,Keyboard,Accessories,3,1800.00,5400.00,UPI
4147,117,2024-05-18,Mouse,Accessories,1,900.00,900.00,Card
4148,118,2024-06-01,Smartwatch,Electronics,2,7000.00,14000.00,Cash
4149,119,2024-06-15,Tablet,Electronics,3,22000.00,66000.00,"Net Banking"
4150,120,2024-06-29,Laptop,Electronics,1,55000.00,55000.00,UPI
4151,121,2024-07-13,Smartphone,Electronics,2,30000.00,60000.00,Card
4152,122,2024-07-27,Headphones,Electronics,3,2500.00,7500.00,Cash
4153,123,2024-08-10,Monitor,Electronics,1,12000.00,12000.00,"Net Banking"
4154,124,2024-08-24,Keyboard,Accessories,2,1800.00,3600.00,UPI
4155,125,2024-09-07,Mouse,Accessories,3,900.00,2700.00,Card
4156,126,2024-09-21,Smartwatch,Electronics,1,7000.00,7000.00,Cash
4157,127,2024-10-05,Tablet,Electronics,2,22000.00,44000.00,"Net Banking"
4158,128,2024-10-19,Laptop,Electronics,3,55000.00,165000.00,UPI
4159,129,2024-11-02,Smartphone,Electronics,1,30000.00,30000.00,Card
4160,130,2024-11-16,Headphones,Electronics,2,2500.00,5000.00,Cash
4161,131,2024-11-30,Monitor,Electronics,3,12000.00,36000.00,"Net Banking"
4162,132,2024-12-14,Keyboard,Accessories,1,1800.00,1800.00,UPI
4163,133,2024-12-28,Mouse,Accessories,2,900.00,1800.00,Card
4164,134,2025-01-11,Smartwatch,Electronics,3,7000.00,21000.00,Cash
4165,135,2025-01-25,Tablet,Electronics,1,22000.00,22000.00,"Net Banking"
4166,136,2025-02-08,Laptop,Electronics,2,55000.00,110000.00,UPI
4167,137,2025-02-22,Smartphone,Electronics,3,30000.00,90000.00,Card
4168,138,2025-03-08,Headphones,Electronics,1,2500.00,2500.00,Cash
4169,139,2025-03-22,Monitor,Electronics,2,12000.00,24000.00,"Net Banking"
4170,140,2025-04-05,Keyboard,Accessories,3,1800.00,5400.00,UPI
4171,141,2025-04-19,Mouse,Accessories,1,900.00,900.00,Card
4172,142,2025-05-03,Smartwatch,Electronics,2,7000.00,14000.00,Cash
4173,143,2025-05-17,Tablet,Electronics,3,22000.00,66000.00,"Net Banking"
4174,144,2025-05-31,Laptop,Electronics,1,55000.00,55000.00,UPI
4175,145,2025-06-14,Smartphone,Electronics,2,30000.00,60000.00,Card
4176,146,2025-06-28,Headphones,Electronics,3,2500.00,7500.00,Cash
4177,147,2025-07-12,Monitor,Electronics,1,12000.00,12000.00,"Net Banking"
4178,148,2025-07-26,Keyboard,Accessories,2,1800.00,3600.00,UPI
4179,149,2025-08-09,Mouse,Accessories,3,900.00,2700.00,Card
4180,150,2025-08-23,Smartwatch,Electronics,1,7000.00,7000.00,Cash
4181,151,2025-09-06,Tablet,Electronics,2,22000.00,44000.00,"Net Banking"
4182,152,2025-09-20,Laptop,Electronics,3,55000.00,165000.00,UPI
4183,153,2025-10-04,Smartphone,Electronics,1,30000.00,30000.00,Card
4184,154,2025-10-18,Headphones,Electronics,2,2500.00,5000.00,Cash
4185,155,2025-11-01,Monitor,Electronics,3,12000.00,36000.00,"Net Banking"
4186,156,2025-11-15,Keyboard,Accessories,1,1800.00,1800.00,UPI
4187,157,2024-06-07,Mouse,Accessories,2,900.00,1800.00,Card
4188,158,2024-06-21,Smartwatch,Electronics,3,7000.00,21000.00,Cash
4189,159,2024-07-05,Tablet,Electronics,1,22000.00,22000.00,"Net Banking"
4190,160,2024-07-19,Laptop,Electronics,2,55000.00,110000.00,UPI
4191,161,2024-08-02,Smartphone,Electronics,3,30000.00,90000.00,Card
4192,162,2024-08-16,Headphones,Electronics,1,2500.00,2500.00,Cash
4193,163,2024-08-30,Monitor,Electronics,2,12000.00,24000.00,"Net Banking"
4194,164,2024-09-13,Keyboard,Accessories,3,1800.00,5400.00,UPI
4195,165,2024-09-27,Mouse,Accessories,1,900.00,900.00,Card
4196,166,2024-10-11,Smartwatch,Electronics,2,7000.00,14000.00,Cash
4197,167,2024-10-25,Tablet,Electronics,3,22000.00,66000.00,"Net Banking"
4198,168,2024-11-08,Laptop,Electronics,1,55000.00,55000.00,UPI
4199,169,2024-11-22,Smartphone,Electronics,2,30000.00,60000.00,Card
4200,170,2024-12-06,Headphones,Electronics,3,2500.00,7500.00,Cash
4201,171,2024-12-20,Monitor,Electronics,1,12000.00,12000.00,"Net Banking"
4202,172,2025-01-03,Keyboard,Accessories,2,1800.00,3600.00,UPI
4203,173,2025-01-17,Mouse,Accessories,3,900.00,2700.00,Card
4204,174,2025-01-31,Smartwatch,Electronics,1,7000.00,7000.00,Cash
4205,175,2025-02-14,Tablet,Electronics,2,22000.00,44000.00,"Net Banking"
4206,176,2025-02-28,Laptop,Electronics,3,55000.00,165000.00,UPI
4207,177,2025-03-14,Smartphone,Electronics,1,30000.00,30000.00,Card
4208,178,2025-03-28,Headphones,Electronics,2,2500.00,5000.00,Cash
4209,179,2025-04-11,Monitor,Electronics,3,12000.00,36000.00,"Net Banking"
4210,180,2025-04-25,Keyboard,Accessories,1,1800.00,1800.00,UPI
4211,181,2025-05-09,Mouse,Accessories,2,900.00,1800.00,Card
4212,182,2025-05-23,Smartwatch,Electronics,3,7000.00,21000.00,Cash
4213,183,2025-06-06,Tablet,Electronics,1,22000.00,22000.00,"Net Banking"
4214,184,2025-06-20,Laptop,Electronics,2,55000.00,110000.00,UPI
4215,185,2025-07-04,Smartphone,Electronics,3,30000.00,90000.00,Card
4216,186,2025-07-18,Headphones,Electronics,1,2500.00,2500.00,Cash
4217,187,2025-08-01,Monitor,Electronics,2,12000.00,24000.00,"Net Banking"
4218,188,2025-08-15,Keyboard,Accessories,3,1800.00,5400.00,UPI
4219,189,2025-08-29,Mouse,Accessories,1,900.00,900.00,Card
4220,190,2025-09-12,Smartwatch,Electronics,2,7000.00,14000.00,Cash
4221,191,2025-09-26,Tablet,Electronics,3,22000.00,66000.00,"Net Banking"
4222,192,2025-10-10,Laptop,Electronics,1,55000.00,55000.00,UPI
4223,193,2025-10-24,Smartphone,Electronics,2,30000.00,60000.00,Card
4224,194,2025-11-07,Headphones,Electronics,3,2500.00,7500.00,Cash
4225,195,2025-11-21,Monitor,Electronics,1,12000.00,12000.00,"Net Banking"
4226,196,2025-12-05,Keyboard,Accessories,2,1800.00,3600.00,UPI
4227,197,2025-12-19,Mouse,Accessories,3,900.00,2700.00,Card
4228,198,2026-01-02,Smartwatch,Electronics,1,7000.00,7000.00,Cash
4229,199,2024-07-25,Tablet,Electronics,2,22000.00,44000.00,"Net Banking"
4230,200,2024-08-08,Laptop,Electronics,3,55000.00,165000.00,UPI
4231,201,2024-08-22,Smartphone,Electronics,1,30000.00,30000.00,Card
4232,202,2024-09-05,Headphones,Electronics,2,2500.00,5000.00,Cash
4233,203,2024-09-19,Monitor,Electronics,3,12000.00,36000.00,"Net Banking"
4234,204,2024-10-03,Keyboard,Accessories,1,1800.00,1800.00,UPI
4235,205,2024-10-17,Mouse,Accessories,2,900.00,1800.00,Card
4236,206,2024-10-31,Smartwatch,Electronics,3,7000.00,21000.00,Cash
4237,207,2024-11-14,Tablet,Electronics,1,22000.00,22000.00,"Net Banking"
4238,208,2024-11-28,Laptop,Electronics,2,55000.00,110000.00,UPI
4239,209,2024-12-12,Smartphone,Electronics,3,30000.00,90000.00,Card
4240,210,2024-12-26,Headphones,Electronics,1,2500.00,2500.00,Cash
4241,211,2025-01-09,Monitor,Electronics,2,12000.00,24000.00,"Net Banking"
4242,212,2025-01-23,Keyboard,Accessories,3,1800.00,5400.00,UPI
4243,213,2025-02-06,Mouse,Accessories,1,900.00,900.00,Card
4244,214,2025-02-20,Smartwatch,Electronics,2,7000.00,14000.00,Cash
4245,215,2025-03-06,Tablet,Electronics,3,22000.00,66000.00,"Net Banking"
4246,216,2025-03-20,Laptop,Electronics,1,55000.00,55000.00,UPI
4247,217,2025-04-03,Smartphone,Electronics,2,30000.00,60000.00,Card
4248,218,2025-04-17,Headphones,Electronics,3,2500.00,7500.00,Cash
4249,219,2025-05-01,Monitor,Electronics,1,12000.00,12000.00,"Net Banking"
4250,220,2025-05-15,Keyboard,Accessories,2,1800.00,3600.00,UPI
4251,221,2025-05-29,Mouse,Accessories,3,900.00,2700.00,Card
4252,222,2025-06-12,Smartwatch,Electronics,1,7000.00,7000.00,Cash
4253,223,2025-06-26,Tablet,Electronics,2,22000.00,44000.00,"Net Banking"
4254,224,2025-07-10,Laptop,Electronics,3,55000.00,165000.00,UPI
4255,225,2025-07-24,Smartphone,Electronics,1,30000.00,30000.00,Card
4256,226,2025-08-07,Headphones,Electronics,2,2500.00,5000.00,Cash
4257,227,2025-08-21,Monitor,Electronics,3,12000.00,36000.00,"Net Banking"
4258,228,2025-09-04,Keyboard,Accessories,1,1800.00,1800.00,UPI
4259,229,2025-09-18,Mouse,Accessories,2,900.00,1800.00,Card
4260,230,2025-10-02,Smartwatch,Electronics,3,7000.00,21000.00,Cash
4261,231,2025-10-16,Tablet,Electronics,1,22000.00,22000.00,"Net Banking"
4262,232,2025-10-30,Laptop,Electronics,2,55000.00,110000.00,UPI
4263,233,2025-11-13,Smartphone,Electronics,3,30000.00,90000.00,Card
4264,234,2025-11-27,Headphones,Electronics,1,2500.00,2500.00,Cash
4265,235,2025-12-11,Monitor,Electronics,2,12000.00,24000.00,"Net Banking"
4266,236,2025-12-25,Keyboard,Accessories,3,1800.00,5400.00,UPI
4267,237,2026-01-08,Mouse,Accessories,1,900.00,900.00,Card
4268,238,2026-01-22,Smartwatch,Electronics,2,7000.00,14000.00,Cash
4269,239,2026-02-05,Tablet,Electronics,3,22000.00,66000.00,"Net Banking"
4270,240,2024-08-28,Laptop,Electronics,1,55000.00,55000.00,UPI
4271,241,2024-09-11,Smartphone,Electronics,2,30000.00,60000.00,Card
4272,242,2024-09-25,Headphones,Electronics,3,2500.00,7500.00,Cash
4273,243,2024-10-09,Monitor,Electronics,1,12000.00,12000.00,"Net Banking"
4274,244,2024-10-23,Keyboard,Accessories,2,1800.00,3600.00,UPI
4275,245,2024-11-06,Mouse,Accessories,3,900.00,2700.00,Card
4276,246,2024-11-20,Smartwatch,Electronics,1,7000.00,7000.00,Cash
4277,247,2024-12-04,Tablet,Electronics,2,22000.00,44000.00,"Net Banking"
4278,248,2024-12-18,Laptop,Electronics,3,55000.00,165000.00,UPI
4279,249,2025-01-01,Smartphone,Electronics,1,30000.00,30000.00,Card
4280,250,2025-01-15,Headphones,Electronics,2,2500.00,5000.00,Cash
4281,251,2025-01-29,Monitor,Electronics,3,12000.00,36000.00,"Net Banking"
4282,252,2025-02-12,Keyboard,Accessories,1,1800.00,1800.00,UPI
4283,253,2025-02-26,Mouse,Accessories,2,900.00,1800.00,Card
4284,254,2025-03-12,Smartwatch,Electronics,3,7000.00,21000.00,Cash
4285,255,2025-03-26,Tablet,Electronics,1,22000.00,22000.00,"Net Banking"
4286,256,2025-04-09,Laptop,Electronics,2,55000.00,110000.00,UPI
4287,257,2025-04-23,Smartphone,Electronics,3,30000.00,90000.00,Card
4288,258,2025-05-07,Headphones,Electronics,1,2500.00,2500.00,Cash
4289,259,2025-05-21,Monitor,Electronics,2,12000.00,24000.00,"Net Banking"
4290,260,2025-06-04,Keyboard,Accessories,3,1800.00,5400.00,UPI
4291,261,2025-06-18,Mouse,Accessories,1,900.00,900.00,Card
4292,262,2025-07-02,Smartwatch,Electronics,2,7000.00,14000.00,Cash
4293,263,2025-07-16,Tablet,Electronics,3,22000.00,66000.00,"Net Banking"
4294,264,2025-07-30,Laptop,Electronics,1,55000.00,55000.00,UPI
4295,265,2025-08-13,Smartphone,Electronics,2,30000.00,60000.00,Card
4296,266,2025-08-27,Headphones,Electronics,3,2500.00,7500.00,Cash
4297,267,2025-09-10,Monitor,Electronics,1,12000.00,12000.00,"Net Banking"
4298,268,2025-09-24,Keyboard,Accessories,2,1800.00,3600.00,UPI
4299,269,2025-10-08,Mouse,Accessories,3,900.00,2700.00,Card
4300,270,2025-10-22,Smartwatch,Electronics,1,7000.00,7000.00,Cash
4301,271,2025-11-05,Tablet,Electronics,2,22000.00,44000.00,"Net Banking"
4302,272,2025-11-19,Laptop,Electronics,3,55000.00,165000.00,UPI
4303,273,2025-12-03,Smartphone,Electronics,1,30000.00,30000.00,Card
4304,274,2025-12-17,Headphones,Electronics,2,2500.00,5000.00,Cash
4305,275,2025-12-31,Monitor,Electronics,3,12000.00,36000.00,"Net Banking"
4306,276,2026-01-14,Keyboard,Accessories,1,1800.00,1800.00,UPI
4307,277,2026-01-28,Mouse,Accessories,2,900.00,1800.00,Card
4308,278,2026-02-11,Smartwatch,Electronics,3,7000.00,21000.00,Cash
4309,279,2026-02-25,Tablet,Electronics,1,22000.00,22000.00,"Net Banking"
4310,280,2026-03-11,Laptop,Electronics,2,55000.00,110000.00,UPI
4311,281,2026-03-25,Smartphone,Electronics,3,30000.00,90000.00,Card
4312,282,2024-10-15,Headphones,Electronics,1,2500.00,2500.00,Cash
4313,283,2024-10-29,Monitor,Electronics,2,12000.00,24000.00,"Net Banking"
4314,284,2024-11-12,Keyboard,Accessories,3,1800.00,5400.00,UPI
4315,285,2024-11-26,Mouse,Accessories,1,900.00,900.00,Card
4316,286,2024-12-10,Smartwatch,Electronics,2,7000.00,14000.00,Cash
4317,287,2024-12-24,Tablet,Electronics,3,22000.00,66000.00,"Net Banking"
4318,288,2025-01-07,Laptop,Electronics,1,55000.00,55000.00,UPI
4319,289,2025-01-21,Smartphone,Electronics,2,30000.00,60000.00,Card
4320,290,2025-02-04,Headphones,Electronics,3,2500.00,7500.00,Cash
4321,291,2025-02-18,Monitor,Electronics,1,12000.00,12000.00,"Net Banking"
4322,292,2025-03-04,Keyboard,Accessories,2,1800.00,3600.00,UPI
4323,293,2025-03-18,Mouse,Accessories,3,900.00,2700.00,Card
4324,294,2025-04-01,Smartwatch,Electronics,1,7000.00,7000.00,Cash
4325,295,2025-04-15,Tablet,Electronics,2,22000.00,44000.00,"Net Banking"
4326,296,2025-04-29,Laptop,Electronics,3,55000.00,165000.00,UPI
4327,297,2025-05-13,Smartphone,Electronics,1,30000.00,30000.00,Card
4328,298,2025-05-27,Headphones,Electronics,2,2500.00,5000.00,Cash
4329,299,2025-06-10,Monitor,Electronics,3,12000.00,36000.00,"Net Banking"
4330,300,2025-06-24,Keyboard,Accessories,1,1800.00,1800.00,UPI
4331,301,2025-07-08,Mouse,Accessories,2,900.00,1800.00,Card
4332,302,2025-07-22,Smartwatch,Electronics,3,7000.00,21000.00,Cash
4333,303,2025-08-05,Tablet,Electronics,1,22000.00,22000.00,"Net Banking"
4334,304,2025-08-19,Laptop,Electronics,2,55000.00,110000.00,UPI
4335,305,2025-09-02,Smartphone,Electronics,3,30000.00,90000.00,Card
4336,306,2025-09-16,Headphones,Electronics,1,2500.00,2500.00,Cash
4337,307,2025-09-30,Monitor,Electronics,2,12000.00,24000.00,"Net Banking"
4338,308,2025-10-14,Keyboard,Accessories,3,1800.00,5400.00,UPI
4339,309,2025-10-28,Mouse,Accessories,1,900.00,900.00,Card
4340,310,2025-11-11,Smartwatch,Electronics,2,7000.00,14000.00,Cash
4341,311,2025-11-25,Tablet,Electronics,3,22000.00,66000.00,"Net Banking"
4342,312,2025-12-09,Laptop,Electronics,1,55000.00,55000.00,UPI
4343,313,2025-12-23,Smartphone,Electronics,2,30000.00,60000.00,Card
4344,314,2026-01-06,Headphones,Electronics,3,2500.00,7500.00,Cash
4345,315,2026-01-20,Monitor,Electronics,1,12000.00,12000.00,"Net Banking"
4346,316,2026-02-03,Keyboard,Accessories,2,1800.00,3600.00,UPI
4347,317,2026-02-17,Mouse,Accessories,3,900.00,2700.00,Card
4348,318,2026-03-03,Smartwatch,Electronics,1,7000.00,7000.00,Cash
4349,319,2026-03-17,Tablet,Electronics,2,22000.00,44000.00,"Net Banking"
4350,320,2026-03-31,Laptop,Electronics,3,55000.00,165000.00,UPI
4351,321,2026-04-14,Smartphone,Electronics,1,30000.00,30000.00,Card
4352,322,2026-04-28,Headphones,Electronics,2,2500.00,5000.00,Cash
4353,323,2026-05-12,Monitor,Electronics,3,12000.00,36000.00,"Net Banking"
4354,324,2024-12-02,Keyboard,Accessories,1,1800.00,1800.00,UPI
4355,325,2024-12-16,Mouse,Accessories,2,900.00,1800.00,Card
4356,326,2024-12-30,Smartwatch,Electronics,3,7000.00,21000.00,Cash
4357,327,2025-01-13,Tablet,Electronics,1,22000.00,22000.00,"Net Banking"
4358,328,2025-01-27,Laptop,Electronics,2,55000.00,110000.00,UPI
4359,329,2025-02-10,Smartphone,Electronics,3,30000.00,90000.00,Card
4360,330,2025-02-24,Headphones,Electronics,1,2500.00,2500.00,Cash
4361,331,2025-03-10,Monitor,Electronics,2,12000.00,24000.00,"Net Banking"
4362,332,2025-03-24,Keyboard,Accessories,3,1800.00,5400.00,UPI
4363,333,2025-04-07,Mouse,Accessories,1,900.00,900.00,Card
4364,334,2025-04-21,Smartwatch,Electronics,2,7000.00,14000.00,Cash
4365,335,2025-05-05,Tablet,Electronics,3,22000.00,66000.00,"Net Banking"
4366,336,2025-05-19,Laptop,Electronics,1,55000.00,55000.00,UPI
4367,337,2025-06-02,Smartphone,Electronics,2,30000.00,60000.00,Card
4368,338,2025-06-16,Headphones,Electronics,3,2500.00,7500.00,Cash
4369,339,2025-06-30,Monitor,Electronics,1,12000.00,12000.00,"Net Banking"
4370,340,2025-07-14,Keyboard,Accessories,2,1800.00,3600.00,UPI
4371,341,2025-07-28,Mouse,Accessories,3,900.00,2700.00,Card
4372,342,2025-08-11,Smartwatch,Electronics,1,7000.00,7000.00,Cash
4373,343,2025-08-25,Tablet,Electronics,2,22000.00,44000.00,"Net Banking"
4374,344,2025-09-08,Laptop,Electronics,3,55000.00,165000.00,UPI
4375,345,2025-09-22,Smartphone,Electronics,1,30000.00,30000.00,Card
4376,346,2025-10-06,Headphones,Electronics,2,2500.00,5000.00,Cash
4377,347,2025-10-20,Monitor,Electronics,3,12000.00,36000.00,"Net Banking"
4378,348,2025-11-03,Keyboard,Accessories,1,1800.00,1800.00,UPI
4379,349,2025-11-17,Mouse,Accessories,2,900.00,1800.00,Card
4380,350,2025-12-01,Smartwatch,Electronics,3,7000.00,21000.00,Cash
4381,351,2025-12-15,Tablet,Electronics,1,22000.00,22000.00,"Net Banking"
4382,352,2025-12-29,Laptop,Electronics,2,55000.00,110000.00,UPI
4383,353,2026-01-12,Smartphone,Electronics,3,30000.00,90000.00,Card
4384,354,2026-01-26,Headphones,Electronics,1,2500.00,2500.00,Cash
4385,355,2026-02-09,Monitor,Electronics,2,12000.00,24000.00,"Net Banking"
4386,356,2026-02-23,Keyboard,Accessories,3,1800.00,5400.00,UPI
4387,357,2026-03-09,Mouse,Accessories,1,900.00,900.00,Card
4388,358,2026-03-23,Smartwatch,Electronics,2,7000.00,14000.00,Cash
4389,359,2026-04-06,Tablet,Electronics,3,22000.00,66000.00,"Net Banking"
4390,360,2026-04-20,Laptop,Electronics,1,55000.00,55000.00,UPI
4391,361,2026-05-04,Smartphone,Electronics,2,30000.00,60000.00,Card
4392,362,2026-05-18,Headphones,Electronics,3,2500.00,7500.00,Cash
4393,363,2026-06-01,Monitor,Electronics,1,12000.00,12000.00,"Net Banking"
4394,364,2026-06-15,Keyboard,Accessories,2,1800.00,3600.00,UPI
4395,365,2024-01-06,Mouse,Accessories,3,900.00,2700.00,Card
4396,366,2024-01-20,Smartwatch,Electronics,1,7000.00,7000.00,Cash
4397,367,2024-02-03,Tablet,Electronics,2,22000.00,44000.00,"Net Banking"
4398,368,2024-02-17,Laptop,Electronics,3,55000.00,165000.00,UPI
4399,369,2024-03-02,Smartphone,Electronics,1,30000.00,30000.00,Card
4400,370,2024-03-16,Headphones,Electronics,2,2500.00,5000.00,Cash
4401,371,2024-03-30,Monitor,Electronics,3,12000.00,36000.00,"Net Banking"
4402,372,2024-04-13,Keyboard,Accessories,1,1800.00,1800.00,UPI
4403,373,2024-04-27,Mouse,Accessories,2,900.00,1800.00,Card
4404,374,2024-05-11,Smartwatch,Electronics,3,7000.00,21000.00,Cash
4405,375,2024-05-25,Tablet,Electronics,1,22000.00,22000.00,"Net Banking"
4406,376,2024-06-08,Laptop,Electronics,2,55000.00,110000.00,UPI
4407,377,2024-06-22,Smartphone,Electronics,3,30000.00,90000.00,Card
4408,378,2024-07-06,Headphones,Electronics,1,2500.00,2500.00,Cash
4409,379,2024-07-20,Monitor,Electronics,2,12000.00,24000.00,"Net Banking"
4410,380,2024-08-03,Keyboard,Accessories,3,1800.00,5400.00,UPI
4411,381,2024-08-17,Mouse,Accessories,1,900.00,900.00,Card
4412,382,2024-08-31,Smartwatch,Electronics,2,7000.00,14000.00,Cash
4413,383,2024-09-14,Tablet,Electronics,3,22000.00,66000.00,"Net Banking"
4414,384,2024-09-28,Laptop,Electronics,1,55000.00,55000.00,UPI
4415,385,2024-10-12,Smartphone,Electronics,2,30000.00,60000.00,Card
4416,386,2024-10-26,Headphones,Electronics,3,2500.00,7500.00,Cash
4417,387,2024-11-09,Monitor,Electronics,1,12000.00,12000.00,"Net Banking"
4418,388,2024-11-23,Keyboard,Accessories,2,1800.00,3600.00,UPI
4419,389,2024-12-07,Mouse,Accessories,3,900.00,2700.00,Card
4420,390,2024-12-21,Smartwatch,Electronics,1,7000.00,7000.00,Cash
4421,391,2025-01-04,Tablet,Electronics,2,22000.00,44000.00,"Net Banking"
4422,392,2025-01-18,Laptop,Electronics,3,55000.00,165000.00,UPI
4423,393,2025-02-01,Smartphone,Electronics,1,30000.00,30000.00,Card
4424,394,2025-02-15,Headphones,Electronics,2,2500.00,5000.00,Cash
4425,395,2025-03-01,Monitor,Electronics,3,12000.00,36000.00,"Net Banking"
4426,396,2025-03-15,Keyboard,Accessories,1,1800.00,1800.00,UPI
4427,397,2025-03-29,Mouse,Accessories,2,900.00,1800.00,Card
4428,398,2025-04-12,Smartwatch,Electronics,3,7000.00,21000.00,Cash
4429,399,2025-04-26,Tablet,Electronics,1,22000.00,22000.00,"Net Banking"
4430,400,2025-05-10,Laptop,Electronics,2,55000.00,110000.00,UPI
4431,401,2025-05-24,Smartphone,Electronics,3,30000.00,90000.00,Card
4432,402,2025-06-07,Headphones,Electronics,1,2500.00,2500.00,Cash
4433,403,2025-06-21,Monitor,Electronics,2,12000.00,24000.00,"Net Banking"
4434,404,2025-07-05,Keyboard,Accessories,3,1800.00,5400.00,UPI
4435,405,2025-07-19,Mouse,Accessories,1,900.00,900.00,Card
4436,406,2025-08-02,Smartwatch,Electronics,2,7000.00,14000.00,Cash
4437,407,2024-02-23,Tablet,Electronics,3,22000.00,66000.00,"Net Banking"
4438,408,2024-03-08,Laptop,Electronics,1,55000.00,55000.00,UPI
4439,409,2024-03-22,Smartphone,Electronics,2,30000.00,60000.00,Card
4440,410,2024-04-05,Headphones,Electronics,3,2500.00,7500.00,Cash
4441,411,2024-04-19,Monitor,Electronics,1,12000.00,12000.00,"Net Banking"
4442,412,2024-05-03,Keyboard,Accessories,2,1800.00,3600.00,UPI
4443,413,2024-05-17,Mouse,Accessories,3,900.00,2700.00,Card
4444,414,2024-05-31,Smartwatch,Electronics,1,7000.00,7000.00,Cash
4445,415,2024-06-14,Tablet,Electronics,2,22000.00,44000.00,"Net Banking"
4446,416,2024-06-28,Laptop,Electronics,3,55000.00,165000.00,UPI
4447,417,2024-07-12,Smartphone,Electronics,1,30000.00,30000.00,Card
4448,418,2024-07-26,Headphones,Electronics,2,2500.00,5000.00,Cash
4449,419,2024-08-09,Monitor,Electronics,3,12000.00,36000.00,"Net Banking"
4450,420,2024-08-23,Keyboard,Accessories,1,1800.00,1800.00,UPI
4451,421,2024-09-06,Mouse,Accessories,2,900.00,1800.00,Card
4452,422,2024-09-20,Smartwatch,Electronics,3,7000.00,21000.00,Cash
4453,423,2024-10-04,Tablet,Electronics,1,22000.00,22000.00,"Net Banking"
4454,424,2024-10-18,Laptop,Electronics,2,55000.00,110000.00,UPI
4455,425,2024-11-01,Smartphone,Electronics,3,30000.00,90000.00,Card
4456,426,2024-11-15,Headphones,Electronics,1,2500.00,2500.00,Cash
4457,427,2024-11-29,Monitor,Electronics,2,12000.00,24000.00,"Net Banking"
4458,428,2024-12-13,Keyboard,Accessories,3,1800.00,5400.00,UPI
4459,429,2024-12-27,Mouse,Accessories,1,900.00,900.00,Card
4460,430,2025-01-10,Smartwatch,Electronics,2,7000.00,14000.00,Cash
4461,431,2025-01-24,Tablet,Electronics,3,22000.00,66000.00,"Net Banking"
4462,432,2025-02-07,Laptop,Electronics,1,55000.00,55000.00,UPI
4463,433,2025-02-21,Smartphone,Electronics,2,30000.00,60000.00,Card
4464,434,2025-03-07,Headphones,Electronics,3,2500.00,7500.00,Cash
4465,435,2025-03-21,Monitor,Electronics,1,12000.00,12000.00,"Net Banking"
4466,436,2025-04-04,Keyboard,Accessories,2,1800.00,3600.00,UPI
4467,437,2025-04-18,Mouse,Accessories,3,900.00,2700.00,Card
4468,438,2025-05-02,Smartwatch,Electronics,1,7000.00,7000.00,Cash
4469,439,2025-05-16,Tablet,Electronics,2,22000.00,44000.00,"Net Banking"
4470,440,2025-05-30,Laptop,Electronics,3,55000.00,165000.00,UPI
4471,441,2025-06-13,Smartphone,Electronics,1,30000.00,30000.00,Card
4472,442,2025-06-27,Headphones,Electronics,2,2500.00,5000.00,Cash
4473,443,2025-07-11,Monitor,Electronics,3,12000.00,36000.00,"Net Banking"
4474,444,2025-07-25,Keyboard,Accessories,1,1800.00,1800.00,UPI
4475,445,2025-08-08,Mouse,Accessories,2,900.00,1800.00,Card
4476,446,2025-08-22,Smartwatch,Electronics,3,7000.00,21000.00,Cash
4477,447,2025-09-05,Tablet,Electronics,1,22000.00,22000.00,"Net Banking"
4478,448,2024-03-28,Laptop,Electronics,2,55000.00,110000.00,UPI
4479,449,2024-04-11,Smartphone,Electronics,3,30000.00,90000.00,Card
4480,450,2024-04-25,Headphones,Electronics,1,2500.00,2500.00,Cash
4481,451,2024-05-09,Monitor,Electronics,2,12000.00,24000.00,"Net Banking"
4482,452,2024-05-23,Keyboard,Accessories,3,1800.00,5400.00,UPI
4483,453,2024-06-06,Mouse,Accessories,1,900.00,900.00,Card
4484,454,2024-06-20,Smartwatch,Electronics,2,7000.00,14000.00,Cash
4485,455,2024-07-04,Tablet,Electronics,3,22000.00,66000.00,"Net Banking"
4486,456,2024-07-18,Laptop,Electronics,1,55000.00,55000.00,UPI
4487,457,2024-08-01,Smartphone,Electronics,2,30000.00,60000.00,Card
4488,458,2024-08-15,Headphones,Electronics,3,2500.00,7500.00,Cash
4489,459,2024-08-29,Monitor,Electronics,1,12000.00,12000.00,"Net Banking"
4490,460,2024-09-12,Keyboard,Accessories,2,1800.00,3600.00,UPI
4491,461,2024-09-26,Mouse,Accessories,3,900.00,2700.00,Card
4492,462,2024-10-10,Smartwatch,Electronics,1,7000.00,7000.00,Cash
4493,463,2024-10-24,Tablet,Electronics,2,22000.00,44000.00,"Net Banking"
4494,464,2024-11-07,Laptop,Electronics,3,55000.00,165000.00,UPI
4495,465,2024-11-21,Smartphone,Electronics,1,30000.00,30000.00,Card
4496,466,2024-12-05,Headphones,Electronics,2,2500.00,5000.00,Cash
4497,467,2024-12-19,Monitor,Electronics,3,12000.00,36000.00,"Net Banking"
4498,468,2025-01-02,Keyboard,Accessories,1,1800.00,1800.00,UPI
4499,469,2025-01-16,Mouse,Accessories,2,900.00,1800.00,Card
4500,470,2025-01-30,Smartwatch,Electronics,3,7000.00,21000.00,Cash
4501,471,2025-02-13,Tablet,Electronics,1,22000.00,22000.00,"Net Banking"
4502,472,2025-02-27,Laptop,Electronics,2,55000.00,110000.00,UPI
4503,473,2025-03-13,Smartphone,Electronics,3,30000.00,90000.00,Card
4504,474,2025-03-27,Headphones,Electronics,1,2500.00,2500.00,Cash
4505,475,2025-04-10,Monitor,Electronics,2,12000.00,24000.00,"Net Banking"
4506,476,2025-04-24,Keyboard,Accessories,3,1800.00,5400.00,UPI
4507,477,2025-05-08,Mouse,Accessories,1,900.00,900.00,Card
4508,478,2025-05-22,Smartwatch,Electronics,2,7000.00,14000.00,Cash
4509,479,2025-06-05,Tablet,Electronics,3,22000.00,66000.00,"Net Banking"
4510,480,2025-06-19,Laptop,Electronics,1,55000.00,55000.00,UPI
4511,481,2025-07-03,Smartphone,Electronics,2,30000.00,60000.00,Card
4512,482,2025-07-17,Headphones,Electronics,3,2500.00,7500.00,Cash
4513,483,2025-07-31,Monitor,Electronics,1,12000.00,12000.00,"Net Banking"
4514,484,2025-08-14,Keyboard,Accessories,2,1800.00,3600.00,UPI
4515,485,2025-08-28,Mouse,Accessories,3,900.00,2700.00,Card
4516,486,2025-09-11,Smartwatch,Electronics,1,7000.00,7000.00,Cash
4517,487,2025-09-25,Tablet,Electronics,2,22000.00,44000.00,"Net Banking"
4518,488,2025-10-09,Laptop,Electronics,3,55000.00,165000.00,UPI
4519,489,2025-10-23,Smartphone,Electronics,1,30000.00,30000.00,Card
4520,490,2024-05-15,Headphones,Electronics,2,2500.00,5000.00,Cash
4521,491,2024-05-29,Monitor,Electronics,3,12000.00,36000.00,"Net Banking"
4522,492,2024-06-12,Keyboard,Accessories,1,1800.00,1800.00,UPI
4523,493,2024-06-26,Mouse,Accessories,2,900.00,1800.00,Card
4524,494,2024-07-10,Smartwatch,Electronics,3,7000.00,21000.00,Cash
4525,495,2024-07-24,Tablet,Electronics,1,22000.00,22000.00,"Net Banking"
4526,496,2024-08-07,Laptop,Electronics,2,55000.00,110000.00,UPI
4527,497,2024-08-21,Smartphone,Electronics,3,30000.00,90000.00,Card
4528,498,2024-09-04,Headphones,Electronics,1,2500.00,2500.00,Cash
4529,499,2024-09-18,Monitor,Electronics,2,12000.00,24000.00,"Net Banking"
4530,500,2024-10-02,Keyboard,Accessories,3,1800.00,5400.00,UPI
4531,1,2025-06-12,Mouse,Accessories,1,900.00,900.00,Card
4532,2,2025-06-30,Smartwatch,Electronics,2,7000.00,14000.00,Cash
4533,3,2025-08-03,Tablet,Electronics,3,22000.00,66000.00,"Net Banking"
4534,4,2025-08-29,Laptop,Electronics,1,55000.00,55000.00,UPI
4535,5,2025-09-23,Smartphone,Electronics,2,30000.00,60000.00,Card
4536,6,2025-10-16,Headphones,Electronics,3,2500.00,7500.00,Cash
4537,7,2025-11-11,Monitor,Electronics,1,12000.00,12000.00,"Net Banking"
4538,8,2025-12-08,Keyboard,Accessories,2,1800.00,3600.00,UPI
4539,9,2026-01-02,Mouse,Accessories,3,900.00,2700.00,Card
4540,10,2026-01-28,Smartwatch,Electronics,1,7000.00,7000.00,Cash
4541,11,2026-02-22,Tablet,Electronics,2,22000.00,44000.00,"Net Banking"
4542,12,2026-03-24,Laptop,Electronics,3,55000.00,165000.00,UPI
4543,13,2026-04-23,Smartphone,Electronics,1,30000.00,30000.00,Card
4544,14,2026-05-23,Headphones,Electronics,2,2500.00,5000.00,Cash
4545,15,2026-06-22,Monitor,Electronics,3,12000.00,36000.00,"Net Banking"
4546,16,2026-07-24,Keyboard,Accessories,1,1800.00,1800.00,UPI
4547,17,2026-08-21,Mouse,Accessories,2,900.00,1800.00,Card
4548,18,2026-09-21,Smartwatch,Electronics,3,7000.00,21000.00,Cash
4549,19,2026-10-23,Tablet,Electronics,1,22000.00,22000.00,"Net Banking"
4550,20,2026-11-22,Laptop,Electronics,2,55000.00,110000.00,UPI
4551,21,2025-03-10,Smartphone,Electronics,3,30000.00,90000.00,Card
4552,22,2025-03-24,Headphones,Electronics,1,2500.00,2500.00,Cash
4553,23,2025-04-07,Monitor,Electronics,2,12000.00,24000.00,"Net Banking"
4554,24,2025-04-21,Keyboard,Accessories,3,1800.00,5400.00,UPI
4555,25,2025-05-05,Mouse,Accessories,1,900.00,900.00,Card
4556,26,2025-05-19,Smartwatch,Electronics,2,7000.00,14000.00,Cash
4557,27,2025-06-02,Tablet,Electronics,3,22000.00,66000.00,"Net Banking"
4558,28,2025-06-16,Laptop,Electronics,1,55000.00,55000.00,UPI
4559,29,2025-06-30,Smartphone,Electronics,2,30000.00,60000.00,Card
4560,30,2025-07-14,Headphones,Electronics,3,2500.00,7500.00,Cash
4561,31,2024-02-04,Monitor,Electronics,1,12000.00,12000.00,"Net Banking"
4562,32,2024-02-18,Keyboard,Accessories,2,1800.00,3600.00,UPI
4563,33,2024-03-03,Mouse,Accessories,3,900.00,2700.00,Card
4564,34,2024-03-17,Smartwatch,Electronics,1,7000.00,7000.00,Cash
4565,35,2024-03-31,Tablet,Electronics,2,22000.00,44000.00,"Net Banking"
4566,36,2024-04-14,Laptop,Electronics,3,55000.00,165000.00,UPI
4567,37,2024-04-28,Smartphone,Electronics,1,30000.00,30000.00,Card
4568,38,2024-05-12,Headphones,Electronics,2,2500.00,5000.00,Cash
4569,39,2024-05-26,Monitor,Electronics,3,12000.00,36000.00,"Net Banking"
4570,40,2024-06-09,Keyboard,Accessories,1,1800.00,1800.00,UPI
4571,41,2024-06-23,Mouse,Accessories,2,900.00,1800.00,Card
4572,42,2024-07-07,Smartwatch,Electronics,3,7000.00,21000.00,Cash
4573,43,2024-07-21,Tablet,Electronics,1,22000.00,22000.00,"Net Banking"
4574,44,2024-08-04,Laptop,Electronics,2,55000.00,110000.00,UPI
4575,45,2024-08-18,Smartphone,Electronics,3,30000.00,90000.00,Card
4576,46,2024-09-01,Headphones,Electronics,1,2500.00,2500.00,Cash
4577,47,2024-09-15,Monitor,Electronics,2,12000.00,24000.00,"Net Banking"
4578,48,2024-09-29,Keyboard,Accessories,3,1800.00,5400.00,UPI
4579,49,2024-10-13,Mouse,Accessories,1,900.00,900.00,Card
4580,50,2024-10-27,Smartwatch,Electronics,2,7000.00,14000.00,Cash
4581,51,2024-11-10,Tablet,Electronics,3,22000.00,66000.00,"Net Banking"
4582,52,2024-11-24,Laptop,Electronics,1,55000.00,55000.00,UPI
4583,53,2024-12-08,Smartphone,Electronics,2,30000.00,60000.00,Card
4584,54,2024-12-22,Headphones,Electronics,3,2500.00,7500.00,Cash
4585,55,2025-01-05,Monitor,Electronics,1,12000.00,12000.00,"Net Banking"
4586,56,2025-01-19,Keyboard,Accessories,2,1800.00,3600.00,UPI
4587,57,2025-02-02,Mouse,Accessories,3,900.00,2700.00,Card
4588,58,2025-02-16,Smartwatch,Electronics,1,7000.00,7000.00,Cash
4589,59,2025-03-02,Tablet,Electronics,2,22000.00,44000.00,"Net Banking"
4590,60,2025-03-16,Laptop,Electronics,3,55000.00,165000.00,UPI
4591,61,2025-03-30,Smartphone,Electronics,1,30000.00,30000.00,Card
4592,62,2025-04-13,Headphones,Electronics,2,2500.00,5000.00,Cash
4593,63,2025-04-27,Monitor,Electronics,3,12000.00,36000.00,"Net Banking"
4594,64,2025-05-11,Keyboard,Accessories,1,1800.00,1800.00,UPI
4595,65,2025-05-25,Mouse,Accessories,2,900.00,1800.00,Card
4596,66,2025-06-08,Smartwatch,Electronics,3,7000.00,21000.00,Cash
4597,67,2025-06-22,Tablet,Electronics,1,22000.00,22000.00,"Net Banking"
4598,68,2025-07-06,Laptop,Electronics,2,55000.00,110000.00,UPI
4599,69,2025-07-20,Smartphone,Electronics,3,30000.00,90000.00,Card
4600,70,2025-08-03,Headphones,Electronics,1,2500.00,2500.00,Cash
4601,71,2025-08-17,Monitor,Electronics,2,12000.00,24000.00,"Net Banking"
4602,72,2025-08-31,Keyboard,Accessories,3,1800.00,5400.00,UPI
4603,73,2024-03-23,Mouse,Accessories,1,900.00,900.00,Card
4604,74,2024-04-06,Smartwatch,Electronics,2,7000.00,14000.00,Cash
4605,75,2024-04-20,Tablet,Electronics,3,22000.00,66000.00,"Net Banking"
4606,76,2024-05-04,Laptop,Electronics,1,55000.00,55000.00,UPI
4607,77,2024-05-18,Smartphone,Electronics,2,30000.00,60000.00,Card
4608,78,2024-06-01,Headphones,Electronics,3,2500.00,7500.00,Cash
4609,79,2024-06-15,Monitor,Electronics,1,12000.00,12000.00,"Net Banking"
4610,80,2024-06-29,Keyboard,Accessories,2,1800.00,3600.00,UPI
4611,81,2024-07-13,Mouse,Accessories,3,900.00,2700.00,Card
4612,82,2024-07-27,Smartwatch,Electronics,1,7000.00,7000.00,Cash
4613,83,2024-08-10,Tablet,Electronics,2,22000.00,44000.00,"Net Banking"
4614,84,2024-08-24,Laptop,Electronics,3,55000.00,165000.00,UPI
4615,85,2024-09-07,Smartphone,Electronics,1,30000.00,30000.00,Card
4616,86,2024-09-21,Headphones,Electronics,2,2500.00,5000.00,Cash
4617,87,2024-10-05,Monitor,Electronics,3,12000.00,36000.00,"Net Banking"
4618,88,2024-10-19,Keyboard,Accessories,1,1800.00,1800.00,UPI
4619,89,2024-11-02,Mouse,Accessories,2,900.00,1800.00,Card
4620,90,2024-11-16,Smartwatch,Electronics,3,7000.00,21000.00,Cash
4621,91,2024-11-30,Tablet,Electronics,1,22000.00,22000.00,"Net Banking"
4622,92,2024-12-14,Laptop,Electronics,2,55000.00,110000.00,UPI
4623,93,2024-12-28,Smartphone,Electronics,3,30000.00,90000.00,Card
4624,94,2025-01-11,Headphones,Electronics,1,2500.00,2500.00,Cash
4625,95,2025-01-25,Monitor,Electronics,2,12000.00,24000.00,"Net Banking"
4626,96,2025-02-08,Keyboard,Accessories,3,1800.00,5400.00,UPI
4627,97,2025-02-22,Mouse,Accessories,1,900.00,900.00,Card
4628,98,2025-03-08,Smartwatch,Electronics,2,7000.00,14000.00,Cash
4629,99,2025-03-22,Tablet,Electronics,3,22000.00,66000.00,"Net Banking"
4630,100,2025-04-05,Laptop,Electronics,1,55000.00,55000.00,UPI
4631,101,2025-04-19,Smartphone,Electronics,2,30000.00,60000.00,Card
4632,102,2025-05-03,Headphones,Electronics,3,2500.00,7500.00,Cash
4633,103,2025-05-17,Monitor,Electronics,1,12000.00,12000.00,"Net Banking"
4634,104,2025-05-31,Keyboard,Accessories,2,1800.00,3600.00,UPI
4635,105,2025-06-14,Mouse,Accessories,3,900.00,2700.00,Card
4636,106,2025-06-28,Smartwatch,Electronics,1,7000.00,7000.00,Cash
4637,107,2025-07-12,Tablet,Electronics,2,22000.00,44000.00,"Net Banking"
4638,108,2025-07-26,Laptop,Electronics,3,55000.00,165000.00,UPI
4639,109,2025-08-09,Smartphone,Electronics,1,30000.00,30000.00,Card
4640,110,2025-08-23,Headphones,Electronics,2,2500.00,5000.00,Cash
4641,111,2025-09-06,Monitor,Electronics,3,12000.00,36000.00,"Net Banking"
4642,112,2025-09-20,Keyboard,Accessories,1,1800.00,1800.00,UPI
4643,113,2025-10-04,Mouse,Accessories,2,900.00,1800.00,Card
4644,114,2024-04-26,Smartwatch,Electronics,3,7000.00,21000.00,Cash
4645,115,2024-05-10,Tablet,Electronics,1,22000.00,22000.00,"Net Banking"
4646,116,2024-05-24,Laptop,Electronics,2,55000.00,110000.00,UPI
4647,117,2024-06-07,Smartphone,Electronics,3,30000.00,90000.00,Card
4648,118,2024-06-21,Headphones,Electronics,1,2500.00,2500.00,Cash
4649,119,2024-07-05,Monitor,Electronics,2,12000.00,24000.00,"Net Banking"
4650,120,2024-07-19,Keyboard,Accessories,3,1800.00,5400.00,UPI
4651,121,2024-08-02,Mouse,Accessories,1,900.00,900.00,Card
4652,122,2024-08-16,Smartwatch,Electronics,2,7000.00,14000.00,Cash
4653,123,2024-08-30,Tablet,Electronics,3,22000.00,66000.00,"Net Banking"
4654,124,2024-09-13,Laptop,Electronics,1,55000.00,55000.00,UPI
4655,125,2024-09-27,Smartphone,Electronics,2,30000.00,60000.00,Card
4656,126,2024-10-11,Headphones,Electronics,3,2500.00,7500.00,Cash
4657,127,2024-10-25,Monitor,Electronics,1,12000.00,12000.00,"Net Banking"
4658,128,2024-11-08,Keyboard,Accessories,2,1800.00,3600.00,UPI
4659,129,2024-11-22,Mouse,Accessories,3,900.00,2700.00,Card
4660,130,2024-12-06,Smartwatch,Electronics,1,7000.00,7000.00,Cash
4661,131,2024-12-20,Tablet,Electronics,2,22000.00,44000.00,"Net Banking"
4662,132,2025-01-03,Laptop,Electronics,3,55000.00,165000.00,UPI
4663,133,2025-01-17,Smartphone,Electronics,1,30000.00,30000.00,Card
4664,134,2025-01-31,Headphones,Electronics,2,2500.00,5000.00,Cash
4665,135,2025-02-14,Monitor,Electronics,3,12000.00,36000.00,"Net Banking"
4666,136,2025-02-28,Keyboard,Accessories,1,1800.00,1800.00,UPI
4667,137,2025-03-14,Mouse,Accessories,2,900.00,1800.00,Card
4668,138,2025-03-28,Smartwatch,Electronics,3,7000.00,21000.00,Cash
4669,139,2025-04-11,Tablet,Electronics,1,22000.00,22000.00,"Net Banking"
4670,140,2025-04-25,Laptop,Electronics,2,55000.00,110000.00,UPI
4671,141,2025-05-09,Smartphone,Electronics,3,30000.00,90000.00,Card
4672,142,2025-05-23,Headphones,Electronics,1,2500.00,2500.00,Cash
4673,143,2025-06-06,Monitor,Electronics,2,12000.00,24000.00,"Net Banking"
4674,144,2025-06-20,Keyboard,Accessories,3,1800.00,5400.00,UPI
4675,145,2025-07-04,Mouse,Accessories,1,900.00,900.00,Card
4676,146,2025-07-18,Smartwatch,Electronics,2,7000.00,14000.00,Cash
4677,147,2025-08-01,Tablet,Electronics,3,22000.00,66000.00,"Net Banking"
4678,148,2025-08-15,Laptop,Electronics,1,55000.00,55000.00,UPI
4679,149,2025-08-29,Smartphone,Electronics,2,30000.00,60000.00,Card
4680,150,2025-09-12,Headphones,Electronics,3,2500.00,7500.00,Cash
4681,151,2025-09-26,Monitor,Electronics,1,12000.00,12000.00,"Net Banking"
4682,152,2025-10-10,Keyboard,Accessories,2,1800.00,3600.00,UPI
4683,153,2025-10-24,Mouse,Accessories,3,900.00,2700.00,Card
4684,154,2025-11-07,Smartwatch,Electronics,1,7000.00,7000.00,Cash
4685,155,2025-11-21,Tablet,Electronics,2,22000.00,44000.00,"Net Banking"
4686,156,2024-06-13,Laptop,Electronics,3,55000.00,165000.00,UPI
4687,157,2024-06-27,Smartphone,Electronics,1,30000.00,30000.00,Card
4688,158,2024-07-11,Headphones,Electronics,2,2500.00,5000.00,Cash
4689,159,2024-07-25,Monitor,Electronics,3,12000.00,36000.00,"Net Banking"
4690,160,2024-08-08,Keyboard,Accessories,1,1800.00,1800.00,UPI
4691,161,2024-08-22,Mouse,Accessories,2,900.00,1800.00,Card
4692,162,2024-09-05,Smartwatch,Electronics,3,7000.00,21000.00,Cash
4693,163,2024-09-19,Tablet,Electronics,1,22000.00,22000.00,"Net Banking"
4694,164,2024-10-03,Laptop,Electronics,2,55000.00,110000.00,UPI
4695,165,2024-10-17,Smartphone,Electronics,3,30000.00,90000.00,Card
4696,166,2024-10-31,Headphones,Electronics,1,2500.00,2500.00,Cash
4697,167,2024-11-14,Monitor,Electronics,2,12000.00,24000.00,"Net Banking"
4698,168,2024-11-28,Keyboard,Accessories,3,1800.00,5400.00,UPI
4699,169,2024-12-12,Mouse,Accessories,1,900.00,900.00,Card
4700,170,2024-12-26,Smartwatch,Electronics,2,7000.00,14000.00,Cash
4701,171,2025-01-09,Tablet,Electronics,3,22000.00,66000.00,"Net Banking"
4702,172,2025-01-23,Laptop,Electronics,1,55000.00,55000.00,UPI
4703,173,2025-02-06,Smartphone,Electronics,2,30000.00,60000.00,Card
4704,174,2025-02-20,Headphones,Electronics,3,2500.00,7500.00,Cash
4705,175,2025-03-06,Monitor,Electronics,1,12000.00,12000.00,"Net Banking"
4706,176,2025-03-20,Keyboard,Accessories,2,1800.00,3600.00,UPI
4707,177,2025-04-03,Mouse,Accessories,3,900.00,2700.00,Card
4708,178,2025-04-17,Smartwatch,Electronics,1,7000.00,7000.00,Cash
4709,179,2025-05-01,Tablet,Electronics,2,22000.00,44000.00,"Net Banking"
4710,180,2025-05-15,Laptop,Electronics,3,55000.00,165000.00,UPI
4711,181,2025-05-29,Smartphone,Electronics,1,30000.00,30000.00,Card
4712,182,2025-06-12,Headphones,Electronics,2,2500.00,5000.00,Cash
4713,183,2025-06-26,Monitor,Electronics,3,12000.00,36000.00,"Net Banking"
4714,184,2025-07-10,Keyboard,Accessories,1,1800.00,1800.00,UPI
4715,185,2025-07-24,Mouse,Accessories,2,900.00,1800.00,Card
4716,186,2025-08-07,Smartwatch,Electronics,3,7000.00,21000.00,Cash
4717,187,2025-08-21,Tablet,Electronics,1,22000.00,22000.00,"Net Banking"
4718,188,2025-09-04,Laptop,Electronics,2,55000.00,110000.00,UPI
4719,189,2025-09-18,Smartphone,Electronics,3,30000.00,90000.00,Card
4720,190,2025-10-02,Headphones,Electronics,1,2500.00,2500.00,Cash
4721,191,2025-10-16,Monitor,Electronics,2,12000.00,24000.00,"Net Banking"
4722,192,2025-10-30,Keyboard,Accessories,3,1800.00,5400.00,UPI
4723,193,2025-11-13,Mouse,Accessories,1,900.00,900.00,Card
4724,194,2025-11-27,Smartwatch,Electronics,2,7000.00,14000.00,Cash
4725,195,2025-12-11,Tablet,Electronics,3,22000.00,66000.00,"Net Banking"
4726,196,2025-12-25,Laptop,Electronics,1,55000.00,55000.00,UPI
4727,197,2024-07-17,Smartphone,Electronics,2,30000.00,60000.00,Card
4728,198,2024-07-31,Headphones,Electronics,3,2500.00,7500.00,Cash
4729,199,2024-08-14,Monitor,Electronics,1,12000.00,12000.00,"Net Banking"
4730,200,2024-08-28,Keyboard,Accessories,2,1800.00,3600.00,UPI
4731,201,2024-09-11,Mouse,Accessories,3,900.00,2700.00,Card
4732,202,2024-09-25,Smartwatch,Electronics,1,7000.00,7000.00,Cash
4733,203,2024-10-09,Tablet,Electronics,2,22000.00,44000.00,"Net Banking"
4734,204,2024-10-23,Laptop,Electronics,3,55000.00,165000.00,UPI
4735,205,2024-11-06,Smartphone,Electronics,1,30000.00,30000.00,Card
4736,206,2024-11-20,Headphones,Electronics,2,2500.00,5000.00,Cash
4737,207,2024-12-04,Monitor,Electronics,3,12000.00,36000.00,"Net Banking"
4738,208,2024-12-18,Keyboard,Accessories,1,1800.00,1800.00,UPI
4739,209,2025-01-01,Mouse,Accessories,2,900.00,1800.00,Card
4740,210,2025-01-15,Smartwatch,Electronics,3,7000.00,21000.00,Cash
4741,211,2025-01-29,Tablet,Electronics,1,22000.00,22000.00,"Net Banking"
4742,212,2025-02-12,Laptop,Electronics,2,55000.00,110000.00,UPI
4743,213,2025-02-26,Smartphone,Electronics,3,30000.00,90000.00,Card
4744,214,2025-03-12,Headphones,Electronics,1,2500.00,2500.00,Cash
4745,215,2025-03-26,Monitor,Electronics,2,12000.00,24000.00,"Net Banking"
4746,216,2025-04-09,Keyboard,Accessories,3,1800.00,5400.00,UPI
4747,217,2025-04-23,Mouse,Accessories,1,900.00,900.00,Card
4748,218,2025-05-07,Smartwatch,Electronics,2,7000.00,14000.00,Cash
4749,219,2025-05-21,Tablet,Electronics,3,22000.00,66000.00,"Net Banking"
4750,220,2025-06-04,Laptop,Electronics,1,55000.00,55000.00,UPI
4751,221,2025-06-18,Smartphone,Electronics,2,30000.00,60000.00,Card
4752,222,2025-07-02,Headphones,Electronics,3,2500.00,7500.00,Cash
4753,223,2025-07-16,Monitor,Electronics,1,12000.00,12000.00,"Net Banking"
4754,224,2025-07-30,Keyboard,Accessories,2,1800.00,3600.00,UPI
4755,225,2025-08-13,Mouse,Accessories,3,900.00,2700.00,Card
4756,226,2025-08-27,Smartwatch,Electronics,1,7000.00,7000.00,Cash
4757,227,2025-09-10,Tablet,Electronics,2,22000.00,44000.00,"Net Banking"
4758,228,2025-09-24,Laptop,Electronics,3,55000.00,165000.00,UPI
4759,229,2025-10-08,Smartphone,Electronics,1,30000.00,30000.00,Card
4760,230,2025-10-22,Headphones,Electronics,2,2500.00,5000.00,Cash
4761,231,2025-11-05,Monitor,Electronics,3,12000.00,36000.00,"Net Banking"
4762,232,2025-11-19,Keyboard,Accessories,1,1800.00,1800.00,UPI
4763,233,2025-12-03,Mouse,Accessories,2,900.00,1800.00,Card
4764,234,2025-12-17,Smartwatch,Electronics,3,7000.00,21000.00,Cash
4765,235,2025-12-31,Tablet,Electronics,1,22000.00,22000.00,"Net Banking"
4766,236,2026-01-14,Laptop,Electronics,2,55000.00,110000.00,UPI
4767,237,2026-01-28,Smartphone,Electronics,3,30000.00,90000.00,Card
4768,238,2026-02-11,Headphones,Electronics,1,2500.00,2500.00,Cash
4769,239,2024-09-03,Monitor,Electronics,2,12000.00,24000.00,"Net Banking"
4770,240,2024-09-17,Keyboard,Accessories,3,1800.00,5400.00,UPI
4771,241,2024-10-01,Mouse,Accessories,1,900.00,900.00,Card
4772,242,2024-10-15,Smartwatch,Electronics,2,7000.00,14000.00,Cash
4773,243,2024-10-29,Tablet,Electronics,3,22000.00,66000.00,"Net Banking"
4774,244,2024-11-12,Laptop,Electronics,1,55000.00,55000.00,UPI
4775,245,2024-11-26,Smartphone,Electronics,2,30000.00,60000.00,Card
4776,246,2024-12-10,Headphones,Electronics,3,2500.00,7500.00,Cash
4777,247,2024-12-24,Monitor,Electronics,1,12000.00,12000.00,"Net Banking"
4778,248,2025-01-07,Keyboard,Accessories,2,1800.00,3600.00,UPI
4779,249,2025-01-21,Mouse,Accessories,3,900.00,2700.00,Card
4780,250,2025-02-04,Smartwatch,Electronics,1,7000.00,7000.00,Cash
4781,251,2025-02-18,Tablet,Electronics,2,22000.00,44000.00,"Net Banking"
4782,252,2025-03-04,Laptop,Electronics,3,55000.00,165000.00,UPI
4783,253,2025-03-18,Smartphone,Electronics,1,30000.00,30000.00,Card
4784,254,2025-04-01,Headphones,Electronics,2,2500.00,5000.00,Cash
4785,255,2025-04-15,Monitor,Electronics,3,12000.00,36000.00,"Net Banking"
4786,256,2025-04-29,Keyboard,Accessories,1,1800.00,1800.00,UPI
4787,257,2025-05-13,Mouse,Accessories,2,900.00,1800.00,Card
4788,258,2025-05-27,Smartwatch,Electronics,3,7000.00,21000.00,Cash
4789,259,2025-06-10,Tablet,Electronics,1,22000.00,22000.00,"Net Banking"
4790,260,2025-06-24,Laptop,Electronics,2,55000.00,110000.00,UPI
4791,261,2025-07-08,Smartphone,Electronics,3,30000.00,90000.00,Card
4792,262,2025-07-22,Headphones,Electronics,1,2500.00,2500.00,Cash
4793,263,2025-08-05,Monitor,Electronics,2,12000.00,24000.00,"Net Banking"
4794,264,2025-08-19,Keyboard,Accessories,3,1800.00,5400.00,UPI
4795,265,2025-09-02,Mouse,Accessories,1,900.00,900.00,Card
4796,266,2025-09-16,Smartwatch,Electronics,2,7000.00,14000.00,Cash
4797,267,2025-09-30,Tablet,Electronics,3,22000.00,66000.00,"Net Banking"
4798,268,2025-10-14,Laptop,Electronics,1,55000.00,55000.00,UPI
4799,269,2025-10-28,Smartphone,Electronics,2,30000.00,60000.00,Card
4800,270,2025-11-11,Headphones,Electronics,3,2500.00,7500.00,Cash
4801,271,2025-11-25,Monitor,Electronics,1,12000.00,12000.00,"Net Banking"
4802,272,2025-12-09,Keyboard,Accessories,2,1800.00,3600.00,UPI
4803,273,2025-12-23,Mouse,Accessories,3,900.00,2700.00,Card
4804,274,2026-01-06,Smartwatch,Electronics,1,7000.00,7000.00,Cash
4805,275,2026-01-20,Tablet,Electronics,2,22000.00,44000.00,"Net Banking"
4806,276,2026-02-03,Laptop,Electronics,3,55000.00,165000.00,UPI
4807,277,2026-02-17,Smartphone,Electronics,1,30000.00,30000.00,Card
4808,278,2026-03-03,Headphones,Electronics,2,2500.00,5000.00,Cash
4809,279,2026-03-17,Monitor,Electronics,3,12000.00,36000.00,"Net Banking"
4810,280,2024-10-07,Keyboard,Accessories,1,1800.00,1800.00,UPI
4811,281,2024-10-21,Mouse,Accessories,2,900.00,1800.00,Card
4812,282,2024-11-04,Smartwatch,Electronics,3,7000.00,21000.00,Cash
4813,283,2024-11-18,Tablet,Electronics,1,22000.00,22000.00,"Net Banking"
4814,284,2024-12-02,Laptop,Electronics,2,55000.00,110000.00,UPI
4815,285,2024-12-16,Smartphone,Electronics,3,30000.00,90000.00,Card
4816,286,2024-12-30,Headphones,Electronics,1,2500.00,2500.00,Cash
4817,287,2025-01-13,Monitor,Electronics,2,12000.00,24000.00,"Net Banking"
4818,288,2025-01-27,Keyboard,Accessories,3,1800.00,5400.00,UPI
4819,289,2025-02-10,Mouse,Accessories,1,900.00,900.00,Card
4820,290,2025-02-24,Smartwatch,Electronics,2,7000.00,14000.00,Cash
4821,291,2025-03-10,Tablet,Electronics,3,22000.00,66000.00,"Net Banking"
4822,292,2025-03-24,Laptop,Electronics,1,55000.00,55000.00,UPI
4823,293,2025-04-07,Smartphone,Electronics,2,30000.00,60000.00,Card
4824,294,2025-04-21,Headphones,Electronics,3,2500.00,7500.00,Cash
4825,295,2025-05-05,Monitor,Electronics,1,12000.00,12000.00,"Net Banking"
4826,296,2025-05-19,Keyboard,Accessories,2,1800.00,3600.00,UPI
4827,297,2025-06-02,Mouse,Accessories,3,900.00,2700.00,Card
4828,298,2025-06-16,Smartwatch,Electronics,1,7000.00,7000.00,Cash
4829,299,2025-06-30,Tablet,Electronics,2,22000.00,44000.00,"Net Banking"
4830,300,2025-07-14,Laptop,Electronics,3,55000.00,165000.00,UPI
4831,301,2025-07-28,Smartphone,Electronics,1,30000.00,30000.00,Card
4832,302,2025-08-11,Headphones,Electronics,2,2500.00,5000.00,Cash
4833,303,2025-08-25,Monitor,Electronics,3,12000.00,36000.00,"Net Banking"
4834,304,2025-09-08,Keyboard,Accessories,1,1800.00,1800.00,UPI
4835,305,2025-09-22,Mouse,Accessories,2,900.00,1800.00,Card
4836,306,2025-10-06,Smartwatch,Electronics,3,7000.00,21000.00,Cash
4837,307,2025-10-20,Tablet,Electronics,1,22000.00,22000.00,"Net Banking"
4838,308,2025-11-03,Laptop,Electronics,2,55000.00,110000.00,UPI
4839,309,2025-11-17,Smartphone,Electronics,3,30000.00,90000.00,Card
4840,310,2025-12-01,Headphones,Electronics,1,2500.00,2500.00,Cash
4841,311,2025-12-15,Monitor,Electronics,2,12000.00,24000.00,"Net Banking"
4842,312,2025-12-29,Keyboard,Accessories,3,1800.00,5400.00,UPI
4843,313,2026-01-12,Mouse,Accessories,1,900.00,900.00,Card
4844,314,2026-01-26,Smartwatch,Electronics,2,7000.00,14000.00,Cash
4845,315,2026-02-09,Tablet,Electronics,3,22000.00,66000.00,"Net Banking"
4846,316,2026-02-23,Laptop,Electronics,1,55000.00,55000.00,UPI
4847,317,2026-03-09,Smartphone,Electronics,2,30000.00,60000.00,Card
4848,318,2026-03-23,Headphones,Electronics,3,2500.00,7500.00,Cash
4849,319,2026-04-06,Monitor,Electronics,1,12000.00,12000.00,"Net Banking"
4850,320,2026-04-20,Keyboard,Accessories,2,1800.00,3600.00,UPI
4851,321,2026-05-04,Mouse,Accessories,3,900.00,2700.00,Card
4852,322,2024-11-24,Smartwatch,Electronics,1,7000.00,7000.00,Cash
4853,323,2024-12-08,Tablet,Electronics,2,22000.00,44000.00,"Net Banking"
4854,324,2024-12-22,Laptop,Electronics,3,55000.00,165000.00,UPI
4855,325,2025-01-05,Smartphone,Electronics,1,30000.00,30000.00,Card
4856,326,2025-01-19,Headphones,Electronics,2,2500.00,5000.00,Cash
4857,327,2025-02-02,Monitor,Electronics,3,12000.00,36000.00,"Net Banking"
4858,328,2025-02-16,Keyboard,Accessories,1,1800.00,1800.00,UPI
4859,329,2025-03-02,Mouse,Accessories,2,900.00,1800.00,Card
4860,330,2025-03-16,Smartwatch,Electronics,3,7000.00,21000.00,Cash
4861,331,2025-03-30,Tablet,Electronics,1,22000.00,22000.00,"Net Banking"
4862,332,2025-04-13,Laptop,Electronics,2,55000.00,110000.00,UPI
4863,333,2025-04-27,Smartphone,Electronics,3,30000.00,90000.00,Card
4864,334,2025-05-11,Headphones,Electronics,1,2500.00,2500.00,Cash
4865,335,2025-05-25,Monitor,Electronics,2,12000.00,24000.00,"Net Banking"
4866,336,2025-06-08,Keyboard,Accessories,3,1800.00,5400.00,UPI
4867,337,2025-06-22,Mouse,Accessories,1,900.00,900.00,Card
4868,338,2025-07-06,Smartwatch,Electronics,2,7000.00,14000.00,Cash
4869,339,2025-07-20,Tablet,Electronics,3,22000.00,66000.00,"Net Banking"
4870,340,2025-08-03,Laptop,Electronics,1,55000.00,55000.00,UPI
4871,341,2025-08-17,Smartphone,Electronics,2,30000.00,60000.00,Card
4872,342,2025-08-31,Headphones,Electronics,3,2500.00,7500.00,Cash
4873,343,2025-09-14,Monitor,Electronics,1,12000.00,12000.00,"Net Banking"
4874,344,2025-09-28,Keyboard,Accessories,2,1800.00,3600.00,UPI
4875,345,2025-10-12,Mouse,Accessories,3,900.00,2700.00,Card
4876,346,2025-10-26,Smartwatch,Electronics,1,7000.00,7000.00,Cash
4877,347,2025-11-09,Tablet,Electronics,2,22000.00,44000.00,"Net Banking"
4878,348,2025-11-23,Laptop,Electronics,3,55000.00,165000.00,UPI
4879,349,2025-12-07,Smartphone,Electronics,1,30000.00,30000.00,Card
4880,350,2025-12-21,Headphones,Electronics,2,2500.00,5000.00,Cash
4881,351,2026-01-04,Monitor,Electronics,3,12000.00,36000.00,"Net Banking"
4882,352,2026-01-18,Keyboard,Accessories,1,1800.00,1800.00,UPI
4883,353,2026-02-01,Mouse,Accessories,2,900.00,1800.00,Card
4884,354,2026-02-15,Smartwatch,Electronics,3,7000.00,21000.00,Cash
4885,355,2026-03-01,Tablet,Electronics,1,22000.00,22000.00,"Net Banking"
4886,356,2026-03-15,Laptop,Electronics,2,55000.00,110000.00,UPI
4887,357,2026-03-29,Smartphone,Electronics,3,30000.00,90000.00,Card
4888,358,2026-04-12,Headphones,Electronics,1,2500.00,2500.00,Cash
4889,359,2026-04-26,Monitor,Electronics,2,12000.00,24000.00,"Net Banking"
4890,360,2026-05-10,Keyboard,Accessories,3,1800.00,5400.00,UPI
4891,361,2026-05-24,Mouse,Accessories,1,900.00,900.00,Card
4892,362,2026-06-07,Smartwatch,Electronics,2,7000.00,14000.00,Cash
4893,363,2026-06-21,Tablet,Electronics,3,22000.00,66000.00,"Net Banking"
4894,364,2025-01-11,Laptop,Electronics,1,55000.00,55000.00,UPI
4895,365,2024-01-26,Smartphone,Electronics,2,30000.00,60000.00,Card
4896,366,2024-02-09,Headphones,Electronics,3,2500.00,7500.00,Cash
4897,367,2024-02-23,Monitor,Electronics,1,12000.00,12000.00,"Net Banking"
4898,368,2024-03-08,Keyboard,Accessories,2,1800.00,3600.00,UPI
4899,369,2024-03-22,Mouse,Accessories,3,900.00,2700.00,Card
4900,370,2024-04-05,Smartwatch,Electronics,1,7000.00,7000.00,Cash
4901,371,2024-04-19,Tablet,Electronics,2,22000.00,44000.00,"Net Banking"
4902,372,2024-05-03,Laptop,Electronics,3,55000.00,165000.00,UPI
4903,373,2024-05-17,Smartphone,Electronics,1,30000.00,30000.00,Card
4904,374,2024-05-31,Headphones,Electronics,2,2500.00,5000.00,Cash
4905,375,2024-06-14,Monitor,Electronics,3,12000.00,36000.00,"Net Banking"
4906,376,2024-06-28,Keyboard,Accessories,1,1800.00,1800.00,UPI
4907,377,2024-07-12,Mouse,Accessories,2,900.00,1800.00,Card
4908,378,2024-07-26,Smartwatch,Electronics,3,7000.00,21000.00,Cash
4909,379,2024-08-09,Tablet,Electronics,1,22000.00,22000.00,"Net Banking"
4910,380,2024-08-23,Laptop,Electronics,2,55000.00,110000.00,UPI
4911,381,2024-09-06,Smartphone,Electronics,3,30000.00,90000.00,Card
4912,382,2024-09-20,Headphones,Electronics,1,2500.00,2500.00,Cash
4913,383,2024-10-04,Monitor,Electronics,2,12000.00,24000.00,"Net Banking"
4914,384,2024-10-18,Keyboard,Accessories,3,1800.00,5400.00,UPI
4915,385,2024-11-01,Mouse,Accessories,1,900.00,900.00,Card
4916,386,2024-11-15,Smartwatch,Electronics,2,7000.00,14000.00,Cash
4917,387,2024-11-29,Tablet,Electronics,3,22000.00,66000.00,"Net Banking"
4918,388,2024-12-13,Laptop,Electronics,1,55000.00,55000.00,UPI
4919,389,2024-12-27,Smartphone,Electronics,2,30000.00,60000.00,Card
4920,390,2025-01-10,Headphones,Electronics,3,2500.00,7500.00,Cash
4921,391,2025-01-24,Monitor,Electronics,1,12000.00,12000.00,"Net Banking"
4922,392,2025-02-07,Keyboard,Accessories,2,1800.00,3600.00,UPI
4923,393,2025-02-21,Mouse,Accessories,3,900.00,2700.00,Card
4924,394,2025-03-07,Smartwatch,Electronics,1,7000.00,7000.00,Cash
4925,395,2025-03-21,Tablet,Electronics,2,22000.00,44000.00,"Net Banking"
4926,396,2025-04-04,Laptop,Electronics,3,55000.00,165000.00,UPI
4927,397,2025-04-18,Smartphone,Electronics,1,30000.00,30000.00,Card
4928,398,2025-05-02,Headphones,Electronics,2,2500.00,5000.00,Cash
4929,399,2025-05-16,Monitor,Electronics,3,12000.00,36000.00,"Net Banking"
4930,400,2025-05-30,Keyboard,Accessories,1,1800.00,1800.00,UPI
4931,401,2025-06-13,Mouse,Accessories,2,900.00,1800.00,Card
4932,402,2025-06-27,Smartwatch,Electronics,3,7000.00,21000.00,Cash
4933,403,2025-07-11,Tablet,Electronics,1,22000.00,22000.00,"Net Banking"
4934,404,2025-07-25,Laptop,Electronics,2,55000.00,110000.00,UPI
4935,405,2024-02-15,Smartphone,Electronics,3,30000.00,90000.00,Card
4936,406,2024-02-29,Headphones,Electronics,1,2500.00,2500.00,Cash
4937,407,2024-03-14,Monitor,Electronics,2,12000.00,24000.00,"Net Banking"
4938,408,2024-03-28,Keyboard,Accessories,3,1800.00,5400.00,UPI
4939,409,2024-04-11,Mouse,Accessories,1,900.00,900.00,Card
4940,410,2024-04-25,Smartwatch,Electronics,2,7000.00,14000.00,Cash
4941,411,2024-05-09,Tablet,Electronics,3,22000.00,66000.00,"Net Banking"
4942,412,2024-05-23,Laptop,Electronics,1,55000.00,55000.00,UPI
4943,413,2024-06-06,Smartphone,Electronics,2,30000.00,60000.00,Card
4944,414,2024-06-20,Headphones,Electronics,3,2500.00,7500.00,Cash
4945,415,2024-07-04,Monitor,Electronics,1,12000.00,12000.00,"Net Banking"
4946,416,2024-07-18,Keyboard,Accessories,2,1800.00,3600.00,UPI
4947,417,2024-08-01,Mouse,Accessories,3,900.00,2700.00,Card
4948,418,2024-08-15,Smartwatch,Electronics,1,7000.00,7000.00,Cash
4949,419,2024-08-29,Tablet,Electronics,2,22000.00,44000.00,"Net Banking"
4950,420,2024-09-12,Laptop,Electronics,3,55000.00,165000.00,UPI
4951,421,2024-09-26,Smartphone,Electronics,1,30000.00,30000.00,Card
4952,422,2024-10-10,Headphones,Electronics,2,2500.00,5000.00,Cash
4953,423,2024-10-24,Monitor,Electronics,3,12000.00,36000.00,"Net Banking"
4954,424,2024-11-07,Keyboard,Accessories,1,1800.00,1800.00,UPI
4955,425,2024-11-21,Mouse,Accessories,2,900.00,1800.00,Card
4956,426,2024-12-05,Smartwatch,Electronics,3,7000.00,21000.00,Cash
4957,427,2024-12-19,Tablet,Electronics,1,22000.00,22000.00,"Net Banking"
4958,428,2025-01-02,Laptop,Electronics,2,55000.00,110000.00,UPI
4959,429,2025-01-16,Smartphone,Electronics,3,30000.00,90000.00,Card
4960,430,2025-01-30,Headphones,Electronics,1,2500.00,2500.00,Cash
4961,431,2025-02-13,Monitor,Electronics,2,12000.00,24000.00,"Net Banking"
4962,432,2025-02-27,Keyboard,Accessories,3,1800.00,5400.00,UPI
4963,433,2025-03-13,Mouse,Accessories,1,900.00,900.00,Card
4964,434,2025-03-27,Smartwatch,Electronics,2,7000.00,14000.00,Cash
4965,435,2025-04-10,Tablet,Electronics,3,22000.00,66000.00,"Net Banking"
4966,436,2025-04-24,Laptop,Electronics,1,55000.00,55000.00,UPI
4967,437,2025-05-08,Smartphone,Electronics,2,30000.00,60000.00,Card
4968,438,2025-05-22,Headphones,Electronics,3,2500.00,7500.00,Cash
4969,439,2025-06-05,Monitor,Electronics,1,12000.00,12000.00,"Net Banking"
4970,440,2025-06-19,Keyboard,Accessories,2,1800.00,3600.00,UPI
4971,441,2025-07-03,Mouse,Accessories,3,900.00,2700.00,Card
4972,442,2025-07-17,Smartwatch,Electronics,1,7000.00,7000.00,Cash
4973,443,2025-07-31,Tablet,Electronics,2,22000.00,44000.00,"Net Banking"
4974,444,2025-08-14,Laptop,Electronics,3,55000.00,165000.00,UPI
4975,445,2025-08-28,Smartphone,Electronics,1,30000.00,30000.00,Card
4976,446,2025-09-11,Headphones,Electronics,2,2500.00,5000.00,Cash
4977,447,2024-04-03,Monitor,Electronics,3,12000.00,36000.00,"Net Banking"
4978,448,2024-04-17,Keyboard,Accessories,1,1800.00,1800.00,UPI
4979,449,2024-05-01,Mouse,Accessories,2,900.00,1800.00,Card
4980,450,2024-05-15,Smartwatch,Electronics,3,7000.00,21000.00,Cash
4981,451,2024-05-29,Tablet,Electronics,1,22000.00,22000.00,"Net Banking"
4982,452,2024-06-12,Laptop,Electronics,2,55000.00,110000.00,UPI
4983,453,2024-06-26,Smartphone,Electronics,3,30000.00,90000.00,Card
4984,454,2024-07-10,Headphones,Electronics,1,2500.00,2500.00,Cash
4985,455,2024-07-24,Monitor,Electronics,2,12000.00,24000.00,"Net Banking"
4986,456,2024-08-07,Keyboard,Accessories,3,1800.00,5400.00,UPI
4987,457,2024-08-21,Mouse,Accessories,1,900.00,900.00,Card
4988,458,2024-09-04,Smartwatch,Electronics,2,7000.00,14000.00,Cash
4989,459,2024-09-18,Tablet,Electronics,3,22000.00,66000.00,"Net Banking"
4990,460,2024-10-02,Laptop,Electronics,1,55000.00,55000.00,UPI
4991,461,2024-10-16,Smartphone,Electronics,2,30000.00,60000.00,Card
4992,462,2024-10-30,Headphones,Electronics,3,2500.00,7500.00,Cash
4993,463,2024-11-13,Monitor,Electronics,1,12000.00,12000.00,"Net Banking"
4994,464,2024-11-27,Keyboard,Accessories,2,1800.00,3600.00,UPI
4995,465,2024-12-11,Mouse,Accessories,3,900.00,2700.00,Card
4996,466,2024-12-25,Smartwatch,Electronics,1,7000.00,7000.00,Cash
4997,467,2025-01-08,Tablet,Electronics,2,22000.00,44000.00,"Net Banking"
4998,468,2025-01-22,Laptop,Electronics,3,55000.00,165000.00,UPI
4999,469,2025-02-05,Smartphone,Electronics,1,30000.00,30000.00,Card
5000,470,2025-02-19,Headphones,Electronics,2,2500.00,5000.00,Cash
5001,471,2025-03-05,Monitor,Electronics,3,12000.00,36000.00,"Net Banking"
5002,472,2025-03-19,Keyboard,Accessories,1,1800.00,1800.00,UPI
5003,473,2025-04-02,Mouse,Accessories,2,900.00,1800.00,Card
5004,474,2025-04-16,Smartwatch,Electronics,3,7000.00,21000.00,Cash
5005,475,2025-04-30,Tablet,Electronics,1,22000.00,22000.00,"Net Banking"
5006,476,2025-05-14,Laptop,Electronics,2,55000.00,110000.00,UPI
5007,477,2025-05-28,Smartphone,Electronics,3,30000.00,90000.00,Card
5008,478,2025-06-11,Headphones,Electronics,1,2500.00,2500.00,Cash
5009,479,2025-06-25,Monitor,Electronics,2,12000.00,24000.00,"Net Banking"
5010,480,2025-07-09,Keyboard,Accessories,3,1800.00,5400.00,UPI
5011,481,2025-07-23,Mouse,Accessories,1,900.00,900.00,Card
5012,482,2025-08-06,Smartwatch,Electronics,2,7000.00,14000.00,Cash
5013,483,2025-08-20,Tablet,Electronics,3,22000.00,66000.00,"Net Banking"
5014,484,2025-09-03,Laptop,Electronics,1,55000.00,55000.00,UPI
5015,485,2025-09-17,Smartphone,Electronics,2,30000.00,60000.00,Card
5016,486,2025-10-01,Headphones,Electronics,3,2500.00,7500.00,Cash
5017,487,2025-10-15,Monitor,Electronics,1,12000.00,12000.00,"Net Banking"
5018,488,2024-05-07,Keyboard,Accessories,2,1800.00,3600.00,UPI
5019,489,2024-05-21,Mouse,Accessories,3,900.00,2700.00,Card
5020,490,2024-06-04,Smartwatch,Electronics,1,7000.00,7000.00,Cash
5021,491,2024-06-18,Tablet,Electronics,2,22000.00,44000.00,"Net Banking"
5022,492,2024-07-02,Laptop,Electronics,3,55000.00,165000.00,UPI
5023,493,2024-07-16,Smartphone,Electronics,1,30000.00,30000.00,Card
5024,494,2024-07-30,Headphones,Electronics,2,2500.00,5000.00,Cash
5025,495,2024-08-13,Monitor,Electronics,3,12000.00,36000.00,"Net Banking"
5026,496,2024-08-27,Keyboard,Accessories,1,1800.00,1800.00,UPI
5027,497,2024-09-10,Mouse,Accessories,2,900.00,1800.00,Card
5028,498,2024-09-24,Smartwatch,Electronics,3,7000.00,21000.00,Cash
5029,499,2024-10-08,Tablet,Electronics,1,22000.00,22000.00,"Net Banking"
5030,500,2024-10-22,Laptop,Electronics,2,55000.00,110000.00,UPI
5031,1,2025-07-02,Smartphone,Electronics,3,30000.00,90000.00,Card
5032,2,2025-07-20,Headphones,Electronics,1,2500.00,2500.00,Cash
5033,3,2025-08-23,Monitor,Electronics,2,12000.00,24000.00,"Net Banking"
5034,4,2025-09-18,Keyboard,Accessories,3,1800.00,5400.00,UPI
5035,5,2025-10-13,Mouse,Accessories,1,900.00,900.00,Card
5036,6,2025-11-05,Smartwatch,Electronics,2,7000.00,14000.00,Cash
5037,7,2025-12-01,Tablet,Electronics,3,22000.00,66000.00,"Net Banking"
5038,8,2025-12-28,Laptop,Electronics,1,55000.00,55000.00,UPI
5039,9,2026-01-22,Smartphone,Electronics,2,30000.00,60000.00,Card
5040,10,2026-02-17,Headphones,Electronics,3,2500.00,7500.00,Cash
5041,11,2026-03-14,Monitor,Electronics,1,12000.00,12000.00,"Net Banking"
5042,12,2026-04-13,Keyboard,Accessories,2,1800.00,3600.00,UPI
5043,13,2026-05-13,Mouse,Accessories,3,900.00,2700.00,Card
5044,14,2026-06-12,Smartwatch,Electronics,1,7000.00,7000.00,Cash
5045,15,2026-07-12,Tablet,Electronics,2,22000.00,44000.00,"Net Banking"
5046,16,2026-08-13,Laptop,Electronics,3,55000.00,165000.00,UPI
5047,17,2026-09-10,Smartphone,Electronics,1,30000.00,30000.00,Card
5048,18,2026-10-11,Headphones,Electronics,2,2500.00,5000.00,Cash
5049,19,2026-11-12,Monitor,Electronics,3,12000.00,36000.00,"Net Banking"
5050,20,2026-12-12,Keyboard,Accessories,1,1800.00,1800.00,UPI
5051,21,2025-03-30,Mouse,Accessories,2,900.00,1800.00,Card
5052,22,2025-04-13,Smartwatch,Electronics,3,7000.00,21000.00,Cash
5053,23,2025-04-27,Tablet,Electronics,1,22000.00,22000.00,"Net Banking"
5054,24,2025-05-11,Laptop,Electronics,2,55000.00,110000.00,UPI
5055,25,2025-05-25,Smartphone,Electronics,3,30000.00,90000.00,Card
5056,26,2025-06-08,Headphones,Electronics,1,2500.00,2500.00,Cash
5057,27,2025-06-22,Monitor,Electronics,2,12000.00,24000.00,"Net Banking"
5058,28,2025-07-06,Keyboard,Accessories,3,1800.00,5400.00,UPI
5059,29,2025-07-20,Mouse,Accessories,1,900.00,900.00,Card
5060,30,2024-02-10,Smartwatch,Electronics,2,7000.00,14000.00,Cash
5061,31,2024-02-24,Tablet,Electronics,3,22000.00,66000.00,"Net Banking"
5062,32,2024-03-09,Laptop,Electronics,1,55000.00,55000.00,UPI
5063,33,2024-03-23,Smartphone,Electronics,2,30000.00,60000.00,Card
5064,34,2024-04-06,Headphones,Electronics,3,2500.00,7500.00,Cash
5065,35,2024-04-20,Monitor,Electronics,1,12000.00,12000.00,"Net Banking"
5066,36,2024-05-04,Keyboard,Accessories,2,1800.00,3600.00,UPI
5067,37,2024-05-18,Mouse,Accessories,3,900.00,2700.00,Card
5068,38,2024-06-01,Smartwatch,Electronics,1,7000.00,7000.00,Cash
5069,39,2024-06-15,Tablet,Electronics,2,22000.00,44000.00,"Net Banking"
5070,40,2024-06-29,Laptop,Electronics,3,55000.00,165000.00,UPI
5071,41,2024-07-13,Smartphone,Electronics,1,30000.00,30000.00,Card
5072,42,2024-07-27,Headphones,Electronics,2,2500.00,5000.00,Cash
5073,43,2024-08-10,Monitor,Electronics,3,12000.00,36000.00,"Net Banking"
5074,44,2024-08-24,Keyboard,Accessories,1,1800.00,1800.00,UPI
5075,45,2024-09-07,Mouse,Accessories,2,900.00,1800.00,Card
5076,46,2024-09-21,Smartwatch,Electronics,3,7000.00,21000.00,Cash
5077,47,2024-10-05,Tablet,Electronics,1,22000.00,22000.00,"Net Banking"
5078,48,2024-10-19,Laptop,Electronics,2,55000.00,110000.00,UPI
5079,49,2024-11-02,Smartphone,Electronics,3,30000.00,90000.00,Card
5080,50,2024-11-16,Headphones,Electronics,1,2500.00,2500.00,Cash
5081,51,2024-11-30,Monitor,Electronics,2,12000.00,24000.00,"Net Banking"
5082,52,2024-12-14,Keyboard,Accessories,3,1800.00,5400.00,UPI
5083,53,2024-12-28,Mouse,Accessories,1,900.00,900.00,Card
5084,54,2025-01-11,Smartwatch,Electronics,2,7000.00,14000.00,Cash
5085,55,2025-01-25,Tablet,Electronics,3,22000.00,66000.00,"Net Banking"
5086,56,2025-02-08,Laptop,Electronics,1,55000.00,55000.00,UPI
5087,57,2025-02-22,Smartphone,Electronics,2,30000.00,60000.00,Card
5088,58,2025-03-08,Headphones,Electronics,3,2500.00,7500.00,Cash
5089,59,2025-03-22,Monitor,Electronics,1,12000.00,12000.00,"Net Banking"
5090,60,2025-04-05,Keyboard,Accessories,2,1800.00,3600.00,UPI
5091,61,2025-04-19,Mouse,Accessories,3,900.00,2700.00,Card
5092,62,2025-05-03,Smartwatch,Electronics,1,7000.00,7000.00,Cash
5093,63,2025-05-17,Tablet,Electronics,2,22000.00,44000.00,"Net Banking"
5094,64,2025-05-31,Laptop,Electronics,3,55000.00,165000.00,UPI
5095,65,2025-06-14,Smartphone,Electronics,1,30000.00,30000.00,Card
5096,66,2025-06-28,Headphones,Electronics,2,2500.00,5000.00,Cash
5097,67,2025-07-12,Monitor,Electronics,3,12000.00,36000.00,"Net Banking"
5098,68,2025-07-26,Keyboard,Accessories,1,1800.00,1800.00,UPI
5099,69,2025-08-09,Mouse,Accessories,2,900.00,1800.00,Card
5100,70,2025-08-23,Smartwatch,Electronics,3,7000.00,21000.00,Cash
5101,71,2024-03-15,Tablet,Electronics,1,22000.00,22000.00,"Net Banking"
5102,72,2024-03-29,Laptop,Electronics,2,55000.00,110000.00,UPI
5103,73,2024-04-12,Smartphone,Electronics,3,30000.00,90000.00,Card
5104,74,2024-04-26,Headphones,Electronics,1,2500.00,2500.00,Cash
5105,75,2024-05-10,Monitor,Electronics,2,12000.00,24000.00,"Net Banking"
5106,76,2024-05-24,Keyboard,Accessories,3,1800.00,5400.00,UPI
5107,77,2024-06-07,Mouse,Accessories,1,900.00,900.00,Card
5108,78,2024-06-21,Smartwatch,Electronics,2,7000.00,14000.00,Cash
5109,79,2024-07-05,Tablet,Electronics,3,22000.00,66000.00,"Net Banking"
5110,80,2024-07-19,Laptop,Electronics,1,55000.00,55000.00,UPI
5111,81,2024-08-02,Smartphone,Electronics,2,30000.00,60000.00,Card
5112,82,2024-08-16,Headphones,Electronics,3,2500.00,7500.00,Cash
5113,83,2024-08-30,Monitor,Electronics,1,12000.00,12000.00,"Net Banking"
5114,84,2024-09-13,Keyboard,Accessories,2,1800.00,3600.00,UPI
5115,85,2024-09-27,Mouse,Accessories,3,900.00,2700.00,Card
5116,86,2024-10-11,Smartwatch,Electronics,1,7000.00,7000.00,Cash
5117,87,2024-10-25,Tablet,Electronics,2,22000.00,44000.00,"Net Banking"
5118,88,2024-11-08,Laptop,Electronics,3,55000.00,165000.00,UPI
5119,89,2024-11-22,Smartphone,Electronics,1,30000.00,30000.00,Card
5120,90,2024-12-06,Headphones,Electronics,2,2500.00,5000.00,Cash
5121,91,2024-12-20,Monitor,Electronics,3,12000.00,36000.00,"Net Banking"
5122,92,2025-01-03,Keyboard,Accessories,1,1800.00,1800.00,UPI
5123,93,2025-01-17,Mouse,Accessories,2,900.00,1800.00,Card
5124,94,2025-01-31,Smartwatch,Electronics,3,7000.00,21000.00,Cash
5125,95,2025-02-14,Tablet,Electronics,1,22000.00,22000.00,"Net Banking"
5126,96,2025-02-28,Laptop,Electronics,2,55000.00,110000.00,UPI
5127,97,2025-03-14,Smartphone,Electronics,3,30000.00,90000.00,Card
5128,98,2025-03-28,Headphones,Electronics,1,2500.00,2500.00,Cash
5129,99,2025-04-11,Monitor,Electronics,2,12000.00,24000.00,"Net Banking"
5130,100,2025-04-25,Keyboard,Accessories,3,1800.00,5400.00,UPI
5131,101,2025-05-09,Mouse,Accessories,1,900.00,900.00,Card
5132,102,2025-05-23,Smartwatch,Electronics,2,7000.00,14000.00,Cash
5133,103,2025-06-06,Tablet,Electronics,3,22000.00,66000.00,"Net Banking"
5134,104,2025-06-20,Laptop,Electronics,1,55000.00,55000.00,UPI
5135,105,2025-07-04,Smartphone,Electronics,2,30000.00,60000.00,Card
5136,106,2025-07-18,Headphones,Electronics,3,2500.00,7500.00,Cash
5137,107,2025-08-01,Monitor,Electronics,1,12000.00,12000.00,"Net Banking"
5138,108,2025-08-15,Keyboard,Accessories,2,1800.00,3600.00,UPI
5139,109,2025-08-29,Mouse,Accessories,3,900.00,2700.00,Card
5140,110,2025-09-12,Smartwatch,Electronics,1,7000.00,7000.00,Cash
5141,111,2025-09-26,Tablet,Electronics,2,22000.00,44000.00,"Net Banking"
5142,112,2025-10-10,Laptop,Electronics,3,55000.00,165000.00,UPI
5143,113,2024-05-02,Smartphone,Electronics,1,30000.00,30000.00,Card
5144,114,2024-05-16,Headphones,Electronics,2,2500.00,5000.00,Cash
5145,115,2024-05-30,Monitor,Electronics,3,12000.00,36000.00,"Net Banking"
5146,116,2024-06-13,Keyboard,Accessories,1,1800.00,1800.00,UPI
5147,117,2024-06-27,Mouse,Accessories,2,900.00,1800.00,Card
5148,118,2024-07-11,Smartwatch,Electronics,3,7000.00,21000.00,Cash
5149,119,2024-07-25,Tablet,Electronics,1,22000.00,22000.00,"Net Banking"
5150,120,2024-08-08,Laptop,Electronics,2,55000.00,110000.00,UPI
5151,121,2024-08-22,Smartphone,Electronics,3,30000.00,90000.00,Card
5152,122,2024-09-05,Headphones,Electronics,1,2500.00,2500.00,Cash
5153,123,2024-09-19,Monitor,Electronics,2,12000.00,24000.00,"Net Banking"
5154,124,2024-10-03,Keyboard,Accessories,3,1800.00,5400.00,UPI
5155,125,2024-10-17,Mouse,Accessories,1,900.00,900.00,Card
5156,126,2024-10-31,Smartwatch,Electronics,2,7000.00,14000.00,Cash
5157,127,2024-11-14,Tablet,Electronics,3,22000.00,66000.00,"Net Banking"
5158,128,2024-11-28,Laptop,Electronics,1,55000.00,55000.00,UPI
5159,129,2024-12-12,Smartphone,Electronics,2,30000.00,60000.00,Card
5160,130,2024-12-26,Headphones,Electronics,3,2500.00,7500.00,Cash
5161,131,2025-01-09,Monitor,Electronics,1,12000.00,12000.00,"Net Banking"
5162,132,2025-01-23,Keyboard,Accessories,2,1800.00,3600.00,UPI
5163,133,2025-02-06,Mouse,Accessories,3,900.00,2700.00,Card
5164,134,2025-02-20,Smartwatch,Electronics,1,7000.00,7000.00,Cash
5165,135,2025-03-06,Tablet,Electronics,2,22000.00,44000.00,"Net Banking"
5166,136,2025-03-20,Laptop,Electronics,3,55000.00,165000.00,UPI
5167,137,2025-04-03,Smartphone,Electronics,1,30000.00,30000.00,Card
5168,138,2025-04-17,Headphones,Electronics,2,2500.00,5000.00,Cash
5169,139,2025-05-01,Monitor,Electronics,3,12000.00,36000.00,"Net Banking"
5170,140,2025-05-15,Keyboard,Accessories,1,1800.00,1800.00,UPI
5171,141,2025-05-29,Mouse,Accessories,2,900.00,1800.00,Card
5172,142,2025-06-12,Smartwatch,Electronics,3,7000.00,21000.00,Cash
5173,143,2025-06-26,Tablet,Electronics,1,22000.00,22000.00,"Net Banking"
5174,144,2025-07-10,Laptop,Electronics,2,55000.00,110000.00,UPI
5175,145,2025-07-24,Smartphone,Electronics,3,30000.00,90000.00,Card
5176,146,2025-08-07,Headphones,Electronics,1,2500.00,2500.00,Cash
5177,147,2025-08-21,Monitor,Electronics,2,12000.00,24000.00,"Net Banking"
5178,148,2025-09-04,Keyboard,Accessories,3,1800.00,5400.00,UPI
5179,149,2025-09-18,Mouse,Accessories,1,900.00,900.00,Card
5180,150,2025-10-02,Smartwatch,Electronics,2,7000.00,14000.00,Cash
5181,151,2025-10-16,Tablet,Electronics,3,22000.00,66000.00,"Net Banking"
5182,152,2025-10-30,Laptop,Electronics,1,55000.00,55000.00,UPI
5183,153,2025-11-13,Smartphone,Electronics,2,30000.00,60000.00,Card
5184,154,2024-06-05,Headphones,Electronics,3,2500.00,7500.00,Cash
5185,155,2024-06-19,Monitor,Electronics,1,12000.00,12000.00,"Net Banking"
5186,156,2024-07-03,Keyboard,Accessories,2,1800.00,3600.00,UPI
5187,157,2024-07-17,Mouse,Accessories,3,900.00,2700.00,Card
5188,158,2024-07-31,Smartwatch,Electronics,1,7000.00,7000.00,Cash
5189,159,2024-08-14,Tablet,Electronics,2,22000.00,44000.00,"Net Banking"
5190,160,2024-08-28,Laptop,Electronics,3,55000.00,165000.00,UPI
5191,161,2024-09-11,Smartphone,Electronics,1,30000.00,30000.00,Card
5192,162,2024-09-25,Headphones,Electronics,2,2500.00,5000.00,Cash
5193,163,2024-10-09,Monitor,Electronics,3,12000.00,36000.00,"Net Banking"
5194,164,2024-10-23,Keyboard,Accessories,1,1800.00,1800.00,UPI
5195,165,2024-11-06,Mouse,Accessories,2,900.00,1800.00,Card
5196,166,2024-11-20,Smartwatch,Electronics,3,7000.00,21000.00,Cash
5197,167,2024-12-04,Tablet,Electronics,1,22000.00,22000.00,"Net Banking"
5198,168,2024-12-18,Laptop,Electronics,2,55000.00,110000.00,UPI
5199,169,2025-01-01,Smartphone,Electronics,3,30000.00,90000.00,Card
5200,170,2025-01-15,Headphones,Electronics,1,2500.00,2500.00,Cash
5201,171,2025-01-29,Monitor,Electronics,2,12000.00,24000.00,"Net Banking"
5202,172,2025-02-12,Keyboard,Accessories,3,1800.00,5400.00,UPI
5203,173,2025-02-26,Mouse,Accessories,1,900.00,900.00,Card
5204,174,2025-03-12,Smartwatch,Electronics,2,7000.00,14000.00,Cash
5205,175,2025-03-26,Tablet,Electronics,3,22000.00,66000.00,"Net Banking"
5206,176,2025-04-09,Laptop,Electronics,1,55000.00,55000.00,UPI
5207,177,2025-04-23,Smartphone,Electronics,2,30000.00,60000.00,Card
5208,178,2025-05-07,Headphones,Electronics,3,2500.00,7500.00,Cash
5209,179,2025-05-21,Monitor,Electronics,1,12000.00,12000.00,"Net Banking"
5210,180,2025-06-04,Keyboard,Accessories,2,1800.00,3600.00,UPI
5211,181,2025-06-18,Mouse,Accessories,3,900.00,2700.00,Card
5212,182,2025-07-02,Smartwatch,Electronics,1,7000.00,7000.00,Cash
5213,183,2025-07-16,Tablet,Electronics,2,22000.00,44000.00,"Net Banking"
5214,184,2025-07-30,Laptop,Electronics,3,55000.00,165000.00,UPI
5215,185,2025-08-13,Smartphone,Electronics,1,30000.00,30000.00,Card
5216,186,2025-08-27,Headphones,Electronics,2,2500.00,5000.00,Cash
5217,187,2025-09-10,Monitor,Electronics,3,12000.00,36000.00,"Net Banking"
5218,188,2025-09-24,Keyboard,Accessories,1,1800.00,1800.00,UPI
5219,189,2025-10-08,Mouse,Accessories,2,900.00,1800.00,Card
5220,190,2025-10-22,Smartwatch,Electronics,3,7000.00,21000.00,Cash
5221,191,2025-11-05,Tablet,Electronics,1,22000.00,22000.00,"Net Banking"
5222,192,2025-11-19,Laptop,Electronics,2,55000.00,110000.00,UPI
5223,193,2025-12-03,Smartphone,Electronics,3,30000.00,90000.00,Card
5224,194,2025-12-17,Headphones,Electronics,1,2500.00,2500.00,Cash
5225,195,2025-12-31,Monitor,Electronics,2,12000.00,24000.00,"Net Banking"
5226,196,2024-07-23,Keyboard,Accessories,3,1800.00,5400.00,UPI
5227,197,2024-08-06,Mouse,Accessories,1,900.00,900.00,Card
5228,198,2024-08-20,Smartwatch,Electronics,2,7000.00,14000.00,Cash
5229,199,2024-09-03,Tablet,Electronics,3,22000.00,66000.00,"Net Banking"
5230,200,2024-09-17,Laptop,Electronics,1,55000.00,55000.00,UPI
5231,201,2024-10-01,Smartphone,Electronics,2,30000.00,60000.00,Card
5232,202,2024-10-15,Headphones,Electronics,3,2500.00,7500.00,Cash
5233,203,2024-10-29,Monitor,Electronics,1,12000.00,12000.00,"Net Banking"
5234,204,2024-11-12,Keyboard,Accessories,2,1800.00,3600.00,UPI
5235,205,2024-11-26,Mouse,Accessories,3,900.00,2700.00,Card
5236,206,2024-12-10,Smartwatch,Electronics,1,7000.00,7000.00,Cash
5237,207,2024-12-24,Tablet,Electronics,2,22000.00,44000.00,"Net Banking"
5238,208,2025-01-07,Laptop,Electronics,3,55000.00,165000.00,UPI
5239,209,2025-01-21,Smartphone,Electronics,1,30000.00,30000.00,Card
5240,210,2025-02-04,Headphones,Electronics,2,2500.00,5000.00,Cash
5241,211,2025-02-18,Monitor,Electronics,3,12000.00,36000.00,"Net Banking"
5242,212,2025-03-04,Keyboard,Accessories,1,1800.00,1800.00,UPI
5243,213,2025-03-18,Mouse,Accessories,2,900.00,1800.00,Card
5244,214,2025-04-01,Smartwatch,Electronics,3,7000.00,21000.00,Cash
5245,215,2025-04-15,Tablet,Electronics,1,22000.00,22000.00,"Net Banking"
5246,216,2025-04-29,Laptop,Electronics,2,55000.00,110000.00,UPI
5247,217,2025-05-13,Smartphone,Electronics,3,30000.00,90000.00,Card
5248,218,2025-05-27,Headphones,Electronics,1,2500.00,2500.00,Cash
5249,219,2025-06-10,Monitor,Electronics,2,12000.00,24000.00,"Net Banking"
5250,220,2025-06-24,Keyboard,Accessories,3,1800.00,5400.00,UPI
5251,221,2025-07-08,Mouse,Accessories,1,900.00,900.00,Card
5252,222,2025-07-22,Smartwatch,Electronics,2,7000.00,14000.00,Cash
5253,223,2025-08-05,Tablet,Electronics,3,22000.00,66000.00,"Net Banking"
5254,224,2025-08-19,Laptop,Electronics,1,55000.00,55000.00,UPI
5255,225,2025-09-02,Smartphone,Electronics,2,30000.00,60000.00,Card
5256,226,2025-09-16,Headphones,Electronics,3,2500.00,7500.00,Cash
5257,227,2025-09-30,Monitor,Electronics,1,12000.00,12000.00,"Net Banking"
5258,228,2025-10-14,Keyboard,Accessories,2,1800.00,3600.00,UPI
5259,229,2025-10-28,Mouse,Accessories,3,900.00,2700.00,Card
5260,230,2025-11-11,Smartwatch,Electronics,1,7000.00,7000.00,Cash
5261,231,2025-11-25,Tablet,Electronics,2,22000.00,44000.00,"Net Banking"
5262,232,2025-12-09,Laptop,Electronics,3,55000.00,165000.00,UPI
5263,233,2025-12-23,Smartphone,Electronics,1,30000.00,30000.00,Card
5264,234,2026-01-06,Headphones,Electronics,2,2500.00,5000.00,Cash
5265,235,2026-01-20,Monitor,Electronics,3,12000.00,36000.00,"Net Banking"
5266,236,2026-02-03,Keyboard,Accessories,1,1800.00,1800.00,UPI
5267,237,2024-08-26,Mouse,Accessories,2,900.00,1800.00,Card
5268,238,2024-09-09,Smartwatch,Electronics,3,7000.00,21000.00,Cash
5269,239,2024-09-23,Tablet,Electronics,1,22000.00,22000.00,"Net Banking"
5270,240,2024-10-07,Laptop,Electronics,2,55000.00,110000.00,UPI
5271,241,2024-10-21,Smartphone,Electronics,3,30000.00,90000.00,Card
5272,242,2024-11-04,Headphones,Electronics,1,2500.00,2500.00,Cash
5273,243,2024-11-18,Monitor,Electronics,2,12000.00,24000.00,"Net Banking"
5274,244,2024-12-02,Keyboard,Accessories,3,1800.00,5400.00,UPI
5275,245,2024-12-16,Mouse,Accessories,1,900.00,900.00,Card
5276,246,2024-12-30,Smartwatch,Electronics,2,7000.00,14000.00,Cash
5277,247,2025-01-13,Tablet,Electronics,3,22000.00,66000.00,"Net Banking"
5278,248,2025-01-27,Laptop,Electronics,1,55000.00,55000.00,UPI
5279,249,2025-02-10,Smartphone,Electronics,2,30000.00,60000.00,Card
5280,250,2025-02-24,Headphones,Electronics,3,2500.00,7500.00,Cash
5281,251,2025-03-10,Monitor,Electronics,1,12000.00,12000.00,"Net Banking"
5282,252,2025-03-24,Keyboard,Accessories,2,1800.00,3600.00,UPI
5283,253,2025-04-07,Mouse,Accessories,3,900.00,2700.00,Card
5284,254,2025-04-21,Smartwatch,Electronics,1,7000.00,7000.00,Cash
5285,255,2025-05-05,Tablet,Electronics,2,22000.00,44000.00,"Net Banking"
5286,256,2025-05-19,Laptop,Electronics,3,55000.00,165000.00,UPI
5287,257,2025-06-02,Smartphone,Electronics,1,30000.00,30000.00,Card
5288,258,2025-06-16,Headphones,Electronics,2,2500.00,5000.00,Cash
5289,259,2025-06-30,Monitor,Electronics,3,12000.00,36000.00,"Net Banking"
5290,260,2025-07-14,Keyboard,Accessories,1,1800.00,1800.00,UPI
5291,261,2025-07-28,Mouse,Accessories,2,900.00,1800.00,Card
5292,262,2025-08-11,Smartwatch,Electronics,3,7000.00,21000.00,Cash
5293,263,2025-08-25,Tablet,Electronics,1,22000.00,22000.00,"Net Banking"
5294,264,2025-09-08,Laptop,Electronics,2,55000.00,110000.00,UPI
5295,265,2025-09-22,Smartphone,Electronics,3,30000.00,90000.00,Card
5296,266,2025-10-06,Headphones,Electronics,1,2500.00,2500.00,Cash
5297,267,2025-10-20,Monitor,Electronics,2,12000.00,24000.00,"Net Banking"
5298,268,2025-11-03,Keyboard,Accessories,3,1800.00,5400.00,UPI
5299,269,2025-11-17,Mouse,Accessories,1,900.00,900.00,Card
5300,270,2025-12-01,Smartwatch,Electronics,2,7000.00,14000.00,Cash
5301,271,2025-12-15,Tablet,Electronics,3,22000.00,66000.00,"Net Banking"
5302,272,2025-12-29,Laptop,Electronics,1,55000.00,55000.00,UPI
5303,273,2026-01-12,Smartphone,Electronics,2,30000.00,60000.00,Card
5304,274,2026-01-26,Headphones,Electronics,3,2500.00,7500.00,Cash
5305,275,2026-02-09,Monitor,Electronics,1,12000.00,12000.00,"Net Banking"
5306,276,2026-02-23,Keyboard,Accessories,2,1800.00,3600.00,UPI
5307,277,2026-03-09,Mouse,Accessories,3,900.00,2700.00,Card
5308,278,2026-03-23,Smartwatch,Electronics,1,7000.00,7000.00,Cash
5309,279,2024-10-13,Tablet,Electronics,2,22000.00,44000.00,"Net Banking"
5310,280,2024-10-27,Laptop,Electronics,3,55000.00,165000.00,UPI
5311,281,2024-11-10,Smartphone,Electronics,1,30000.00,30000.00,Card
5312,282,2024-11-24,Headphones,Electronics,2,2500.00,5000.00,Cash
5313,283,2024-12-08,Monitor,Electronics,3,12000.00,36000.00,"Net Banking"
5314,284,2024-12-22,Keyboard,Accessories,1,1800.00,1800.00,UPI
5315,285,2025-01-05,Mouse,Accessories,2,900.00,1800.00,Card
5316,286,2025-01-19,Smartwatch,Electronics,3,7000.00,21000.00,Cash
5317,287,2025-02-02,Tablet,Electronics,1,22000.00,22000.00,"Net Banking"
5318,288,2025-02-16,Laptop,Electronics,2,55000.00,110000.00,UPI
5319,289,2025-03-02,Smartphone,Electronics,3,30000.00,90000.00,Card
5320,290,2025-03-16,Headphones,Electronics,1,2500.00,2500.00,Cash
5321,291,2025-03-30,Monitor,Electronics,2,12000.00,24000.00,"Net Banking"
5322,292,2025-04-13,Keyboard,Accessories,3,1800.00,5400.00,UPI
5323,293,2025-04-27,Mouse,Accessories,1,900.00,900.00,Card
5324,294,2025-05-11,Smartwatch,Electronics,2,7000.00,14000.00,Cash
5325,295,2025-05-25,Tablet,Electronics,3,22000.00,66000.00,"Net Banking"
5326,296,2025-06-08,Laptop,Electronics,1,55000.00,55000.00,UPI
5327,297,2025-06-22,Smartphone,Electronics,2,30000.00,60000.00,Card
5328,298,2025-07-06,Headphones,Electronics,3,2500.00,7500.00,Cash
5329,299,2025-07-20,Monitor,Electronics,1,12000.00,12000.00,"Net Banking"
5330,300,2025-08-03,Keyboard,Accessories,2,1800.00,3600.00,UPI
5331,301,2025-08-17,Mouse,Accessories,3,900.00,2700.00,Card
5332,302,2025-08-31,Smartwatch,Electronics,1,7000.00,7000.00,Cash
5333,303,2025-09-14,Tablet,Electronics,2,22000.00,44000.00,"Net Banking"
5334,304,2025-09-28,Laptop,Electronics,3,55000.00,165000.00,UPI
5335,305,2025-10-12,Smartphone,Electronics,1,30000.00,30000.00,Card
5336,306,2025-10-26,Headphones,Electronics,2,2500.00,5000.00,Cash
5337,307,2025-11-09,Monitor,Electronics,3,12000.00,36000.00,"Net Banking"
5338,308,2025-11-23,Keyboard,Accessories,1,1800.00,1800.00,UPI
5339,309,2025-12-07,Mouse,Accessories,2,900.00,1800.00,Card
5340,310,2025-12-21,Smartwatch,Electronics,3,7000.00,21000.00,Cash
5341,311,2026-01-04,Tablet,Electronics,1,22000.00,22000.00,"Net Banking"
5342,312,2026-01-18,Laptop,Electronics,2,55000.00,110000.00,UPI
5343,313,2026-02-01,Smartphone,Electronics,3,30000.00,90000.00,Card
5344,314,2026-02-15,Headphones,Electronics,1,2500.00,2500.00,Cash
5345,315,2026-03-01,Monitor,Electronics,2,12000.00,24000.00,"Net Banking"
5346,316,2026-03-15,Keyboard,Accessories,3,1800.00,5400.00,UPI
5347,317,2026-03-29,Mouse,Accessories,1,900.00,900.00,Card
5348,318,2026-04-12,Smartwatch,Electronics,2,7000.00,14000.00,Cash
5349,319,2026-04-26,Tablet,Electronics,3,22000.00,66000.00,"Net Banking"
5350,320,2024-11-16,Laptop,Electronics,1,55000.00,55000.00,UPI
5351,321,2024-11-30,Smartphone,Electronics,2,30000.00,60000.00,Card
5352,322,2024-12-14,Headphones,Electronics,3,2500.00,7500.00,Cash
5353,323,2024-12-28,Monitor,Electronics,1,12000.00,12000.00,"Net Banking"
5354,324,2025-01-11,Keyboard,Accessories,2,1800.00,3600.00,UPI
5355,325,2025-01-25,Mouse,Accessories,3,900.00,2700.00,Card
5356,326,2025-02-08,Smartwatch,Electronics,1,7000.00,7000.00,Cash
5357,327,2025-02-22,Tablet,Electronics,2,22000.00,44000.00,"Net Banking"
5358,328,2025-03-08,Laptop,Electronics,3,55000.00,165000.00,UPI
5359,329,2025-03-22,Smartphone,Electronics,1,30000.00,30000.00,Card
5360,330,2025-04-05,Headphones,Electronics,2,2500.00,5000.00,Cash
5361,331,2025-04-19,Monitor,Electronics,3,12000.00,36000.00,"Net Banking"
5362,332,2025-05-03,Keyboard,Accessories,1,1800.00,1800.00,UPI
5363,333,2025-05-17,Mouse,Accessories,2,900.00,1800.00,Card
5364,334,2025-05-31,Smartwatch,Electronics,3,7000.00,21000.00,Cash
5365,335,2025-06-14,Tablet,Electronics,1,22000.00,22000.00,"Net Banking"
5366,336,2025-06-28,Laptop,Electronics,2,55000.00,110000.00,UPI
5367,337,2025-07-12,Smartphone,Electronics,3,30000.00,90000.00,Card
5368,338,2025-07-26,Headphones,Electronics,1,2500.00,2500.00,Cash
5369,339,2025-08-09,Monitor,Electronics,2,12000.00,24000.00,"Net Banking"
5370,340,2025-08-23,Keyboard,Accessories,3,1800.00,5400.00,UPI
5371,341,2025-09-06,Mouse,Accessories,1,900.00,900.00,Card
5372,342,2025-09-20,Smartwatch,Electronics,2,7000.00,14000.00,Cash
5373,343,2025-10-04,Tablet,Electronics,3,22000.00,66000.00,"Net Banking"
5374,344,2025-10-18,Laptop,Electronics,1,55000.00,55000.00,UPI
5375,345,2025-11-01,Smartphone,Electronics,2,30000.00,60000.00,Card
5376,346,2025-11-15,Headphones,Electronics,3,2500.00,7500.00,Cash
5377,347,2025-11-29,Monitor,Electronics,1,12000.00,12000.00,"Net Banking"
5378,348,2025-12-13,Keyboard,Accessories,2,1800.00,3600.00,UPI
5379,349,2025-12-27,Mouse,Accessories,3,900.00,2700.00,Card
5380,350,2026-01-10,Smartwatch,Electronics,1,7000.00,7000.00,Cash
5381,351,2026-01-24,Tablet,Electronics,2,22000.00,44000.00,"Net Banking"
5382,352,2026-02-07,Laptop,Electronics,3,55000.00,165000.00,UPI
5383,353,2026-02-21,Smartphone,Electronics,1,30000.00,30000.00,Card
5384,354,2026-03-07,Headphones,Electronics,2,2500.00,5000.00,Cash
5385,355,2026-03-21,Monitor,Electronics,3,12000.00,36000.00,"Net Banking"
5386,356,2026-04-04,Keyboard,Accessories,1,1800.00,1800.00,UPI
5387,357,2026-04-18,Mouse,Accessories,2,900.00,1800.00,Card
5388,358,2026-05-02,Smartwatch,Electronics,3,7000.00,21000.00,Cash
5389,359,2026-05-16,Tablet,Electronics,1,22000.00,22000.00,"Net Banking"
5390,360,2026-05-30,Laptop,Electronics,2,55000.00,110000.00,UPI
5391,361,2026-06-13,Smartphone,Electronics,3,30000.00,90000.00,Card
5392,362,2025-01-03,Headphones,Electronics,1,2500.00,2500.00,Cash
5393,363,2025-01-17,Monitor,Electronics,2,12000.00,24000.00,"Net Banking"
5394,364,2025-01-31,Keyboard,Accessories,3,1800.00,5400.00,UPI
5395,365,2024-02-15,Mouse,Accessories,1,900.00,900.00,Card
5396,366,2024-02-29,Smartwatch,Electronics,2,7000.00,14000.00,Cash
5397,367,2024-03-14,Tablet,Electronics,3,22000.00,66000.00,"Net Banking"
5398,368,2024-03-28,Laptop,Electronics,1,55000.00,55000.00,UPI
5399,369,2024-04-11,Smartphone,Electronics,2,30000.00,60000.00,Card
5400,370,2024-04-25,Headphones,Electronics,3,2500.00,7500.00,Cash
5401,371,2024-05-09,Monitor,Electronics,1,12000.00,12000.00,"Net Banking"
5402,372,2024-05-23,Keyboard,Accessories,2,1800.00,3600.00,UPI
5403,373,2024-06-06,Mouse,Accessories,3,900.00,2700.00,Card
5404,374,2024-06-20,Smartwatch,Electronics,1,7000.00,7000.00,Cash
5405,375,2024-07-04,Tablet,Electronics,2,22000.00,44000.00,"Net Banking"
5406,376,2024-07-18,Laptop,Electronics,3,55000.00,165000.00,UPI
5407,377,2024-08-01,Smartphone,Electronics,1,30000.00,30000.00,Card
5408,378,2024-08-15,Headphones,Electronics,2,2500.00,5000.00,Cash
5409,379,2024-08-29,Monitor,Electronics,3,12000.00,36000.00,"Net Banking"
5410,380,2024-09-12,Keyboard,Accessories,1,1800.00,1800.00,UPI
5411,381,2024-09-26,Mouse,Accessories,2,900.00,1800.00,Card
5412,382,2024-10-10,Smartwatch,Electronics,3,7000.00,21000.00,Cash
5413,383,2024-10-24,Tablet,Electronics,1,22000.00,22000.00,"Net Banking"
5414,384,2024-11-07,Laptop,Electronics,2,55000.00,110000.00,UPI
5415,385,2024-11-21,Smartphone,Electronics,3,30000.00,90000.00,Card
5416,386,2024-12-05,Headphones,Electronics,1,2500.00,2500.00,Cash
5417,387,2024-12-19,Monitor,Electronics,2,12000.00,24000.00,"Net Banking"
5418,388,2025-01-02,Keyboard,Accessories,3,1800.00,5400.00,UPI
5419,389,2025-01-16,Mouse,Accessories,1,900.00,900.00,Card
5420,390,2025-01-30,Smartwatch,Electronics,2,7000.00,14000.00,Cash
5421,391,2025-02-13,Tablet,Electronics,3,22000.00,66000.00,"Net Banking"
5422,392,2025-02-27,Laptop,Electronics,1,55000.00,55000.00,UPI
5423,393,2025-03-13,Smartphone,Electronics,2,30000.00,60000.00,Card
5424,394,2025-03-27,Headphones,Electronics,3,2500.00,7500.00,Cash
5425,395,2025-04-10,Monitor,Electronics,1,12000.00,12000.00,"Net Banking"
5426,396,2025-04-24,Keyboard,Accessories,2,1800.00,3600.00,UPI
5427,397,2025-05-08,Mouse,Accessories,3,900.00,2700.00,Card
5428,398,2025-05-22,Smartwatch,Electronics,1,7000.00,7000.00,Cash
5429,399,2025-06-05,Tablet,Electronics,2,22000.00,44000.00,"Net Banking"
5430,400,2025-06-19,Laptop,Electronics,3,55000.00,165000.00,UPI
5431,401,2025-07-03,Smartphone,Electronics,1,30000.00,30000.00,Card
5432,402,2025-07-17,Headphones,Electronics,2,2500.00,5000.00,Cash
5433,403,2025-07-31,Monitor,Electronics,3,12000.00,36000.00,"Net Banking"
5434,404,2024-02-21,Keyboard,Accessories,1,1800.00,1800.00,UPI
5435,405,2024-03-06,Mouse,Accessories,2,900.00,1800.00,Card
5436,406,2024-03-20,Smartwatch,Electronics,3,7000.00,21000.00,Cash
5437,407,2024-04-03,Tablet,Electronics,1,22000.00,22000.00,"Net Banking"
5438,408,2024-04-17,Laptop,Electronics,2,55000.00,110000.00,UPI
5439,409,2024-05-01,Smartphone,Electronics,3,30000.00,90000.00,Card
5440,410,2024-05-15,Headphones,Electronics,1,2500.00,2500.00,Cash
5441,411,2024-05-29,Monitor,Electronics,2,12000.00,24000.00,"Net Banking"
5442,412,2024-06-12,Keyboard,Accessories,3,1800.00,5400.00,UPI
5443,413,2024-06-26,Mouse,Accessories,1,900.00,900.00,Card
5444,414,2024-07-10,Smartwatch,Electronics,2,7000.00,14000.00,Cash
5445,415,2024-07-24,Tablet,Electronics,3,22000.00,66000.00,"Net Banking"
5446,416,2024-08-07,Laptop,Electronics,1,55000.00,55000.00,UPI
5447,417,2024-08-21,Smartphone,Electronics,2,30000.00,60000.00,Card
5448,418,2024-09-04,Headphones,Electronics,3,2500.00,7500.00,Cash
5449,419,2024-09-18,Monitor,Electronics,1,12000.00,12000.00,"Net Banking"
5450,420,2024-10-02,Keyboard,Accessories,2,1800.00,3600.00,UPI
5451,421,2024-10-16,Mouse,Accessories,3,900.00,2700.00,Card
5452,422,2024-10-30,Smartwatch,Electronics,1,7000.00,7000.00,Cash
5453,423,2024-11-13,Tablet,Electronics,2,22000.00,44000.00,"Net Banking"
5454,424,2024-11-27,Laptop,Electronics,3,55000.00,165000.00,UPI
5455,425,2024-12-11,Smartphone,Electronics,1,30000.00,30000.00,Card
5456,426,2024-12-25,Headphones,Electronics,2,2500.00,5000.00,Cash
5457,427,2025-01-08,Monitor,Electronics,3,12000.00,36000.00,"Net Banking"
5458,428,2025-01-22,Keyboard,Accessories,1,1800.00,1800.00,UPI
5459,429,2025-02-05,Mouse,Accessories,2,900.00,1800.00,Card
5460,430,2025-02-19,Smartwatch,Electronics,3,7000.00,21000.00,Cash
5461,431,2025-03-05,Tablet,Electronics,1,22000.00,22000.00,"Net Banking"
5462,432,2025-03-19,Laptop,Electronics,2,55000.00,110000.00,UPI
5463,433,2025-04-02,Smartphone,Electronics,3,30000.00,90000.00,Card
5464,434,2025-04-16,Headphones,Electronics,1,2500.00,2500.00,Cash
5465,435,2025-04-30,Monitor,Electronics,2,12000.00,24000.00,"Net Banking"
5466,436,2025-05-14,Keyboard,Accessories,3,1800.00,5400.00,UPI
5467,437,2025-05-28,Mouse,Accessories,1,900.00,900.00,Card
5468,438,2025-06-11,Smartwatch,Electronics,2,7000.00,14000.00,Cash
5469,439,2025-06-25,Tablet,Electronics,3,22000.00,66000.00,"Net Banking"
5470,440,2025-07-09,Laptop,Electronics,1,55000.00,55000.00,UPI
5471,441,2025-07-23,Smartphone,Electronics,2,30000.00,60000.00,Card
5472,442,2025-08-06,Headphones,Electronics,3,2500.00,7500.00,Cash
5473,443,2025-08-20,Monitor,Electronics,1,12000.00,12000.00,"Net Banking"
5474,444,2025-09-03,Keyboard,Accessories,2,1800.00,3600.00,UPI
5475,445,2024-03-26,Mouse,Accessories,3,900.00,2700.00,Card
5476,446,2024-04-09,Smartwatch,Electronics,1,7000.00,7000.00,Cash
5477,447,2024-04-23,Tablet,Electronics,2,22000.00,44000.00,"Net Banking"
5478,448,2024-05-07,Laptop,Electronics,3,55000.00,165000.00,UPI
5479,449,2024-05-21,Smartphone,Electronics,1,30000.00,30000.00,Card
5480,450,2024-06-04,Headphones,Electronics,2,2500.00,5000.00,Cash
5481,451,2024-06-18,Monitor,Electronics,3,12000.00,36000.00,"Net Banking"
5482,452,2024-07-02,Keyboard,Accessories,1,1800.00,1800.00,UPI
5483,453,2024-07-16,Mouse,Accessories,2,900.00,1800.00,Card
5484,454,2024-07-30,Smartwatch,Electronics,3,7000.00,21000.00,Cash
5485,455,2024-08-13,Tablet,Electronics,1,22000.00,22000.00,"Net Banking"
5486,456,2024-08-27,Laptop,Electronics,2,55000.00,110000.00,UPI
5487,457,2024-09-10,Smartphone,Electronics,3,30000.00,90000.00,Card
5488,458,2024-09-24,Headphones,Electronics,1,2500.00,2500.00,Cash
5489,459,2024-10-08,Monitor,Electronics,2,12000.00,24000.00,"Net Banking"
5490,460,2024-10-22,Keyboard,Accessories,3,1800.00,5400.00,UPI
5491,461,2024-11-05,Mouse,Accessories,1,900.00,900.00,Card
5492,462,2024-11-19,Smartwatch,Electronics,2,7000.00,14000.00,Cash
5493,463,2024-12-03,Tablet,Electronics,3,22000.00,66000.00,"Net Banking"
5494,464,2024-12-17,Laptop,Electronics,1,55000.00,55000.00,UPI
5495,465,2024-12-31,Smartphone,Electronics,2,30000.00,60000.00,Card
5496,466,2025-01-14,Headphones,Electronics,3,2500.00,7500.00,Cash
5497,467,2025-01-28,Monitor,Electronics,1,12000.00,12000.00,"Net Banking"
5498,468,2025-02-11,Keyboard,Accessories,2,1800.00,3600.00,UPI
5499,469,2025-02-25,Mouse,Accessories,3,900.00,2700.00,Card
5500,470,2025-03-11,Smartwatch,Electronics,1,7000.00,7000.00,Cash
5501,471,2025-03-25,Tablet,Electronics,2,22000.00,44000.00,"Net Banking"
5502,472,2025-04-08,Laptop,Electronics,3,55000.00,165000.00,UPI
5503,473,2025-04-22,Smartphone,Electronics,1,30000.00,30000.00,Card
5504,474,2025-05-06,Headphones,Electronics,2,2500.00,5000.00,Cash
5505,475,2025-05-20,Monitor,Electronics,3,12000.00,36000.00,"Net Banking"
5506,476,2025-06-03,Keyboard,Accessories,1,1800.00,1800.00,UPI
5507,477,2025-06-17,Mouse,Accessories,2,900.00,1800.00,Card
5508,478,2025-07-01,Smartwatch,Electronics,3,7000.00,21000.00,Cash
5509,479,2025-07-15,Tablet,Electronics,1,22000.00,22000.00,"Net Banking"
5510,480,2025-07-29,Laptop,Electronics,2,55000.00,110000.00,UPI
5511,481,2025-08-12,Smartphone,Electronics,3,30000.00,90000.00,Card
5512,482,2025-08-26,Headphones,Electronics,1,2500.00,2500.00,Cash
5513,483,2025-09-09,Monitor,Electronics,2,12000.00,24000.00,"Net Banking"
5514,484,2025-09-23,Keyboard,Accessories,3,1800.00,5400.00,UPI
5515,485,2025-10-07,Mouse,Accessories,1,900.00,900.00,Card
5516,486,2025-10-21,Smartwatch,Electronics,2,7000.00,14000.00,Cash
5517,487,2024-05-13,Tablet,Electronics,3,22000.00,66000.00,"Net Banking"
5518,488,2024-05-27,Laptop,Electronics,1,55000.00,55000.00,UPI
5519,489,2024-06-10,Smartphone,Electronics,2,30000.00,60000.00,Card
5520,490,2024-06-24,Headphones,Electronics,3,2500.00,7500.00,Cash
5521,491,2024-07-08,Monitor,Electronics,1,12000.00,12000.00,"Net Banking"
5522,492,2024-07-22,Keyboard,Accessories,2,1800.00,3600.00,UPI
5523,493,2024-08-05,Mouse,Accessories,3,900.00,2700.00,Card
5524,494,2024-08-19,Smartwatch,Electronics,1,7000.00,7000.00,Cash
5525,495,2024-09-02,Tablet,Electronics,2,22000.00,44000.00,"Net Banking"
5526,496,2024-09-16,Laptop,Electronics,3,55000.00,165000.00,UPI
5527,497,2024-09-30,Smartphone,Electronics,1,30000.00,30000.00,Card
5528,498,2024-10-14,Headphones,Electronics,2,2500.00,5000.00,Cash
5529,499,2024-10-28,Monitor,Electronics,3,12000.00,36000.00,"Net Banking"
5530,500,2024-11-11,Keyboard,Accessories,1,1800.00,1800.00,UPI
5531,1,2025-07-22,Mouse,Accessories,2,900.00,1800.00,Card
5532,2,2025-08-09,Smartwatch,Electronics,3,7000.00,21000.00,Cash
5533,3,2025-09-12,Tablet,Electronics,1,22000.00,22000.00,"Net Banking"
5534,4,2025-10-08,Laptop,Electronics,2,55000.00,110000.00,UPI
5535,5,2025-11-02,Smartphone,Electronics,3,30000.00,90000.00,Card
5536,6,2025-11-25,Headphones,Electronics,1,2500.00,2500.00,Cash
5537,7,2025-12-21,Monitor,Electronics,2,12000.00,24000.00,"Net Banking"
5538,8,2026-01-17,Keyboard,Accessories,3,1800.00,5400.00,UPI
5539,9,2026-02-11,Mouse,Accessories,1,900.00,900.00,Card
5540,10,2026-03-09,Smartwatch,Electronics,2,7000.00,14000.00,Cash
5541,11,2026-04-03,Tablet,Electronics,3,22000.00,66000.00,"Net Banking"
5542,12,2026-05-03,Laptop,Electronics,1,55000.00,55000.00,UPI
5543,13,2026-06-02,Smartphone,Electronics,2,30000.00,60000.00,Card
5544,14,2026-07-02,Headphones,Electronics,3,2500.00,7500.00,Cash
5545,15,2026-08-01,Monitor,Electronics,1,12000.00,12000.00,"Net Banking"
5546,16,2026-09-02,Keyboard,Accessories,2,1800.00,3600.00,UPI
5547,17,2026-09-30,Mouse,Accessories,3,900.00,2700.00,Card
5548,18,2026-10-31,Smartwatch,Electronics,1,7000.00,7000.00,Cash
5549,19,2026-12-02,Tablet,Electronics,2,22000.00,44000.00,"Net Banking"
5550,20,2027-01-01,Laptop,Electronics,3,55000.00,165000.00,UPI
5551,21,2025-04-19,Smartphone,Electronics,1,30000.00,30000.00,Card
5552,22,2025-05-03,Headphones,Electronics,2,2500.00,5000.00,Cash
5553,23,2025-05-17,Monitor,Electronics,3,12000.00,36000.00,"Net Banking"
5554,24,2025-05-31,Keyboard,Accessories,1,1800.00,1800.00,UPI
5555,25,2025-06-14,Mouse,Accessories,2,900.00,1800.00,Card
5556,26,2025-06-28,Smartwatch,Electronics,3,7000.00,21000.00,Cash
5557,27,2025-07-12,Tablet,Electronics,1,22000.00,22000.00,"Net Banking"
5558,28,2024-02-02,Laptop,Electronics,2,55000.00,110000.00,UPI
5559,29,2024-02-16,Smartphone,Electronics,3,30000.00,90000.00,Card
5560,30,2024-03-01,Headphones,Electronics,1,2500.00,2500.00,Cash
5561,31,2024-03-15,Monitor,Electronics,2,12000.00,24000.00,"Net Banking"
5562,32,2024-03-29,Keyboard,Accessories,3,1800.00,5400.00,UPI
5563,33,2024-04-12,Mouse,Accessories,1,900.00,900.00,Card
5564,34,2024-04-26,Smartwatch,Electronics,2,7000.00,14000.00,Cash
5565,35,2024-05-10,Tablet,Electronics,3,22000.00,66000.00,"Net Banking"
5566,36,2024-05-24,Laptop,Electronics,1,55000.00,55000.00,UPI
5567,37,2024-06-07,Smartphone,Electronics,2,30000.00,60000.00,Card
5568,38,2024-06-21,Headphones,Electronics,3,2500.00,7500.00,Cash
5569,39,2024-07-05,Monitor,Electronics,1,12000.00,12000.00,"Net Banking"
5570,40,2024-07-19,Keyboard,Accessories,2,1800.00,3600.00,UPI
5571,41,2024-08-02,Mouse,Accessories,3,900.00,2700.00,Card
5572,42,2024-08-16,Smartwatch,Electronics,1,7000.00,7000.00,Cash
5573,43,2024-08-30,Tablet,Electronics,2,22000.00,44000.00,"Net Banking"
5574,44,2024-09-13,Laptop,Electronics,3,55000.00,165000.00,UPI
5575,45,2024-09-27,Smartphone,Electronics,1,30000.00,30000.00,Card
5576,46,2024-10-11,Headphones,Electronics,2,2500.00,5000.00,Cash
5577,47,2024-10-25,Monitor,Electronics,3,12000.00,36000.00,"Net Banking"
5578,48,2024-11-08,Keyboard,Accessories,1,1800.00,1800.00,UPI
5579,49,2024-11-22,Mouse,Accessories,2,900.00,1800.00,Card
5580,50,2024-12-06,Smartwatch,Electronics,3,7000.00,21000.00,Cash
5581,51,2024-12-20,Tablet,Electronics,1,22000.00,22000.00,"Net Banking"
5582,52,2025-01-03,Laptop,Electronics,2,55000.00,110000.00,UPI
5583,53,2025-01-17,Smartphone,Electronics,3,30000.00,90000.00,Card
5584,54,2025-01-31,Headphones,Electronics,1,2500.00,2500.00,Cash
5585,55,2025-02-14,Monitor,Electronics,2,12000.00,24000.00,"Net Banking"
5586,56,2025-02-28,Keyboard,Accessories,3,1800.00,5400.00,UPI
5587,57,2025-03-14,Mouse,Accessories,1,900.00,900.00,Card
5588,58,2025-03-28,Smartwatch,Electronics,2,7000.00,14000.00,Cash
5589,59,2025-04-11,Tablet,Electronics,3,22000.00,66000.00,"Net Banking"
5590,60,2025-04-25,Laptop,Electronics,1,55000.00,55000.00,UPI
5591,61,2025-05-09,Smartphone,Electronics,2,30000.00,60000.00,Card
5592,62,2025-05-23,Headphones,Electronics,3,2500.00,7500.00,Cash
5593,63,2025-06-06,Monitor,Electronics,1,12000.00,12000.00,"Net Banking"
5594,64,2025-06-20,Keyboard,Accessories,2,1800.00,3600.00,UPI
5595,65,2025-07-04,Mouse,Accessories,3,900.00,2700.00,Card
5596,66,2025-07-18,Smartwatch,Electronics,1,7000.00,7000.00,Cash
5597,67,2025-08-01,Tablet,Electronics,2,22000.00,44000.00,"Net Banking"
5598,68,2025-08-15,Laptop,Electronics,3,55000.00,165000.00,UPI
5599,69,2025-08-29,Smartphone,Electronics,1,30000.00,30000.00,Card
5600,70,2024-03-21,Headphones,Electronics,2,2500.00,5000.00,Cash
5601,71,2024-04-04,Monitor,Electronics,3,12000.00,36000.00,"Net Banking"
5602,72,2024-04-18,Keyboard,Accessories,1,1800.00,1800.00,UPI
5603,73,2024-05-02,Mouse,Accessories,2,900.00,1800.00,Card
5604,74,2024-05-16,Smartwatch,Electronics,3,7000.00,21000.00,Cash
5605,75,2024-05-30,Tablet,Electronics,1,22000.00,22000.00,"Net Banking"
5606,76,2024-06-13,Laptop,Electronics,2,55000.00,110000.00,UPI
5607,77,2024-06-27,Smartphone,Electronics,3,30000.00,90000.00,Card
5608,78,2024-07-11,Headphones,Electronics,1,2500.00,2500.00,Cash
5609,79,2024-07-25,Monitor,Electronics,2,12000.00,24000.00,"Net Banking"
5610,80,2024-08-08,Keyboard,Accessories,3,1800.00,5400.00,UPI
5611,81,2024-08-22,Mouse,Accessories,1,900.00,900.00,Card
5612,82,2024-09-05,Smartwatch,Electronics,2,7000.00,14000.00,Cash
5613,83,2024-09-19,Tablet,Electronics,3,22000.00,66000.00,"Net Banking"
5614,84,2024-10-03,Laptop,Electronics,1,55000.00,55000.00,UPI
5615,85,2024-10-17,Smartphone,Electronics,2,30000.00,60000.00,Card
5616,86,2024-10-31,Headphones,Electronics,3,2500.00,7500.00,Cash
5617,87,2024-11-14,Monitor,Electronics,1,12000.00,12000.00,"Net Banking"
5618,88,2024-11-28,Keyboard,Accessories,2,1800.00,3600.00,UPI
5619,89,2024-12-12,Mouse,Accessories,3,900.00,2700.00,Card
5620,90,2024-12-26,Smartwatch,Electronics,1,7000.00,7000.00,Cash
5621,91,2025-01-09,Tablet,Electronics,2,22000.00,44000.00,"Net Banking"
5622,92,2025-01-23,Laptop,Electronics,3,55000.00,165000.00,UPI
5623,93,2025-02-06,Smartphone,Electronics,1,30000.00,30000.00,Card
5624,94,2025-02-20,Headphones,Electronics,2,2500.00,5000.00,Cash
5625,95,2025-03-06,Monitor,Electronics,3,12000.00,36000.00,"Net Banking"
5626,96,2025-03-20,Keyboard,Accessories,1,1800.00,1800.00,UPI
5627,97,2025-04-03,Mouse,Accessories,2,900.00,1800.00,Card
5628,98,2025-04-17,Smartwatch,Electronics,3,7000.00,21000.00,Cash
5629,99,2025-05-01,Tablet,Electronics,1,22000.00,22000.00,"Net Banking"
5630,100,2025-05-15,Laptop,Electronics,2,55000.00,110000.00,UPI
5631,101,2025-05-29,Smartphone,Electronics,3,30000.00,90000.00,Card
5632,102,2025-06-12,Headphones,Electronics,1,2500.00,2500.00,Cash
5633,103,2025-06-26,Monitor,Electronics,2,12000.00,24000.00,"Net Banking"
5634,104,2025-07-10,Keyboard,Accessories,3,1800.00,5400.00,UPI
5635,105,2025-07-24,Mouse,Accessories,1,900.00,900.00,Card
5636,106,2025-08-07,Smartwatch,Electronics,2,7000.00,14000.00,Cash
5637,107,2025-08-21,Tablet,Electronics,3,22000.00,66000.00,"Net Banking"
5638,108,2025-09-04,Laptop,Electronics,1,55000.00,55000.00,UPI
5639,109,2025-09-18,Smartphone,Electronics,2,30000.00,60000.00,Card
5640,110,2025-10-02,Headphones,Electronics,3,2500.00,7500.00,Cash
5641,111,2024-04-24,Monitor,Electronics,1,12000.00,12000.00,"Net Banking"
5642,112,2024-05-08,Keyboard,Accessories,2,1800.00,3600.00,UPI
5643,113,2024-05-22,Mouse,Accessories,3,900.00,2700.00,Card
5644,114,2024-06-05,Smartwatch,Electronics,1,7000.00,7000.00,Cash
5645,115,2024-06-19,Tablet,Electronics,2,22000.00,44000.00,"Net Banking"
5646,116,2024-07-03,Laptop,Electronics,3,55000.00,165000.00,UPI
5647,117,2024-07-17,Smartphone,Electronics,1,30000.00,30000.00,Card
5648,118,2024-07-31,Headphones,Electronics,2,2500.00,5000.00,Cash
5649,119,2024-08-14,Monitor,Electronics,3,12000.00,36000.00,"Net Banking"
5650,120,2024-08-28,Keyboard,Accessories,1,1800.00,1800.00,UPI
5651,121,2024-09-11,Mouse,Accessories,2,900.00,1800.00,Card
5652,122,2024-09-25,Smartwatch,Electronics,3,7000.00,21000.00,Cash
5653,123,2024-10-09,Tablet,Electronics,1,22000.00,22000.00,"Net Banking"
5654,124,2024-10-23,Laptop,Electronics,2,55000.00,110000.00,UPI
5655,125,2024-11-06,Smartphone,Electronics,3,30000.00,90000.00,Card
5656,126,2024-11-20,Headphones,Electronics,1,2500.00,2500.00,Cash
5657,127,2024-12-04,Monitor,Electronics,2,12000.00,24000.00,"Net Banking"
5658,128,2024-12-18,Keyboard,Accessories,3,1800.00,5400.00,UPI
5659,129,2025-01-01,Mouse,Accessories,1,900.00,900.00,Card
5660,130,2025-01-15,Smartwatch,Electronics,2,7000.00,14000.00,Cash
5661,131,2025-01-29,Tablet,Electronics,3,22000.00,66000.00,"Net Banking"
5662,132,2025-02-12,Laptop,Electronics,1,55000.00,55000.00,UPI
5663,133,2025-02-26,Smartphone,Electronics,2,30000.00,60000.00,Card
5664,134,2025-03-12,Headphones,Electronics,3,2500.00,7500.00,Cash
5665,135,2025-03-26,Monitor,Electronics,1,12000.00,12000.00,"Net Banking"
5666,136,2025-04-09,Keyboard,Accessories,2,1800.00,3600.00,UPI
5667,137,2025-04-23,Mouse,Accessories,3,900.00,2700.00,Card
5668,138,2025-05-07,Smartwatch,Electronics,1,7000.00,7000.00,Cash
5669,139,2025-05-21,Tablet,Electronics,2,22000.00,44000.00,"Net Banking"
5670,140,2025-06-04,Laptop,Electronics,3,55000.00,165000.00,UPI
5671,141,2025-06-18,Smartphone,Electronics,1,30000.00,30000.00,Card
5672,142,2025-07-02,Headphones,Electronics,2,2500.00,5000.00,Cash
5673,143,2025-07-16,Monitor,Electronics,3,12000.00,36000.00,"Net Banking"
5674,144,2025-07-30,Keyboard,Accessories,1,1800.00,1800.00,UPI
5675,145,2025-08-13,Mouse,Accessories,2,900.00,1800.00,Card
5676,146,2025-08-27,Smartwatch,Electronics,3,7000.00,21000.00,Cash
5677,147,2025-09-10,Tablet,Electronics,1,22000.00,22000.00,"Net Banking"
5678,148,2025-09-24,Laptop,Electronics,2,55000.00,110000.00,UPI
5679,149,2025-10-08,Smartphone,Electronics,3,30000.00,90000.00,Card
5680,150,2025-10-22,Headphones,Electronics,1,2500.00,2500.00,Cash
5681,151,2025-11-05,Monitor,Electronics,2,12000.00,24000.00,"Net Banking"
5682,152,2025-11-19,Keyboard,Accessories,3,1800.00,5400.00,UPI
5683,153,2024-06-11,Mouse,Accessories,1,900.00,900.00,Card
5684,154,2024-06-25,Smartwatch,Electronics,2,7000.00,14000.00,Cash
5685,155,2024-07-09,Tablet,Electronics,3,22000.00,66000.00,"Net Banking"
5686,156,2024-07-23,Laptop,Electronics,1,55000.00,55000.00,UPI
5687,157,2024-08-06,Smartphone,Electronics,2,30000.00,60000.00,Card
5688,158,2024-08-20,Headphones,Electronics,3,2500.00,7500.00,Cash
5689,159,2024-09-03,Monitor,Electronics,1,12000.00,12000.00,"Net Banking"
5690,160,2024-09-17,Keyboard,Accessories,2,1800.00,3600.00,UPI
5691,161,2024-10-01,Mouse,Accessories,3,900.00,2700.00,Card
5692,162,2024-10-15,Smartwatch,Electronics,1,7000.00,7000.00,Cash
5693,163,2024-10-29,Tablet,Electronics,2,22000.00,44000.00,"Net Banking"
5694,164,2024-11-12,Laptop,Electronics,3,55000.00,165000.00,UPI
5695,165,2024-11-26,Smartphone,Electronics,1,30000.00,30000.00,Card
5696,166,2024-12-10,Headphones,Electronics,2,2500.00,5000.00,Cash
5697,167,2024-12-24,Monitor,Electronics,3,12000.00,36000.00,"Net Banking"
5698,168,2025-01-07,Keyboard,Accessories,1,1800.00,1800.00,UPI
5699,169,2025-01-21,Mouse,Accessories,2,900.00,1800.00,Card
5700,170,2025-02-04,Smartwatch,Electronics,3,7000.00,21000.00,Cash
5701,171,2025-02-18,Tablet,Electronics,1,22000.00,22000.00,"Net Banking"
5702,172,2025-03-04,Laptop,Electronics,2,55000.00,110000.00,UPI
5703,173,2025-03-18,Smartphone,Electronics,3,30000.00,90000.00,Card
5704,174,2025-04-01,Headphones,Electronics,1,2500.00,2500.00,Cash
5705,175,2025-04-15,Monitor,Electronics,2,12000.00,24000.00,"Net Banking"
5706,176,2025-04-29,Keyboard,Accessories,3,1800.00,5400.00,UPI
5707,177,2025-05-13,Mouse,Accessories,1,900.00,900.00,Card
5708,178,2025-05-27,Smartwatch,Electronics,2,7000.00,14000.00,Cash
5709,179,2025-06-10,Tablet,Electronics,3,22000.00,66000.00,"Net Banking"
5710,180,2025-06-24,Laptop,Electronics,1,55000.00,55000.00,UPI
5711,181,2025-07-08,Smartphone,Electronics,2,30000.00,60000.00,Card
5712,182,2025-07-22,Headphones,Electronics,3,2500.00,7500.00,Cash
5713,183,2025-08-05,Monitor,Electronics,1,12000.00,12000.00,"Net Banking"
5714,184,2025-08-19,Keyboard,Accessories,2,1800.00,3600.00,UPI
5715,185,2025-09-02,Mouse,Accessories,3,900.00,2700.00,Card
5716,186,2025-09-16,Smartwatch,Electronics,1,7000.00,7000.00,Cash
5717,187,2025-09-30,Tablet,Electronics,2,22000.00,44000.00,"Net Banking"
5718,188,2025-10-14,Laptop,Electronics,3,55000.00,165000.00,UPI
5719,189,2025-10-28,Smartphone,Electronics,1,30000.00,30000.00,Card
5720,190,2025-11-11,Headphones,Electronics,2,2500.00,5000.00,Cash
5721,191,2025-11-25,Monitor,Electronics,3,12000.00,36000.00,"Net Banking"
5722,192,2025-12-09,Keyboard,Accessories,1,1800.00,1800.00,UPI
5723,193,2025-12-23,Mouse,Accessories,2,900.00,1800.00,Card
5724,194,2024-07-15,Smartwatch,Electronics,3,7000.00,21000.00,Cash
5725,195,2024-07-29,Tablet,Electronics,1,22000.00,22000.00,"Net Banking"
5726,196,2024-08-12,Laptop,Electronics,2,55000.00,110000.00,UPI
5727,197,2024-08-26,Smartphone,Electronics,3,30000.00,90000.00,Card
5728,198,2024-09-09,Headphones,Electronics,1,2500.00,2500.00,Cash
5729,199,2024-09-23,Monitor,Electronics,2,12000.00,24000.00,"Net Banking"
5730,200,2024-10-07,Keyboard,Accessories,3,1800.00,5400.00,UPI
5731,201,2024-10-21,Mouse,Accessories,1,900.00,900.00,Card
5732,202,2024-11-04,Smartwatch,Electronics,2,7000.00,14000.00,Cash
5733,203,2024-11-18,Tablet,Electronics,3,22000.00,66000.00,"Net Banking"
5734,204,2024-12-02,Laptop,Electronics,1,55000.00,55000.00,UPI
5735,205,2024-12-16,Smartphone,Electronics,2,30000.00,60000.00,Card
5736,206,2024-12-30,Headphones,Electronics,3,2500.00,7500.00,Cash
5737,207,2025-01-13,Monitor,Electronics,1,12000.00,12000.00,"Net Banking"
5738,208,2025-01-27,Keyboard,Accessories,2,1800.00,3600.00,UPI
5739,209,2025-02-10,Mouse,Accessories,3,900.00,2700.00,Card
5740,210,2025-02-24,Smartwatch,Electronics,1,7000.00,7000.00,Cash
5741,211,2025-03-10,Tablet,Electronics,2,22000.00,44000.00,"Net Banking"
5742,212,2025-03-24,Laptop,Electronics,3,55000.00,165000.00,UPI
5743,213,2025-04-07,Smartphone,Electronics,1,30000.00,30000.00,Card
5744,214,2025-04-21,Headphones,Electronics,2,2500.00,5000.00,Cash
5745,215,2025-05-05,Monitor,Electronics,3,12000.00,36000.00,"Net Banking"
5746,216,2025-05-19,Keyboard,Accessories,1,1800.00,1800.00,UPI
5747,217,2025-06-02,Mouse,Accessories,2,900.00,1800.00,Card
5748,218,2025-06-16,Smartwatch,Electronics,3,7000.00,21000.00,Cash
5749,219,2025-06-30,Tablet,Electronics,1,22000.00,22000.00,"Net Banking"
5750,220,2025-07-14,Laptop,Electronics,2,55000.00,110000.00,UPI
5751,221,2025-07-28,Smartphone,Electronics,3,30000.00,90000.00,Card
5752,222,2025-08-11,Headphones,Electronics,1,2500.00,2500.00,Cash
5753,223,2025-08-25,Monitor,Electronics,2,12000.00,24000.00,"Net Banking"
5754,224,2025-09-08,Keyboard,Accessories,3,1800.00,5400.00,UPI
5755,225,2025-09-22,Mouse,Accessories,1,900.00,900.00,Card
5756,226,2025-10-06,Smartwatch,Electronics,2,7000.00,14000.00,Cash
5757,227,2025-10-20,Tablet,Electronics,3,22000.00,66000.00,"Net Banking"
5758,228,2025-11-03,Laptop,Electronics,1,55000.00,55000.00,UPI
5759,229,2025-11-17,Smartphone,Electronics,2,30000.00,60000.00,Card
5760,230,2025-12-01,Headphones,Electronics,3,2500.00,7500.00,Cash
5761,231,2025-12-15,Monitor,Electronics,1,12000.00,12000.00,"Net Banking"
5762,232,2025-12-29,Keyboard,Accessories,2,1800.00,3600.00,UPI
5763,233,2026-01-12,Mouse,Accessories,3,900.00,2700.00,Card
5764,234,2026-01-26,Smartwatch,Electronics,1,7000.00,7000.00,Cash
5765,235,2026-02-09,Tablet,Electronics,2,22000.00,44000.00,"Net Banking"
5766,236,2024-09-01,Laptop,Electronics,3,55000.00,165000.00,UPI
5767,237,2024-09-15,Smartphone,Electronics,1,30000.00,30000.00,Card
5768,238,2024-09-29,Headphones,Electronics,2,2500.00,5000.00,Cash
5769,239,2024-10-13,Monitor,Electronics,3,12000.00,36000.00,"Net Banking"
5770,240,2024-10-27,Keyboard,Accessories,1,1800.00,1800.00,UPI
5771,241,2024-11-10,Mouse,Accessories,2,900.00,1800.00,Card
5772,242,2024-11-24,Smartwatch,Electronics,3,7000.00,21000.00,Cash
5773,243,2024-12-08,Tablet,Electronics,1,22000.00,22000.00,"Net Banking"
5774,244,2024-12-22,Laptop,Electronics,2,55000.00,110000.00,UPI
5775,245,2025-01-05,Smartphone,Electronics,3,30000.00,90000.00,Card
5776,246,2025-01-19,Headphones,Electronics,1,2500.00,2500.00,Cash
5777,247,2025-02-02,Monitor,Electronics,2,12000.00,24000.00,"Net Banking"
5778,248,2025-02-16,Keyboard,Accessories,3,1800.00,5400.00,UPI
5779,249,2025-03-02,Mouse,Accessories,1,900.00,900.00,Card
5780,250,2025-03-16,Smartwatch,Electronics,2,7000.00,14000.00,Cash
5781,251,2025-03-30,Tablet,Electronics,3,22000.00,66000.00,"Net Banking"
5782,252,2025-04-13,Laptop,Electronics,1,55000.00,55000.00,UPI
5783,253,2025-04-27,Smartphone,Electronics,2,30000.00,60000.00,Card
5784,254,2025-05-11,Headphones,Electronics,3,2500.00,7500.00,Cash
5785,255,2025-05-25,Monitor,Electronics,1,12000.00,12000.00,"Net Banking"
5786,256,2025-06-08,Keyboard,Accessories,2,1800.00,3600.00,UPI
5787,257,2025-06-22,Mouse,Accessories,3,900.00,2700.00,Card
5788,258,2025-07-06,Smartwatch,Electronics,1,7000.00,7000.00,Cash
5789,259,2025-07-20,Tablet,Electronics,2,22000.00,44000.00,"Net Banking"
5790,260,2025-08-03,Laptop,Electronics,3,55000.00,165000.00,UPI
5791,261,2025-08-17,Smartphone,Electronics,1,30000.00,30000.00,Card
5792,262,2025-08-31,Headphones,Electronics,2,2500.00,5000.00,Cash
5793,263,2025-09-14,Monitor,Electronics,3,12000.00,36000.00,"Net Banking"
5794,264,2025-09-28,Keyboard,Accessories,1,1800.00,1800.00,UPI
5795,265,2025-10-12,Mouse,Accessories,2,900.00,1800.00,Card
5796,266,2025-10-26,Smartwatch,Electronics,3,7000.00,21000.00,Cash
5797,267,2025-11-09,Tablet,Electronics,1,22000.00,22000.00,"Net Banking"
5798,268,2025-11-23,Laptop,Electronics,2,55000.00,110000.00,UPI
5799,269,2025-12-07,Smartphone,Electronics,3,30000.00,90000.00,Card
5800,270,2025-12-21,Headphones,Electronics,1,2500.00,2500.00,Cash
5801,271,2026-01-04,Monitor,Electronics,2,12000.00,24000.00,"Net Banking"
5802,272,2026-01-18,Keyboard,Accessories,3,1800.00,5400.00,UPI
5803,273,2026-02-01,Mouse,Accessories,1,900.00,900.00,Card
5804,274,2026-02-15,Smartwatch,Electronics,2,7000.00,14000.00,Cash
5805,275,2026-03-01,Tablet,Electronics,3,22000.00,66000.00,"Net Banking"
5806,276,2026-03-15,Laptop,Electronics,1,55000.00,55000.00,UPI
5807,277,2024-10-05,Smartphone,Electronics,2,30000.00,60000.00,Card
5808,278,2024-10-19,Headphones,Electronics,3,2500.00,7500.00,Cash
5809,279,2024-11-02,Monitor,Electronics,1,12000.00,12000.00,"Net Banking"
5810,280,2024-11-16,Keyboard,Accessories,2,1800.00,3600.00,UPI
5811,281,2024-11-30,Mouse,Accessories,3,900.00,2700.00,Card
5812,282,2024-12-14,Smartwatch,Electronics,1,7000.00,7000.00,Cash
5813,283,2024-12-28,Tablet,Electronics,2,22000.00,44000.00,"Net Banking"
5814,284,2025-01-11,Laptop,Electronics,3,55000.00,165000.00,UPI
5815,285,2025-01-25,Smartphone,Electronics,1,30000.00,30000.00,Card
5816,286,2025-02-08,Headphones,Electronics,2,2500.00,5000.00,Cash
5817,287,2025-02-22,Monitor,Electronics,3,12000.00,36000.00,"Net Banking"
5818,288,2025-03-08,Keyboard,Accessories,1,1800.00,1800.00,UPI
5819,289,2025-03-22,Mouse,Accessories,2,900.00,1800.00,Card
5820,290,2025-04-05,Smartwatch,Electronics,3,7000.00,21000.00,Cash
5821,291,2025-04-19,Tablet,Electronics,1,22000.00,22000.00,"Net Banking"
5822,292,2025-05-03,Laptop,Electronics,2,55000.00,110000.00,UPI
5823,293,2025-05-17,Smartphone,Electronics,3,30000.00,90000.00,Card
5824,294,2025-05-31,Headphones,Electronics,1,2500.00,2500.00,Cash
5825,295,2025-06-14,Monitor,Electronics,2,12000.00,24000.00,"Net Banking"
5826,296,2025-06-28,Keyboard,Accessories,3,1800.00,5400.00,UPI
5827,297,2025-07-12,Mouse,Accessories,1,900.00,900.00,Card
5828,298,2025-07-26,Smartwatch,Electronics,2,7000.00,14000.00,Cash
5829,299,2025-08-09,Tablet,Electronics,3,22000.00,66000.00,"Net Banking"
5830,300,2025-08-23,Laptop,Electronics,1,55000.00,55000.00,UPI
5831,301,2025-09-06,Smartphone,Electronics,2,30000.00,60000.00,Card
5832,302,2025-09-20,Headphones,Electronics,3,2500.00,7500.00,Cash
5833,303,2025-10-04,Monitor,Electronics,1,12000.00,12000.00,"Net Banking"
5834,304,2025-10-18,Keyboard,Accessories,2,1800.00,3600.00,UPI
5835,305,2025-11-01,Mouse,Accessories,3,900.00,2700.00,Card
5836,306,2025-11-15,Smartwatch,Electronics,1,7000.00,7000.00,Cash
5837,307,2025-11-29,Tablet,Electronics,2,22000.00,44000.00,"Net Banking"
5838,308,2025-12-13,Laptop,Electronics,3,55000.00,165000.00,UPI
5839,309,2025-12-27,Smartphone,Electronics,1,30000.00,30000.00,Card
5840,310,2026-01-10,Headphones,Electronics,2,2500.00,5000.00,Cash
5841,311,2026-01-24,Monitor,Electronics,3,12000.00,36000.00,"Net Banking"
5842,312,2026-02-07,Keyboard,Accessories,1,1800.00,1800.00,UPI
5843,313,2026-02-21,Mouse,Accessories,2,900.00,1800.00,Card
5844,314,2026-03-07,Smartwatch,Electronics,3,7000.00,21000.00,Cash
5845,315,2026-03-21,Tablet,Electronics,1,22000.00,22000.00,"Net Banking"
5846,316,2026-04-04,Laptop,Electronics,2,55000.00,110000.00,UPI
5847,317,2026-04-18,Smartphone,Electronics,3,30000.00,90000.00,Card
5848,318,2026-05-02,Headphones,Electronics,1,2500.00,2500.00,Cash
5849,319,2024-11-22,Monitor,Electronics,2,12000.00,24000.00,"Net Banking"
5850,320,2024-12-06,Keyboard,Accessories,3,1800.00,5400.00,UPI
5851,321,2024-12-20,Mouse,Accessories,1,900.00,900.00,Card
5852,322,2025-01-03,Smartwatch,Electronics,2,7000.00,14000.00,Cash
5853,323,2025-01-17,Tablet,Electronics,3,22000.00,66000.00,"Net Banking"
5854,324,2025-01-31,Laptop,Electronics,1,55000.00,55000.00,UPI
5855,325,2025-02-14,Smartphone,Electronics,2,30000.00,60000.00,Card
5856,326,2025-02-28,Headphones,Electronics,3,2500.00,7500.00,Cash
5857,327,2025-03-14,Monitor,Electronics,1,12000.00,12000.00,"Net Banking"
5858,328,2025-03-28,Keyboard,Accessories,2,1800.00,3600.00,UPI
5859,329,2025-04-11,Mouse,Accessories,3,900.00,2700.00,Card
5860,330,2025-04-25,Smartwatch,Electronics,1,7000.00,7000.00,Cash
5861,331,2025-05-09,Tablet,Electronics,2,22000.00,44000.00,"Net Banking"
5862,332,2025-05-23,Laptop,Electronics,3,55000.00,165000.00,UPI
5863,333,2025-06-06,Smartphone,Electronics,1,30000.00,30000.00,Card
5864,334,2025-06-20,Headphones,Electronics,2,2500.00,5000.00,Cash
5865,335,2025-07-04,Monitor,Electronics,3,12000.00,36000.00,"Net Banking"
5866,336,2025-07-18,Keyboard,Accessories,1,1800.00,1800.00,UPI
5867,337,2025-08-01,Mouse,Accessories,2,900.00,1800.00,Card
5868,338,2025-08-15,Smartwatch,Electronics,3,7000.00,21000.00,Cash
5869,339,2025-08-29,Tablet,Electronics,1,22000.00,22000.00,"Net Banking"
5870,340,2025-09-12,Laptop,Electronics,2,55000.00,110000.00,UPI
5871,341,2025-09-26,Smartphone,Electronics,3,30000.00,90000.00,Card
5872,342,2025-10-10,Headphones,Electronics,1,2500.00,2500.00,Cash
5873,343,2025-10-24,Monitor,Electronics,2,12000.00,24000.00,"Net Banking"
5874,344,2025-11-07,Keyboard,Accessories,3,1800.00,5400.00,UPI
5875,345,2025-11-21,Mouse,Accessories,1,900.00,900.00,Card
5876,346,2025-12-05,Smartwatch,Electronics,2,7000.00,14000.00,Cash
5877,347,2025-12-19,Tablet,Electronics,3,22000.00,66000.00,"Net Banking"
5878,348,2026-01-02,Laptop,Electronics,1,55000.00,55000.00,UPI
5879,349,2026-01-16,Smartphone,Electronics,2,30000.00,60000.00,Card
5880,350,2026-01-30,Headphones,Electronics,3,2500.00,7500.00,Cash
5881,351,2026-02-13,Monitor,Electronics,1,12000.00,12000.00,"Net Banking"
5882,352,2026-02-27,Keyboard,Accessories,2,1800.00,3600.00,UPI
5883,353,2026-03-13,Mouse,Accessories,3,900.00,2700.00,Card
5884,354,2026-03-27,Smartwatch,Electronics,1,7000.00,7000.00,Cash
5885,355,2026-04-10,Tablet,Electronics,2,22000.00,44000.00,"Net Banking"
5886,356,2026-04-24,Laptop,Electronics,3,55000.00,165000.00,UPI
5887,357,2026-05-08,Smartphone,Electronics,1,30000.00,30000.00,Card
5888,358,2026-05-22,Headphones,Electronics,2,2500.00,5000.00,Cash
5889,359,2026-06-05,Monitor,Electronics,3,12000.00,36000.00,"Net Banking"
5890,360,2024-12-26,Keyboard,Accessories,1,1800.00,1800.00,UPI
5891,361,2025-01-09,Mouse,Accessories,2,900.00,1800.00,Card
5892,362,2025-01-23,Smartwatch,Electronics,3,7000.00,21000.00,Cash
5893,363,2025-02-06,Tablet,Electronics,1,22000.00,22000.00,"Net Banking"
5894,364,2025-02-20,Laptop,Electronics,2,55000.00,110000.00,UPI
5895,365,2024-03-06,Smartphone,Electronics,3,30000.00,90000.00,Card
5896,366,2024-03-20,Headphones,Electronics,1,2500.00,2500.00,Cash
5897,367,2024-04-03,Monitor,Electronics,2,12000.00,24000.00,"Net Banking"
5898,368,2024-04-17,Keyboard,Accessories,3,1800.00,5400.00,UPI
5899,369,2024-05-01,Mouse,Accessories,1,900.00,900.00,Card
5900,370,2024-05-15,Smartwatch,Electronics,2,7000.00,14000.00,Cash
5901,371,2024-05-29,Tablet,Electronics,3,22000.00,66000.00,"Net Banking"
5902,372,2024-06-12,Laptop,Electronics,1,55000.00,55000.00,UPI
5903,373,2024-06-26,Smartphone,Electronics,2,30000.00,60000.00,Card
5904,374,2024-07-10,Headphones,Electronics,3,2500.00,7500.00,Cash
5905,375,2024-07-24,Monitor,Electronics,1,12000.00,12000.00,"Net Banking"
5906,376,2024-08-07,Keyboard,Accessories,2,1800.00,3600.00,UPI
5907,377,2024-08-21,Mouse,Accessories,3,900.00,2700.00,Card
5908,378,2024-09-04,Smartwatch,Electronics,1,7000.00,7000.00,Cash
5909,379,2024-09-18,Tablet,Electronics,2,22000.00,44000.00,"Net Banking"
5910,380,2024-10-02,Laptop,Electronics,3,55000.00,165000.00,UPI
5911,381,2024-10-16,Smartphone,Electronics,1,30000.00,30000.00,Card
5912,382,2024-10-30,Headphones,Electronics,2,2500.00,5000.00,Cash
5913,383,2024-11-13,Monitor,Electronics,3,12000.00,36000.00,"Net Banking"
5914,384,2024-11-27,Keyboard,Accessories,1,1800.00,1800.00,UPI
5915,385,2024-12-11,Mouse,Accessories,2,900.00,1800.00,Card
5916,386,2024-12-25,Smartwatch,Electronics,3,7000.00,21000.00,Cash
5917,387,2025-01-08,Tablet,Electronics,1,22000.00,22000.00,"Net Banking"
5918,388,2025-01-22,Laptop,Electronics,2,55000.00,110000.00,UPI
5919,389,2025-02-05,Smartphone,Electronics,3,30000.00,90000.00,Card
5920,390,2025-02-19,Headphones,Electronics,1,2500.00,2500.00,Cash
5921,391,2025-03-05,Monitor,Electronics,2,12000.00,24000.00,"Net Banking"
5922,392,2025-03-19,Keyboard,Accessories,3,1800.00,5400.00,UPI
5923,393,2025-04-02,Mouse,Accessories,1,900.00,900.00,Card
5924,394,2025-04-16,Smartwatch,Electronics,2,7000.00,14000.00,Cash
5925,395,2025-04-30,Tablet,Electronics,3,22000.00,66000.00,"Net Banking"
5926,396,2025-05-14,Laptop,Electronics,1,55000.00,55000.00,UPI
5927,397,2025-05-28,Smartphone,Electronics,2,30000.00,60000.00,Card
5928,398,2025-06-11,Headphones,Electronics,3,2500.00,7500.00,Cash
5929,399,2025-06-25,Monitor,Electronics,1,12000.00,12000.00,"Net Banking"
5930,400,2025-07-09,Keyboard,Accessories,2,1800.00,3600.00,UPI
5931,401,2025-07-23,Mouse,Accessories,3,900.00,2700.00,Card
5932,402,2024-02-13,Smartwatch,Electronics,1,7000.00,7000.00,Cash
5933,403,2024-02-27,Tablet,Electronics,2,22000.00,44000.00,"Net Banking"
5934,404,2024-03-12,Laptop,Electronics,3,55000.00,165000.00,UPI
5935,405,2024-03-26,Smartphone,Electronics,1,30000.00,30000.00,Card
5936,406,2024-04-09,Headphones,Electronics,2,2500.00,5000.00,Cash
5937,407,2024-04-23,Monitor,Electronics,3,12000.00,36000.00,"Net Banking"
5938,408,2024-05-07,Keyboard,Accessories,1,1800.00,1800.00,UPI
5939,409,2024-05-21,Mouse,Accessories,2,900.00,1800.00,Card
5940,410,2024-06-04,Smartwatch,Electronics,3,7000.00,21000.00,Cash
5941,411,2024-06-18,Tablet,Electronics,1,22000.00,22000.00,"Net Banking"
5942,412,2024-07-02,Laptop,Electronics,2,55000.00,110000.00,UPI
5943,413,2024-07-16,Smartphone,Electronics,3,30000.00,90000.00,Card
5944,414,2024-07-30,Headphones,Electronics,1,2500.00,2500.00,Cash
5945,415,2024-08-13,Monitor,Electronics,2,12000.00,24000.00,"Net Banking"
5946,416,2024-08-27,Keyboard,Accessories,3,1800.00,5400.00,UPI
5947,417,2024-09-10,Mouse,Accessories,1,900.00,900.00,Card
5948,418,2024-09-24,Smartwatch,Electronics,2,7000.00,14000.00,Cash
5949,419,2024-10-08,Tablet,Electronics,3,22000.00,66000.00,"Net Banking"
5950,420,2024-10-22,Laptop,Electronics,1,55000.00,55000.00,UPI
5951,421,2024-11-05,Smartphone,Electronics,2,30000.00,60000.00,Card
5952,422,2024-11-19,Headphones,Electronics,3,2500.00,7500.00,Cash
5953,423,2024-12-03,Monitor,Electronics,1,12000.00,12000.00,"Net Banking"
5954,424,2024-12-17,Keyboard,Accessories,2,1800.00,3600.00,UPI
5955,425,2024-12-31,Mouse,Accessories,3,900.00,2700.00,Card
5956,426,2025-01-14,Smartwatch,Electronics,1,7000.00,7000.00,Cash
5957,427,2025-01-28,Tablet,Electronics,2,22000.00,44000.00,"Net Banking"
5958,428,2025-02-11,Laptop,Electronics,3,55000.00,165000.00,UPI
5959,429,2025-02-25,Smartphone,Electronics,1,30000.00,30000.00,Card
5960,430,2025-03-11,Headphones,Electronics,2,2500.00,5000.00,Cash
5961,431,2025-03-25,Monitor,Electronics,3,12000.00,36000.00,"Net Banking"
5962,432,2025-04-08,Keyboard,Accessories,1,1800.00,1800.00,UPI
5963,433,2025-04-22,Mouse,Accessories,2,900.00,1800.00,Card
5964,434,2025-05-06,Smartwatch,Electronics,3,7000.00,21000.00,Cash
5965,435,2025-05-20,Tablet,Electronics,1,22000.00,22000.00,"Net Banking"
5966,436,2025-06-03,Laptop,Electronics,2,55000.00,110000.00,UPI
5967,437,2025-06-17,Smartphone,Electronics,3,30000.00,90000.00,Card
5968,438,2025-07-01,Headphones,Electronics,1,2500.00,2500.00,Cash
5969,439,2025-07-15,Monitor,Electronics,2,12000.00,24000.00,"Net Banking"
5970,440,2025-07-29,Keyboard,Accessories,3,1800.00,5400.00,UPI
5971,441,2025-08-12,Mouse,Accessories,1,900.00,900.00,Card
5972,442,2025-08-26,Smartwatch,Electronics,2,7000.00,14000.00,Cash
5973,443,2025-09-09,Tablet,Electronics,3,22000.00,66000.00,"Net Banking"
5974,444,2024-04-01,Laptop,Electronics,1,55000.00,55000.00,UPI
5975,445,2024-04-15,Smartphone,Electronics,2,30000.00,60000.00,Card
5976,446,2024-04-29,Headphones,Electronics,3,2500.00,7500.00,Cash
5977,447,2024-05-13,Monitor,Electronics,1,12000.00,12000.00,"Net Banking"
5978,448,2024-05-27,Keyboard,Accessories,2,1800.00,3600.00,UPI
5979,449,2024-06-10,Mouse,Accessories,3,900.00,2700.00,Card
5980,450,2024-06-24,Smartwatch,Electronics,1,7000.00,7000.00,Cash
5981,451,2024-07-08,Tablet,Electronics,2,22000.00,44000.00,"Net Banking"
5982,452,2024-07-22,Laptop,Electronics,3,55000.00,165000.00,UPI
5983,453,2024-08-05,Smartphone,Electronics,1,30000.00,30000.00,Card
5984,454,2024-08-19,Headphones,Electronics,2,2500.00,5000.00,Cash
5985,455,2024-09-02,Monitor,Electronics,3,12000.00,36000.00,"Net Banking"
5986,456,2024-09-16,Keyboard,Accessories,1,1800.00,1800.00,UPI
5987,457,2024-09-30,Mouse,Accessories,2,900.00,1800.00,Card
5988,458,2024-10-14,Smartwatch,Electronics,3,7000.00,21000.00,Cash
5989,459,2024-10-28,Tablet,Electronics,1,22000.00,22000.00,"Net Banking"
5990,460,2024-11-11,Laptop,Electronics,2,55000.00,110000.00,UPI
5991,461,2024-11-25,Smartphone,Electronics,3,30000.00,90000.00,Card
5992,462,2024-12-09,Headphones,Electronics,1,2500.00,2500.00,Cash
5993,463,2024-12-23,Monitor,Electronics,2,12000.00,24000.00,"Net Banking"
5994,464,2025-01-06,Keyboard,Accessories,3,1800.00,5400.00,UPI
5995,465,2025-01-20,Mouse,Accessories,1,900.00,900.00,Card
5996,466,2025-02-03,Smartwatch,Electronics,2,7000.00,14000.00,Cash
5997,467,2025-02-17,Tablet,Electronics,3,22000.00,66000.00,"Net Banking"
5998,468,2025-03-03,Laptop,Electronics,1,55000.00,55000.00,UPI
5999,469,2025-03-17,Smartphone,Electronics,2,30000.00,60000.00,Card
6000,470,2025-03-31,Headphones,Electronics,3,2500.00,7500.00,Cash
